Order No,Extern Order No,Order Date,Allocation Date,Order Type,SKU Code,SKU Description,Size,Pick Date,Pick User,Bin,Qty,Pack Size ,Brand Code,Primary Supplier,Supplier SKU,LPN,Pack User,Customer Name,Picklist No.,Source WH
PWH20127,ERP-B2B-SALE-2026-23367,2026-08-10 13:28:00,2026-08-13 11:14:00,Third Party,STT2509005076,172 Pages Children Notebook |4 line with Gap English Interleaf Set of 6 - Earth,Size,2026-08-13 11:17:00,deepakb2b,GP_B2B,10,,PW,STT2509005076,Default Vendor,PRIME260800025766,Princeob,Zepto Private Limited,55108,PWH
PWH20127,ERP-B2B-SALE-2026-23367,2026-08-10 13:28:00,2026-08-13 11:14:00,Third Party,STT2509005076,172 Pages Children Notebook |4 line with Gap English Interleaf Set of 6 - Earth,Size,2026-08-13 11:17:00,deepakb2b,GP_B2B,10,,PW,STT2509005076,Default Vendor,PRIME260800025762,Princeob,Zepto Private Limited,55108,PWH
PWH20127,ERP-B2B-SALE-2026-23367,2026-08-10 13:28:00,2026-08-13 11:14:00,Third Party,STT2509005076,172 Pages Children Notebook |4 line with Gap English Interleaf Set of 6 - Earth,Size,2026-08-13 11:17:00,deepakb2b,GP_B2B,10,,PW,STT2509005076,Default Vendor,PRIME260800025763,Princeob,Zepto Private Limited,55108,PWH
PWH20127,ERP-B2B-SALE-2026-23367,2026-08-10 13:28:00,2026-08-13 11:14:00,Third Party,STT2509005076,172 Pages Children Notebook |4 line with Gap English Interleaf Set of 6 - Earth,Size,2026-08-13 11:17:00,deepakb2b,GP_B2B,10,,PW,STT2509005076,Default Vendor,PRIME260800025764,Princeob,Zepto Private Limited,55108,PWH
PWH20127,ERP-B2B-SALE-2026-23367,2026-08-10 13:28:00,2026-08-13 11:14:00,Third Party,STT2509005076,172 Pages Children Notebook |4 line with Gap English Interleaf Set of 6 - Earth,Size,2026-08-13 11:17:00,deepakb2b,GP_B2B,10,,PW,STT2509005076,Default Vendor,PRIME260800025765,Princeob,Zepto Private Limited,55108,PWH
PWH20155,ERP-B2B-SALE-2026-23372,2026-08-10 13:29:00,2026-08-11 16:21:00,Third Party,STT2310004881,Trigonal Pen (Set of 5),Size,2026-08-13 10:48:00,Saleem01,MTR.G1.R34.A08.L1.B2,48,,PW,STT2310004881,Default Vendor,PRIME260800026081,Saleem01,Zepto Private Limited,55093,PWH
PWH20155,ERP-B2B-SALE-2026-23372,2026-08-10 13:29:00,2026-08-13 11:34:00,Third Party,STT2310004881,Trigonal Pen (Set of 5),Size,2026-08-13 11:56:00,deepakb2b,GP_B2B,50,,PW,STT2310004881,Default Vendor,PRIME260800025761,Saleem01,Zepto Private Limited,55121,PWH
PWH20155,ERP-B2B-SALE-2026-23372,2026-08-10 13:29:00,2026-08-13 11:34:00,Third Party,STT2310004881,Trigonal Pen (Set of 5),Size,2026-08-13 11:56:00,deepakb2b,GP_B2B,2,,PW,STT2310004881,Default Vendor,PRIME260800026081,Saleem01,Zepto Private Limited,55121,PWH
PWH20157,ERP-B2B-SALE-2026-23375,2026-08-10 13:29:00,2026-08-13 11:56:00,Third Party,STT2310004881,Trigonal Pen (Set of 5),Size,2026-08-13 12:18:00,Saleem01,GP_B2B,40,,PW,STT2310004881,Default Vendor,PRIME260800025758,Princeob,ZEPTO MUMBAI WAREHOUSE,55126,PWH
PWH20157,ERP-B2B-SALE-2026-23375,2026-08-10 13:29:00,2026-08-13 11:56:00,Third Party,STT2310004881,Trigonal Pen (Set of 5),Size,2026-08-13 12:18:00,Saleem01,GP_B2B,50,,PW,STT2310004881,Default Vendor,PRIME260800025756,Princeob,ZEPTO MUMBAI WAREHOUSE,55126,PWH
PWH20157,ERP-B2B-SALE-2026-23375,2026-08-10 13:29:00,2026-08-13 11:56:00,Third Party,STT2310004881,Trigonal Pen (Set of 5),Size,2026-08-13 12:18:00,Saleem01,GP_B2B,50,,PW,STT2310004881,Default Vendor,PRIME260800025757,Princeob,ZEPTO MUMBAI WAREHOUSE,55126,PWH
PWH20159,ERP-B2B-SALE-2026-23373,2026-08-10 13:29:00,2026-08-11 11:32:00,Third Party,ATV2502005548,"PW Science Kit for School Projects Age 8,9,10,11,12,13,14 & 15 Years Old | 25+ Science Experiments | Educational Learning STEM Toys | Science Gift Set for Girls & Boys",,2026-08-13 10:53:00,vikasb2b,GP_KIT_08,6,,PW,ATV2502005548,Default Vendor,PRIME260800025741,Princeob,ZEPTO CHENNAI WAREHOUSE,54688,PWH
PWH20159,ERP-B2B-SALE-2026-23373,2026-08-10 13:29:00,2026-08-11 11:32:00,Third Party,ATV2509005635,"Curious Jr. Light, Shadow & Optical Instruments Project Kit for Kids Ages 8, 9, 10, 11, 12, 13, 14 Years | STEM Learning & Educational Toy, Kit| Kaleidoscope | Periscope | Pinhole camera",,2026-08-13 10:45:00,vikasb2b,MTR.G2.R20.A05.L4.B2,6,,PW,ATV2509005635,Default Vendor,PRIME260800025720,Princeob,ZEPTO CHENNAI WAREHOUSE,54688,PWH
PWH20159,ERP-B2B-SALE-2026-23373,2026-08-10 13:29:00,2026-08-11 11:32:00,Third Party,ATV2508005629,"PW CuriousJr. Electricity & Magnetism Science Project Kit for Boys & Girls Age 8, 9, 10, 11, 12, 13, 14 Years| STEM Learning | Educational Toy and Experiment Kit",,2026-08-13 10:46:00,vikasb2b,CA.MTR.G2.R10,12,,PW,ATV2508005629,Default Vendor,PRIME260800025739,Princeob,ZEPTO CHENNAI WAREHOUSE,54688,PWH
PWH20159,ERP-B2B-SALE-2026-23373,2026-08-10 13:29:00,2026-08-11 11:32:00,Third Party,ATV2511591235,"PW DIY Glow In the Dark Science Kit for Kids, 15+ Amazing Science Experiments, STEM Learning for 8-12 Years Old, Christmas Gift for Boys & Girls",,2026-08-13 10:48:00,vikasb2b,CA.MTR.G1.R12,6,,PW,ATV2511591235,Default Vendor,PRIME260800025742,Princeob,ZEPTO CHENNAI WAREHOUSE,54688,PWH
PWH20159,ERP-B2B-SALE-2026-23373,2026-08-10 13:29:00,2026-08-11 11:32:00,Third Party,ATV2602019180,"PW Slime Kit for Girls and Boys Age 4,5,6,7,8,9,10,11,12,13,14 Years Old, Unicorn, Astronaut, Mermaid, Dinosaurs, Glitters and Perfume Slime Kit | Birthday Gifts for Boys and Girls",Size,2026-08-13 10:50:00,vikasb2b,CA.MTR.G0.R10,6,,PW,ATV2602019180,Default Vendor,PRIME260800025744,Princeob,ZEPTO CHENNAI WAREHOUSE,54688,PWH
PWH20159,ERP-B2B-SALE-2026-23373,2026-08-10 13:29:00,2026-08-11 11:32:00,Third Party,STT2307004673,White Board Marker-Black,,2026-08-13 10:40:00,vikasb2b,MTR.G2.R42.A03.L4.B2,40,,PW,STT2307004673,Default Vendor,PRIME260800025734,Princeob,ZEPTO CHENNAI WAREHOUSE,54688,PWH
PWH20159,ERP-B2B-SALE-2026-23373,2026-08-10 13:29:00,2026-08-11 11:32:00,Third Party,STT2307004673,White Board Marker-Black,,2026-08-13 10:40:00,vikasb2b,MTR.G2.R42.A03.L4.B2,40,,PW,STT2307004673,Default Vendor,PRIME260800025736,Princeob,ZEPTO CHENNAI WAREHOUSE,54688,PWH
PWH20159,ERP-B2B-SALE-2026-23373,2026-08-10 13:29:00,2026-08-11 11:32:00,Third Party,STT2307004673,White Board Marker-Black,,2026-08-13 10:40:00,vikasb2b,MTR.G2.R42.A03.L4.B2,40,,PW,STT2307004673,Default Vendor,PRIME260800025735,Princeob,ZEPTO CHENNAI WAREHOUSE,54688,PWH
PWH20159,ERP-B2B-SALE-2026-23373,2026-08-10 13:29:00,2026-08-11 11:32:00,Third Party,ATV2508005629,"PW CuriousJr. Electricity & Magnetism Science Project Kit for Boys & Girls Age 8, 9, 10, 11, 12, 13, 14 Years| STEM Learning | Educational Toy and Experiment Kit",,2026-08-13 10:46:00,vikasb2b,CA.MTR.G2.R10,6,,PW,ATV2508005629,Default Vendor,PRIME260800025740,Princeob,ZEPTO CHENNAI WAREHOUSE,54688,PWH
PWH20159,ERP-B2B-SALE-2026-23373,2026-08-10 13:29:00,2026-08-11 11:32:00,Third Party,ATV2602019180,"PW Slime Kit for Girls and Boys Age 4,5,6,7,8,9,10,11,12,13,14 Years Old, Unicorn, Astronaut, Mermaid, Dinosaurs, Glitters and Perfume Slime Kit | Birthday Gifts for Boys and Girls",Size,2026-08-13 10:50:00,vikasb2b,CA.MTR.G0.R10,12,,PW,ATV2602019180,Default Vendor,PRIME260800025738,Princeob,ZEPTO CHENNAI WAREHOUSE,54688,PWH
PWH20159,ERP-B2B-SALE-2026-23373,2026-08-10 13:29:00,2026-08-11 11:32:00,Third Party,ATV2602019180,"PW Slime Kit for Girls and Boys Age 4,5,6,7,8,9,10,11,12,13,14 Years Old, Unicorn, Astronaut, Mermaid, Dinosaurs, Glitters and Perfume Slime Kit | Birthday Gifts for Boys and Girls",Size,2026-08-13 10:50:00,vikasb2b,CA.MTR.G0.R10,12,,PW,ATV2602019180,Default Vendor,PRIME260800025737,Princeob,ZEPTO CHENNAI WAREHOUSE,54688,PWH
PWH20159,ERP-B2B-SALE-2026-23373,2026-08-10 13:29:00,2026-08-11 11:32:00,Third Party,ATV2602019180,"PW Slime Kit for Girls and Boys Age 4,5,6,7,8,9,10,11,12,13,14 Years Old, Unicorn, Astronaut, Mermaid, Dinosaurs, Glitters and Perfume Slime Kit | Birthday Gifts for Boys and Girls",Size,2026-08-13 10:50:00,vikasb2b,CA.MTR.G0.R10,12,,PW,ATV2602019180,Default Vendor,PRIME260800025747,Princeob,ZEPTO CHENNAI WAREHOUSE,54688,PWH
PWH20159,ERP-B2B-SALE-2026-23373,2026-08-10 13:29:00,2026-08-11 11:32:00,Third Party,ATV2602019180,"PW Slime Kit for Girls and Boys Age 4,5,6,7,8,9,10,11,12,13,14 Years Old, Unicorn, Astronaut, Mermaid, Dinosaurs, Glitters and Perfume Slime Kit | Birthday Gifts for Boys and Girls",Size,2026-08-13 10:50:00,vikasb2b,CA.MTR.G0.R10,12,,PW,ATV2602019180,Default Vendor,PRIME260800025746,Princeob,ZEPTO CHENNAI WAREHOUSE,54688,PWH
PWH20159,ERP-B2B-SALE-2026-23373,2026-08-10 13:29:00,2026-08-11 11:32:00,Third Party,ATV2602019180,"PW Slime Kit for Girls and Boys Age 4,5,6,7,8,9,10,11,12,13,14 Years Old, Unicorn, Astronaut, Mermaid, Dinosaurs, Glitters and Perfume Slime Kit | Birthday Gifts for Boys and Girls",Size,2026-08-13 10:50:00,vikasb2b,CA.MTR.G0.R10,12,,PW,ATV2602019180,Default Vendor,PRIME260800025745,Princeob,ZEPTO CHENNAI WAREHOUSE,54688,PWH
PWH20159,ERP-B2B-SALE-2026-23373,2026-08-10 13:29:00,2026-08-13 11:56:00,Third Party,STT2310004881,Trigonal Pen (Set of 5),Size,2026-08-13 12:18:00,Saleem01,GP_B2B,40,,PW,STT2310004881,Default Vendor,PRIME260800025755,Princeob,ZEPTO CHENNAI WAREHOUSE,55126,PWH
PWH20159,ERP-B2B-SALE-2026-23373,2026-08-10 13:29:00,2026-08-13 11:56:00,Third Party,STT2310004881,Trigonal Pen (Set of 5),Size,2026-08-13 12:18:00,Saleem01,GP_B2B,40,,PW,STT2310004881,Default Vendor,PRIME260800025760,Princeob,ZEPTO CHENNAI WAREHOUSE,55126,PWH
PWH20258,ERP-B2B-SALE-2026-23522,2026-08-12 14:35:00,2026-08-12 15:38:00,FOC,BKP2605021208,"PW CBSE Question & Concept Bank (QCB) Class 10 Maths (Std), Science, Social Science, English, Hindi-A Combo Set of 5 Books Chapterwise & Topicwise Solved Questions For 2027 Exams",Size,2026-08-13 03:15:00,ManishKY,GP_B2B,1,,PW,BKP2605021208,Default Vendor,PRIME260800024740,rahul07,Himanshu,55018,PWH
PWH20275,ERP-B2B-SALE-2026-23519,2026-08-12 13:42:00,2026-08-12 18:17:00,FOC,BKP2602418406,PW CBSE Class 11 Question & Concept Bank (QCB) Mathematics Chapter-wclass 11 maths question bankise and Topic-wise Solved Questions For 2027 Exams with Competency Based Question,,2026-08-13 00:57:00,ManishKY,SPR.R20.A7.L1.B4,5,,PW,BKP2602418406,Default Vendor,PRIME260800024743,deepanshu2,Sandeep Seth,55039,PWH
PWH20275,ERP-B2B-SALE-2026-23519,2026-08-12 13:42:00,2026-08-12 18:17:00,FOC,BKP2602019095,PW CBSE Class 11 Question & Concept Bank (QCB) Biology Chapter-wise and Topic-wise Solved Questions For 2027 Exams with Competency Based Question,,2026-08-13 01:07:00,ManishKY,SPR.R15.A2.L0.B2,2,,PW,BKP2602019095,Default Vendor,PRIME260700066087,deepanshu2,Sandeep Seth,55039,PWH
PWH20275,ERP-B2B-SALE-2026-23519,2026-08-12 13:42:00,2026-08-12 18:17:00,FOC,BKP2602019095,PW CBSE Class 11 Question & Concept Bank (QCB) Biology Chapter-wise and Topic-wise Solved Questions For 2027 Exams with Competency Based Question,,2026-08-13 01:03:00,ManishKY,SPR.R26.A8.L0.B4,1,,PW,BKP2602019095,Default Vendor,PRIME260800024743,deepanshu2,Sandeep Seth,55039,PWH
PWH20275,ERP-B2B-SALE-2026-23519,2026-08-12 13:42:00,2026-08-12 18:17:00,FOC,BKP2602019095,PW CBSE Class 11 Question & Concept Bank (QCB) Biology Chapter-wise and Topic-wise Solved Questions For 2027 Exams with Competency Based Question,,2026-08-13 02:14:00,ManishKY,SPR.R15.A2.L0.B2,1,,PW,BKP2602019095,Default Vendor,PRIME260800024743,deepanshu2,Sandeep Seth,55039,PWH
PWH20275,ERP-B2B-SALE-2026-23519,2026-08-12 13:42:00,2026-08-12 18:17:00,FOC,BKP2601018269,ICSE Radiant Class-9th Module English Language Paper-1 Edition 2026,,2026-08-13 00:48:00,ManishKY,SPR.R4.A4.L1.B2,1,,PW,BKP2601018269,Default Vendor,PRIME260800024743,deepanshu2,Sandeep Seth,55039,PWH
PWH20275,ERP-B2B-SALE-2026-23519,2026-08-12 13:42:00,2026-08-12 18:17:00,FOC,BKP2601018270,ICSE Radiant Class-9th Module History and Civics Edition 2026,,2026-08-13 00:58:00,ManishKY,SPR.R22.A7.L1.B4,1,,PW,BKP2601018270,Default Vendor,PRIME260800024743,deepanshu2,Sandeep Seth,55039,PWH
PWH20275,ERP-B2B-SALE-2026-23519,2026-08-12 13:42:00,2026-08-12 18:17:00,FOC,BKP2601018273,ICSE Radiant Class-9th Module Mathematics Edition 2026,,2026-08-13 00:52:00,ManishKY,SPR.R13.A2.L0.B1,1,,PW,BKP2601018273,Default Vendor,PRIME260800024743,deepanshu2,Sandeep Seth,55039,PWH
PWH20275,ERP-B2B-SALE-2026-23519,2026-08-12 13:42:00,2026-08-12 18:17:00,FOC,BKP2601938700,ICSE Radiant Class-9th Module Physics Edition 2026,,2026-08-13 01:01:00,ManishKY,SPR.R25.A3.L0.B4,1,,PW,BKP2601938700,Default Vendor,PRIME260800024743,deepanshu2,Sandeep Seth,55039,PWH
PWH20275,ERP-B2B-SALE-2026-23519,2026-08-12 13:42:00,2026-08-12 18:17:00,FOC,BKP2601010315,ICSE Victory Class 10th Module Chemistry Edition 2026,,2026-08-13 01:00:00,ManishKY,SPR.R21.A1.L1.B4,1,,PW,BKP2601010315,Default Vendor,PRIME260800024743,deepanshu2,Sandeep Seth,55039,PWH
PWH20275,ERP-B2B-SALE-2026-23519,2026-08-12 13:42:00,2026-08-12 18:17:00,FOC,BKP2601018260,ICSE Victory Class 10th Module English Language,,2026-08-13 01:06:00,ManishKY,SPR.R16.A9.L1.B1,1,,PW,BKP2601018260,Default Vendor,PRIME260800024743,deepanshu2,Sandeep Seth,55039,PWH
PWH20275,ERP-B2B-SALE-2026-23519,2026-08-12 13:42:00,2026-08-12 18:17:00,FOC,BKP2601018262,ICSE Victory Class-10th Module Geography Edition 2026,,2026-08-13 00:55:00,ManishKY,SPR.R19.A2.L1.B4,1,,PW,BKP2601018262,Default Vendor,PRIME260800024743,deepanshu2,Sandeep Seth,55039,PWH
PWH20275,ERP-B2B-SALE-2026-23519,2026-08-12 13:42:00,2026-08-12 18:17:00,FOC,BKP2601018266,ICSE Victory Class-10th Module Literature in English Edition 2026,,2026-08-13 00:47:00,ManishKY,SPR.R1.A13.L1.B2,1,,PW,BKP2601018266,Default Vendor,PRIME260800024743,deepanshu2,Sandeep Seth,55039,PWH
PWH20275,ERP-B2B-SALE-2026-23519,2026-08-12 13:42:00,2026-08-12 18:17:00,FOC,BKP2604020285,"PW ICSE Class 10 Question & Concept Bank English Paper 1 (Language) for 2027 Exam | Chapterwise & Topicwise By Nupur Sharma | Reading, Writing & Grammar Skills | Important Practice Questions",,2026-08-13 00:51:00,ManishKY,SPR.R13.A10.L0.B3,1,,PW,BKP2604020285,Default Vendor,PRIME260800024743,deepanshu2,Sandeep Seth,55039,PWH
PWH20275,ERP-B2B-SALE-2026-23519,2026-08-12 13:42:00,2026-08-12 18:17:00,FOC,BKP2604020297,PW ICSE Class 10 Question & Concept Bank History and Civics for 2027 Exam | Chapterwise & Topicwise By Kunal Sir & Sameer Sir | Solved PYQs | 40% Competency & Application Based Practice Questions,,2026-08-13 01:08:00,ManishKY,SPR.R13.A12.L1.B3,1,,PW,BKP2604020297,Default Vendor,PRIME260800024743,deepanshu2,Sandeep Seth,55039,PWH
PWH20275,ERP-B2B-SALE-2026-23519,2026-08-12 13:42:00,2026-08-12 18:17:00,FOC,BKP2602019097,PW CBSE Question & Concept Bank (QCB) Class 12 Chemistry Chapter-wise and Topic-wise Solved Questions By Shourya Mam & Aakash Sir For 2027 Board Exams with 50% Competency Based Question,,2026-08-13 01:02:00,ManishKY,SPR.R26.A2.L0.B3,1,,PW,BKP2602019097,Default Vendor,PRIME260800024743,deepanshu2,Sandeep Seth,55039,PWH
PWH20275,ERP-B2B-SALE-2026-23519,2026-08-12 13:42:00,2026-08-12 18:17:00,FOC,BKP2602019097,PW CBSE Question & Concept Bank (QCB) Class 12 Chemistry Chapter-wise and Topic-wise Solved Questions By Shourya Mam & Aakash Sir For 2027 Board Exams with 50% Competency Based Question,,2026-08-13 01:04:00,ManishKY,SPR.R27.A3.L1.B4,1,,PW,BKP2602019097,Default Vendor,PRIME260800024743,deepanshu2,Sandeep Seth,55039,PWH
PWH20275,ERP-B2B-SALE-2026-23519,2026-08-12 13:42:00,2026-08-12 18:17:00,FOC,BKP2503007203,"CBSE Class 10 Mathematics Made Easy Handwritten Notes By Ritik Mishra For Board 2025-2026 Exams | Formulas, Solved Examples, Theorems, Practice Questions, Solved CBSE Questions",,2026-08-13 01:04:00,ManishKY,SPR.R29.A6.L1.B1,2,,PW,BKP2503007203,Default Vendor,PRIME260800024743,deepanshu2,Sandeep Seth,55039,PWH
PWH20275,ERP-B2B-SALE-2026-23519,2026-08-12 13:42:00,2026-08-12 18:17:00,FOC,BKP2606844887,"PW New NCERT Class 9 Maths Ganita Manjari Part 1 Textbook Solutions with Mind Maps 2026-27 | Revision Book, Solved NCERT Intext Solutions and End Exercises",,2026-08-13 00:48:00,ManishKY,SPR.R3.A12.L1.B2,2,,PW,BKP2606844887,Default Vendor,PRIME260800024743,deepanshu2,Sandeep Seth,55039,PWH
PWH20275,ERP-B2B-SALE-2026-23519,2026-08-12 13:42:00,2026-08-12 18:17:00,FOC,BKP2606022950,"PW New NCERT Class 9 English Kaveri Textbook Solutions with Mind Maps 2026-27 | Revision Book, Solved NCERT Intext Solutions and End Exercises",,2026-08-13 00:45:00,ManishKY,SPR.R2.A9.L2.B1,2,,PW,BKP2606022950,Default Vendor,PRIME260800024743,deepanshu2,Sandeep Seth,55039,PWH
PWH20276,ERP-B2B-SALE-2026-23518,2026-08-12 13:32:00,2026-08-13 10:46:00,FOC,BKP2602418406,PW CBSE Class 11 Question & Concept Bank (QCB) Mathematics Chapter-wclass 11 maths question bankise and Topic-wise Solved Questions For 2027 Exams with Competency Based Question,,2026-08-13 11:10:00,Manoj001,SPR.R20.A7.L1.B4,2,,PW,BKP2602418406,Default Vendor,PRIME260800024549,deepanshu2,Praveen Singh,55099,PWH
PWH20276,ERP-B2B-SALE-2026-23518,2026-08-12 13:32:00,2026-08-13 10:46:00,FOC,BKP2602019093,PW CBSE Class 11 Question & Concept Bank (QCB) Physics Chapter-wise and Topic-wise Solved Questions For 2027 Exams with Competency Based Question,,2026-08-13 12:49:00,Manoj001,MTR.G1.R04.A08.L4.B2,2,,PW,BKP2602019093,Default Vendor,PRIME260800024549,deepanshu2,Praveen Singh,55099,PWH
PWH20276,ERP-B2B-SALE-2026-23518,2026-08-12 13:32:00,2026-08-13 10:46:00,FOC,BKP2602019095,PW CBSE Class 11 Question & Concept Bank (QCB) Biology Chapter-wise and Topic-wise Solved Questions For 2027 Exams with Competency Based Question,,2026-08-13 11:19:00,Manoj001,SPR.R15.A2.L0.B2,2,,PW,BKP2602019095,Default Vendor,PRIME260700066088,deepanshu2,Praveen Singh,55099,PWH
PWH20276,ERP-B2B-SALE-2026-23518,2026-08-12 13:32:00,2026-08-13 10:46:00,FOC,BKP2602019094,PW CBSE Class 11 Question & Concept Bank (QCB) Chemistry Chapter-wise and Topic-wise Solved Questions For 2027 with Competency Based Question,,2026-08-13 12:38:00,Manoj001,MTR.G1.R36.A09.L1.B1,2,,PW,BKP2602019094,Default Vendor,PRIME260800024549,deepanshu2,Praveen Singh,55099,PWH
PWH20276,ERP-B2B-SALE-2026-23518,2026-08-12 13:32:00,2026-08-13 10:46:00,FOC,BKP2603019478,PW CBSE Question & Concept Bank (QCB) Class 10 Science Chapter-wise and Topic-wise Solved Questions By Samridhi Sharma For 2027 Board Exams with 50% Competency Based Question,,2026-08-13 12:24:00,Manoj001,MTR.G2.R09.A11.L1.B2,5,,PW,BKP2603019478,Default Vendor,PRIME260800024549,deepanshu2,Praveen Singh,55099,PWH
PWH20276,ERP-B2B-SALE-2026-23518,2026-08-12 13:32:00,2026-08-13 10:46:00,FOC,BKP2603019479,PW CBSE Question & Concept Bank (QCB) Class 10 Maths (Standard) Chapter-wise and Topic-wise Solved Questions By Ritik Mishra For 2027 Board Exams with 50% Competency Based Question,,2026-08-13 12:03:00,Manoj001,MTR.G0.R46.A11.L4.B1,1,,PW,BKP2603019479,Default Vendor,PRIME260800024549,deepanshu2,Praveen Singh,55099,PWH
PWH20276,ERP-B2B-SALE-2026-23518,2026-08-12 13:32:00,2026-08-13 10:46:00,FOC,BKP2603019479,PW CBSE Question & Concept Bank (QCB) Class 10 Maths (Standard) Chapter-wise and Topic-wise Solved Questions By Ritik Mishra For 2027 Board Exams with 50% Competency Based Question,,2026-08-13 12:13:00,Manoj001,MTR.G3.R12.A09.L1.B2,4,,PW,BKP2603019479,Default Vendor,PRIME260800024549,deepanshu2,Praveen Singh,55099,PWH
PWH20276,ERP-B2B-SALE-2026-23518,2026-08-12 13:32:00,2026-08-13 10:46:00,FOC,BKP2603019477,PW CBSE Question & Concept Bank (QCB) Class 10 Social Science Chapter-wise and Topic-wise Solved Questions By Siddarth Sharma & Ujjavala Punj For 2027 Board Exams with 50% Competency Based Question,,2026-08-13 12:02:00,Manoj001,MTR.G0.R42.A07.L2.B1,5,,PW,BKP2603019477,Default Vendor,PRIME260800024549,deepanshu2,Praveen Singh,55099,PWH
PWH20276,ERP-B2B-SALE-2026-23518,2026-08-12 13:32:00,2026-08-13 10:46:00,FOC,BKP2603741359,PW CBSE Question & Concept Bank (QCB) Class 10 English Language & Literature Chapter-wise and Topic-wise Solved Questions For 2027 Board Exams with 50% Competency Based Question,,2026-08-13 12:00:00,Manoj001,MTR.G0.R35.A11.L1.B1,5,,PW,BKP2603741359,Default Vendor,PRIME260800024549,deepanshu2,Praveen Singh,55099,PWH
PWH20276,ERP-B2B-SALE-2026-23518,2026-08-12 13:32:00,2026-08-13 10:46:00,FOC,BKP2603019608,"PW CBSE Class 10 PYQs - Past 10 Years Solved Papers For 2027 Board Exams | Delhi & Outside Delhi with Multiple Sets of 2026 | Science, Maths, Social Science, English | NCERT References",,2026-08-13 12:03:00,Manoj001,MTR.G0.R47.A12.L2.B2,3,,PW,BKP2603019608,Default Vendor,PRIME260800024549,deepanshu2,Praveen Singh,55099,PWH
PWH20276,ERP-B2B-SALE-2026-23518,2026-08-12 13:32:00,2026-08-13 10:46:00,FOC,BKP2603019608,"PW CBSE Class 10 PYQs - Past 10 Years Solved Papers For 2027 Board Exams | Delhi & Outside Delhi with Multiple Sets of 2026 | Science, Maths, Social Science, English | NCERT References",,2026-08-13 12:39:00,Manoj001,MTR.G1.R34.A07.L2.B2,2,,PW,BKP2603019608,Default Vendor,PRIME260800024549,deepanshu2,Praveen Singh,55099,PWH
PWH20276,ERP-B2B-SALE-2026-23518,2026-08-12 13:32:00,2026-08-13 10:46:00,FOC,BKP2603019651,CBSE Improvement Score Amplifier Class 10 Maths For 2026 Improvement Board Exams | 5 PYQs Sets of 2026 Solved Papers | Sample Papers & Chapter-wise Concepts Maps,,2026-08-13 11:47:00,Manoj001,MTR.G0.R02.A03.L3.B2,5,,PW,BKP2603019651,Default Vendor,PRIME260800024549,deepanshu2,Praveen Singh,55099,PWH
PWH20276,ERP-B2B-SALE-2026-23518,2026-08-12 13:32:00,2026-08-13 10:46:00,FOC,BKP2603019649,CBSE Improvement Score Amplifier Class 10 Social Science For 2026 Improvement Board Exams | 5 PYQs Sets of 2026 Solved Papers | Sample Papers & Chapter-wise Concepts Maps,,2026-08-13 11:55:00,Manoj001,MTR.G0.R18.A09.L1.B2,5,,PW,BKP2603019649,Default Vendor,PRIME260800024549,deepanshu2,Praveen Singh,55099,PWH
PWH20276,ERP-B2B-SALE-2026-23518,2026-08-12 13:32:00,2026-08-13 10:46:00,FOC,BKP2603019648,CBSE Improvement Score Amplifier Class 10 English For 2026 Improvement Board Exams | 5 PYQs Sets of 2026 Solved Papers | Sample Papers & Chapter-wise Concepts Maps,,2026-08-13 11:59:00,Manoj001,MTR.G0.R29.A01.L4.B2,5,,PW,BKP2603019648,Default Vendor,PRIME260800024549,deepanshu2,Praveen Singh,55099,PWH
PWH20276,ERP-B2B-SALE-2026-23518,2026-08-12 13:32:00,2026-08-13 10:46:00,FOC,BKP2603019647,CBSE Improvement Score Amplifier Class 10 Science For 2026 Improvement Board Exams | 5 PYQs Sets of 2026 Solved Papers | Sample Papers & Chapter-wise Concepts Maps,,2026-08-13 11:51:00,Manoj001,MTR.G0.R16.A10.L3.B1,5,,PW,BKP2603019647,Default Vendor,PRIME260800024549,deepanshu2,Praveen Singh,55099,PWH
PWH20276,ERP-B2B-SALE-2026-23518,2026-08-12 13:32:00,2026-08-13 10:46:00,FOC,BKP2603216361,PW CBSE Question & Concept Bank (QCB) Class 10 Basic Maths Chapter-wise and Topic-wise Solved Questions For 2027 Board Exams with 50% Competency Based Question,,2026-08-13 12:37:00,Manoj001,MTR.G1.R41.A12.L4.B2,1,,PW,BKP2603216361,Default Vendor,PRIME260800024549,deepanshu2,Praveen Singh,55099,PWH
PWH20276,ERP-B2B-SALE-2026-23518,2026-08-12 13:32:00,2026-08-13 10:46:00,FOC,BKP2603216361,PW CBSE Question & Concept Bank (QCB) Class 10 Basic Maths Chapter-wise and Topic-wise Solved Questions For 2027 Board Exams with 50% Competency Based Question,,2026-08-13 12:20:00,Manoj001,MTR.G2.R46.A10.L4.B1,4,,PW,BKP2603216361,Default Vendor,PRIME260800024549,deepanshu2,Praveen Singh,55099,PWH
PWH20276,ERP-B2B-SALE-2026-23518,2026-08-12 13:32:00,2026-08-13 10:46:00,FOC,BKP2604020283,"PW ICSE Class 10 PYQs - Past 10 Years Solved Papers (2026-2016) For 2027 Exams | Physics, Chemistry, Maths, Biology, Economics, History & Civics, Geography, CA, English Paper 1 & 2",,2026-08-13 11:49:00,Manoj001,MTR.G0.R09.A04.L4.B1,2,,PW,BKP2604020283,Default Vendor,PRIME260800024549,deepanshu2,Praveen Singh,55099,PWH
PWH20276,ERP-B2B-SALE-2026-23518,2026-08-12 13:32:00,2026-08-13 10:46:00,FOC,BKP2601018267,ICSE Radiant Class-9th Module Chemistry Edition 2026ICSE Radiant Class-9th Module Chemistry Edition 2026,,2026-08-13 11:05:00,Manoj001,SPR.R25.A1.L1.B3,2,,PW,BKP2601018267,Default Vendor,PRIME260800024549,deepanshu2,Praveen Singh,55099,PWH
PWH20276,ERP-B2B-SALE-2026-23518,2026-08-12 13:32:00,2026-08-13 10:46:00,FOC,BKP2601018269,ICSE Radiant Class-9th Module English Language Paper-1 Edition 2026,,2026-08-13 11:30:00,Manoj001,SPR.R4.A4.L1.B2,2,,PW,BKP2601018269,Default Vendor,PRIME260800024549,deepanshu2,Praveen Singh,55099,PWH
PWH20276,ERP-B2B-SALE-2026-23518,2026-08-12 13:32:00,2026-08-13 10:46:00,FOC,BKP2601018272,ICSE Radiant Class-9th Module Geography Edition 2026,,2026-08-13 12:11:00,Manoj001,MTR.G3.R20.A07.L4.B2,2,,PW,BKP2601018272,Default Vendor,PRIME260800024549,deepanshu2,Praveen Singh,55099,PWH
PWH20276,ERP-B2B-SALE-2026-23518,2026-08-12 13:32:00,2026-08-13 10:46:00,FOC,BKP2601018270,ICSE Radiant Class-9th Module History and Civics Edition 2026,,2026-08-13 11:08:00,Manoj001,SPR.R22.A7.L1.B4,2,,PW,BKP2601018270,Default Vendor,PRIME260800024549,deepanshu2,Praveen Singh,55099,PWH
PWH20276,ERP-B2B-SALE-2026-23518,2026-08-12 13:32:00,2026-08-13 10:46:00,FOC,BKP2601018273,ICSE Radiant Class-9th Module Mathematics Edition 2026,,2026-08-13 11:21:00,Manoj001,SPR.R13.A2.L0.B1,2,,PW,BKP2601018273,Default Vendor,PRIME260800024549,deepanshu2,Praveen Singh,55099,PWH
PWH20276,ERP-B2B-SALE-2026-23518,2026-08-12 13:32:00,2026-08-13 10:46:00,FOC,BKP2601938700,ICSE Radiant Class-9th Module Physics Edition 2026,,2026-08-13 10:59:00,Manoj001,SPR.R25.A3.L0.B4,2,,PW,BKP2601938700,Default Vendor,PRIME260800024549,deepanshu2,Praveen Singh,55099,PWH
PWH20276,ERP-B2B-SALE-2026-23518,2026-08-12 13:32:00,2026-08-13 10:46:00,FOC,BKP2601010315,ICSE Victory Class 10th Module Chemistry Edition 2026,,2026-08-13 11:07:00,Manoj001,SPR.R21.A1.L1.B4,2,,PW,BKP2601010315,Default Vendor,PRIME260800024549,deepanshu2,Praveen Singh,55099,PWH
PWH20276,ERP-B2B-SALE-2026-23518,2026-08-12 13:32:00,2026-08-13 10:46:00,FOC,BKP2601018260,ICSE Victory Class 10th Module English Language,,2026-08-13 11:15:00,Manoj001,SPR.R16.A9.L1.B1,2,,PW,BKP2601018260,Default Vendor,PRIME260800024549,deepanshu2,Praveen Singh,55099,PWH
PWH20276,ERP-B2B-SALE-2026-23518,2026-08-12 13:32:00,2026-08-13 10:46:00,FOC,BKP2601018262,ICSE Victory Class-10th Module Geography Edition 2026,,2026-08-13 11:13:00,Manoj001,SPR.R19.A2.L1.B4,2,,PW,BKP2601018262,Default Vendor,PRIME260800024549,deepanshu2,Praveen Singh,55099,PWH
PWH20276,ERP-B2B-SALE-2026-23518,2026-08-12 13:32:00,2026-08-13 10:46:00,FOC,BKP2601018266,ICSE Victory Class-10th Module Literature in English Edition 2026,,2026-08-13 11:34:00,Manoj001,SPR.R1.A13.L1.B2,2,,PW,BKP2601018266,Default Vendor,PRIME260800024549,deepanshu2,Praveen Singh,55099,PWH
PWH20276,ERP-B2B-SALE-2026-23518,2026-08-12 13:32:00,2026-08-13 10:46:00,FOC,BKP2601018261,ICSE Victory Class-10th Module PHYSICS Edition 2026,,2026-08-13 12:10:00,Manoj001,MTR.G3.R25.A01.L4.B1,2,,PW,BKP2601018261,Default Vendor,PRIME260800024549,deepanshu2,Praveen Singh,55099,PWH
PWH20276,ERP-B2B-SALE-2026-23518,2026-08-12 13:32:00,2026-08-13 10:46:00,FOC,BKP2601018264,ICSE Victory History & Civics Module Class-10th-2026,,2026-08-13 12:15:00,Manoj001,MTR.G3.R08.A03.L2.B2,2,,PW,BKP2601018264,Default Vendor,PRIME260800024549,deepanshu2,Praveen Singh,55099,PWH
PWH20276,ERP-B2B-SALE-2026-23518,2026-08-12 13:32:00,2026-08-13 10:46:00,FOC,BKP2604020293,PW ICSE Class 10 Question & Concept Bank Biology 2027 Chapterwise & Topicwise By Upasana Mam & Yogita Mam | Solved PYQs | 40% Competency & Application Based Practice Questions,,2026-08-13 12:23:00,Manoj001,MTR.G2.R10.A10.L4.B2,2,,PW,BKP2604020293,Default Vendor,PRIME260800024549,deepanshu2,Praveen Singh,55099,PWH
PWH20276,ERP-B2B-SALE-2026-23518,2026-08-12 13:32:00,2026-08-13 10:46:00,FOC,BKP2604020287,PW ICSE Class 10 Question & Concept Bank Chemistry for 2027 | Chapterwise & Topicwise By Sanya Mam & Sunil Sir | Solved PYQs | 40% Competency & Application Based Practice Questions,,2026-08-13 12:39:00,Manoj001,MTR.G1.R36.A10.L4.B2,2,,PW,BKP2604020287,Default Vendor,PRIME260800024549,deepanshu2,Praveen Singh,55099,PWH
PWH20276,ERP-B2B-SALE-2026-23518,2026-08-12 13:32:00,2026-08-13 10:46:00,FOC,BKP2604020294,PW ICSE Class 10 Question & Concept Bank Economics for 2027 Exam | Chapterwise & Topicwise By Kunal Sir & Sameer Sir | Solved PYQs | 40% Competency & Application Based Practice Questions,,2026-08-13 12:36:00,Manoj001,MTR.G1.R40.A10.L3.B1,2,,PW,BKP2604020294,Default Vendor,PRIME260800024549,deepanshu2,Praveen Singh,55099,PWH
PWH20276,ERP-B2B-SALE-2026-23518,2026-08-12 13:32:00,2026-08-13 10:46:00,FOC,BKP2604020285,"PW ICSE Class 10 Question & Concept Bank English Paper 1 (Language) for 2027 Exam | Chapterwise & Topicwise By Nupur Sharma | Reading, Writing & Grammar Skills | Important Practice Questions",,2026-08-13 11:22:00,Manoj001,SPR.R13.A10.L0.B3,2,,PW,BKP2604020285,Default Vendor,PRIME260800024549,deepanshu2,Praveen Singh,55099,PWH
PWH20276,ERP-B2B-SALE-2026-23518,2026-08-12 13:32:00,2026-08-13 10:46:00,FOC,BKP2604020295,PW ICSE Class 10 Question & Concept Bank English Paper 2 (Literature) for 2027 | Chapterwise & Topicwise By Nupur Sharma | Narrative/ Poetic Sketch & Devices | Important Practice Questions,,2026-08-13 12:25:00,Manoj001,MTR.G2.R05.A06.L4.B1,2,,PW,BKP2604020295,Default Vendor,PRIME260800024549,deepanshu2,Praveen Singh,55099,PWH
PWH20276,ERP-B2B-SALE-2026-23518,2026-08-12 13:32:00,2026-08-13 10:46:00,FOC,BKP2604020296,PW ICSE Class 10 Question & Concept Bank Geography 2027 Chapterwise & Topicwise By Kunal Sir & Sameer Sir | Solved PYQs | 40% Competency & Application Based Practice Questions,,2026-08-13 12:01:00,Manoj001,MTR.G0.R35.A10.L2.B1,2,,PW,BKP2604020296,Default Vendor,PRIME260800024549,deepanshu2,Praveen Singh,55099,PWH
PWH20276,ERP-B2B-SALE-2026-23518,2026-08-12 13:32:00,2026-08-13 10:46:00,FOC,BKP2604020297,PW ICSE Class 10 Question & Concept Bank History and Civics for 2027 Exam | Chapterwise & Topicwise By Kunal Sir & Sameer Sir | Solved PYQs | 40% Competency & Application Based Practice Questions,,2026-08-13 11:23:00,Manoj001,SPR.R13.A12.L1.B3,2,,PW,BKP2604020297,Default Vendor,PRIME260800024549,deepanshu2,Praveen Singh,55099,PWH
PWH20276,ERP-B2B-SALE-2026-23518,2026-08-12 13:32:00,2026-08-13 10:46:00,FOC,BKP2604020312,PW ICSE Class 10 Question & Concept Bank Mathematics for 2027 | Chapterwise & Topicwise By Shivangi Mam & Devansh Sir | Solved PYQs | 40% Competency & Application Based Practice Questions,,2026-08-13 12:11:00,Manoj001,MTR.G3.R18.A05.L3.B2,2,,PW,BKP2604020312,Default Vendor,PRIME260800024549,deepanshu2,Praveen Singh,55099,PWH
PWH20276,ERP-B2B-SALE-2026-23518,2026-08-12 13:32:00,2026-08-13 10:46:00,FOC,BKP2509007032,PW CBSE Question & Concept Bank (QCB) Class 12 Indian Economic Development Chapter-wise and Topic-wise Solved Questions For 2026 Exams with Competency Based Question,,2026-08-13 12:02:00,Manoj001,MTR.G0.R43.A10.L1.B1,2,,PW,BKP2509007032,Default Vendor,PRIME260800024549,deepanshu2,Praveen Singh,55099,PWH
PWH20276,ERP-B2B-SALE-2026-23518,2026-08-12 13:32:00,2026-08-13 10:46:00,FOC,BKP2509007028,PW CBSE Question & Concept Bank (QCB) Class 12 Introductory Macroeconomics Chapter-wise and Topic-wise Solved Questions For 2026 Exams with Competency Based Question,,2026-08-13 11:49:00,Manoj001,MTR.G0.R13.A06.L3.B1,2,,PW,BKP2509007028,Default Vendor,PRIME260800024549,deepanshu2,Praveen Singh,55099,PWH
PWH20276,ERP-B2B-SALE-2026-23518,2026-08-12 13:32:00,2026-08-13 10:46:00,FOC,BKP2509007034,PW CBSE Question & Concept Bank (QCB) Class 11 Introductory Microeconomics Chapter-wise and Topic-wise Solved Questions For 2026 Exams with Competency Based Question,,2026-08-13 11:30:00,Manoj001,SPR.R4.A10.L0.B1,2,,PW,BKP2509007034,Default Vendor,PRIME260800024549,deepanshu2,Praveen Singh,55099,PWH
PWH20276,ERP-B2B-SALE-2026-23518,2026-08-12 13:32:00,2026-08-13 10:46:00,FOC,BKP2509007031,CBSE Question & Concept Bank (QCB) Class 12 Accountancy Chapter-wise and Topic-wise Solved Questions For 2026 Exams with Competency Based Question,,2026-08-13 11:09:00,Manoj001,SPR.R19.A9.L0.B3,2,,PW,BKP2509007031,Default Vendor,PRIME260800024549,deepanshu2,Praveen Singh,55099,PWH
PWH20276,ERP-B2B-SALE-2026-23518,2026-08-12 13:32:00,2026-08-13 10:46:00,FOC,BKP2509009063,PW CBSE Question & Concept Bank (QCB) Class 11 Accountancy Chapter-wise and Topic-wise Solved Questions For 2026 Exams with Competency Based Question,,2026-08-13 11:41:00,Manoj001,MTR.G0.R04.A05.L1.B2,2,,PW,BKP2509009063,Default Vendor,PRIME260800024549,deepanshu2,Praveen Singh,55099,PWH
PWH20276,ERP-B2B-SALE-2026-23518,2026-08-12 13:32:00,2026-08-13 10:46:00,FOC,BKP2509009064,PW CBSE Question & Concept Bank (QCB) Class 11 Statistics for Economics Chapter-wise and Topic-wise Solved Questions For 2026 Exams with Competency Based Question,,2026-08-13 11:25:00,Manoj001,SPR.R9.A5.L0.B3,2,,PW,BKP2509009064,Default Vendor,PRIME260800024549,deepanshu2,Praveen Singh,55099,PWH
PWH20276,ERP-B2B-SALE-2026-23518,2026-08-12 13:32:00,2026-08-13 10:46:00,FOC,BKP2602019096,PW CBSE Question & Concept Bank (QCB) Class 12 Physics Chapter-wise and Topic-wise Solved Questions By Rakshak Sir For 2027 Board Exams with 50% Competency Based Question,,2026-08-13 11:14:00,Manoj001,SPR.R17.A12.L1.B1,1,,PW,BKP2602019096,Default Vendor,PRIME260800024549,deepanshu2,Praveen Singh,55099,PWH
PWH20276,ERP-B2B-SALE-2026-23518,2026-08-12 13:32:00,2026-08-13 10:46:00,FOC,BKP2602019096,PW CBSE Question & Concept Bank (QCB) Class 12 Physics Chapter-wise and Topic-wise Solved Questions By Rakshak Sir For 2027 Board Exams with 50% Competency Based Question,,2026-08-13 12:46:00,Manoj001,MTR.G1.R25.A05.L1.B2,1,,PW,BKP2602019096,Default Vendor,PRIME260800024549,deepanshu2,Praveen Singh,55099,PWH
PWH20276,ERP-B2B-SALE-2026-23518,2026-08-12 13:32:00,2026-08-13 10:46:00,FOC,BKP2604685349,PW CBSE Question & Concept Bank (QCB) Class 10 Hindi-A Chapter-wise and Topic-wise Solved Questions For 2027 Exams with 50% Competency Based Question,,2026-08-13 12:43:00,Manoj001,MTR.G1.R27.A09.L4.B1,5,,PW,BKP2604685349,Default Vendor,PRIME260800024549,deepanshu2,Praveen Singh,55099,PWH
PWH20276,ERP-B2B-SALE-2026-23518,2026-08-12 13:32:00,2026-08-13 10:46:00,FOC,BKP2604020111,PW CBSE Question & Concept Bank (QCB) Class 10 Hindi-B Chapter-wise and Topic-wise Solved Questions For 2027 Exams with 50% Competency Based Question,,2026-08-13 12:38:00,Manoj001,MTR.G1.R36.A09.L4.B2,3,,PW,BKP2604020111,Default Vendor,PRIME260800024549,deepanshu2,Praveen Singh,55099,PWH
PWH20276,ERP-B2B-SALE-2026-23518,2026-08-12 13:32:00,2026-08-13 10:46:00,FOC,BKP2604020111,PW CBSE Question & Concept Bank (QCB) Class 10 Hindi-B Chapter-wise and Topic-wise Solved Questions For 2027 Exams with 50% Competency Based Question,,2026-08-13 12:13:00,Manoj001,MTR.G3.R13.A08.L1.B1,2,,PW,BKP2604020111,Default Vendor,PRIME260800024549,deepanshu2,Praveen Singh,55099,PWH
PWH20276,ERP-B2B-SALE-2026-23518,2026-08-12 13:32:00,2026-08-13 10:46:00,FOC,BKP2602019099,PW CBSE Question & Concept Bank (QCB) Class 12 English Core Chapter-wise and Topic-wise Solved Questions By Anurag Sir For 2027 Board Exams with 50% Competency Based Question,,2026-08-13 12:15:00,Manoj001,MTR.G3.R07.A03.L4.B1,2,,PW,BKP2602019099,Default Vendor,PRIME260800024549,deepanshu2,Praveen Singh,55099,PWH
PWH20276,ERP-B2B-SALE-2026-23518,2026-08-12 13:32:00,2026-08-13 10:46:00,FOC,BKP2602019098,PW CBSE Question & Concept Bank (QCB) Class 12 Biology Chapter-wise and Topic-wise Solved Questions By Samridhi Mam & Aarushi Mam For 2027 Board Exams with 50% Competency Based Question,,2026-08-13 12:22:00,Manoj001,MTR.G2.R36.A10.L2.B2,2,,PW,BKP2602019098,Default Vendor,PRIME260800024549,deepanshu2,Praveen Singh,55099,PWH
PWH20276,ERP-B2B-SALE-2026-23518,2026-08-12 13:32:00,2026-08-13 10:46:00,FOC,BKP2602975509,PW CBSE Question & Concept Bank (QCB) Class 12 Mathematics Chapter-wise and Topic-wise Solved Questions By Deepak Sir For 2027 Board Exams with 50% Competency Based Question,,2026-08-13 12:16:00,Manoj001,MTR.G3.R02.A01.L4.B2,2,,PW,BKP2602975509,Default Vendor,PRIME260800024549,deepanshu2,Praveen Singh,55099,PWH
PWH20276,ERP-B2B-SALE-2026-23518,2026-08-12 13:32:00,2026-08-13 10:46:00,FOC,BKP2602019097,PW CBSE Question & Concept Bank (QCB) Class 12 Chemistry Chapter-wise and Topic-wise Solved Questions By Shourya Mam & Aakash Sir For 2027 Board Exams with 50% Competency Based Question,,2026-08-13 10:54:00,Manoj001,SPR.R26.A10.L1.B2,1,,PW,BKP2602019097,Default Vendor,PRIME260800024549,deepanshu2,Praveen Singh,55099,PWH
PWH20276,ERP-B2B-SALE-2026-23518,2026-08-12 13:32:00,2026-08-13 10:46:00,FOC,BKP2602019097,PW CBSE Question & Concept Bank (QCB) Class 12 Chemistry Chapter-wise and Topic-wise Solved Questions By Shourya Mam & Aakash Sir For 2027 Board Exams with 50% Competency Based Question,,2026-08-13 11:29:00,Manoj001,SPR.R7.A1.L6.B1,1,,PW,BKP2602019097,Default Vendor,PRIME260800024549,deepanshu2,Praveen Singh,55099,PWH
PWH20276,ERP-B2B-SALE-2026-23518,2026-08-12 13:32:00,2026-08-13 10:46:00,FOC,BKP2602019196,PW CBSE Class 9 English Kaveri New NCERT 2026-27 Question and Concept Bank with NCERT Textbook Solutions and Competency Based Questions,,2026-08-13 12:26:00,Manoj001,MTR.G2.R01.A09.L3.B1,2,,PW,BKP2602019196,Default Vendor,PRIME260800024549,deepanshu2,Praveen Singh,55099,PWH
PWH20276,ERP-B2B-SALE-2026-23518,2026-08-12 13:32:00,2026-08-13 10:46:00,FOC,BKP2602019199,PW CBSE Class 9 Science Exploration New NCERT 2026-27 Question and Concept Bank with NCERT Textbook Solutions and Competency Based Questions By Akshya Tyagi Sir,,2026-08-13 12:09:00,Manoj001,MTR.G3.R26.A01.L4.B1,2,,PW,BKP2602019199,Default Vendor,PRIME260800024549,deepanshu2,Praveen Singh,55099,PWH
PWH20276,ERP-B2B-SALE-2026-23518,2026-08-12 13:32:00,2026-08-13 10:46:00,FOC,BKP2503006576,CBSE Class 10 NCERT Exemplar Problems Mathematics and Science with Text & Video Solutions | Chapterwise Mind Maps | PYQ Tagging | Rationalised NCERT Syllabus,,2026-08-13 11:58:00,Manoj001,MTR.G0.R22.A09.L2.B2,5,,PW,BKP2503006576,Default Vendor,PRIME260800024549,deepanshu2,Praveen Singh,55099,PWH
PWH20276,ERP-B2B-SALE-2026-23518,2026-08-12 13:32:00,2026-08-13 10:46:00,FOC,BKP2503007203,"CBSE Class 10 Mathematics Made Easy Handwritten Notes By Ritik Mishra For Board 2025-2026 Exams | Formulas, Solved Examples, Theorems, Practice Questions, Solved CBSE Questions",,2026-08-13 10:55:00,Manoj001,SPR.R29.A6.L1.B1,3,,PW,BKP2503007203,Default Vendor,PRIME260800024549,deepanshu2,Praveen Singh,55099,PWH
PWH20276,ERP-B2B-SALE-2026-23518,2026-08-12 13:32:00,2026-08-13 10:46:00,FOC,BKP2503007203,"CBSE Class 10 Mathematics Made Easy Handwritten Notes By Ritik Mishra For Board 2025-2026 Exams | Formulas, Solved Examples, Theorems, Practice Questions, Solved CBSE Questions",,2026-08-13 12:26:00,Manoj001,MTR.G2.R01.A01.L4.B1,2,,PW,BKP2503007203,Default Vendor,PRIME260800024549,deepanshu2,Praveen Singh,55099,PWH
PWH20276,ERP-B2B-SALE-2026-23518,2026-08-12 13:32:00,2026-08-13 10:46:00,FOC,BKP2505007033,"CBSE Class 10 Mind Maps Book For 2026 Board Exams l Mathematics, Physics, Chemistry, Biology, English and Social Science | Simplified Concepts & Quick Revision",,2026-08-13 11:50:00,Manoj001,MTR.G0.R14.A05.L1.B2,5,,PW,BKP2505007033,Default Vendor,PRIME260800024549,deepanshu2,Praveen Singh,55099,PWH
PWH20276,ERP-B2B-SALE-2026-23518,2026-08-12 13:32:00,2026-08-13 10:46:00,FOC,BKP2510009042,"CBSE Class 9 Most Probable 20 Combined Sample Question Papers For 2026 Exams as per Latest Syllabus 2025-26 l Science, Mathematics, Social Science and English",,2026-08-13 11:51:00,Manoj001,MTR.G0.R16.A12.L2.B1,2,,PW,BKP2510009042,Default Vendor,PRIME260800024549,deepanshu2,Praveen Singh,55099,PWH
PWH20276,ERP-B2B-SALE-2026-23518,2026-08-12 13:32:00,2026-08-13 10:46:00,FOC,BKP2603020049,"PW CBSE Class 12 PYQs PCME - Past 10 Years Solved Papers For 2027 Board Exams | Delhi & Outside Delhi Papers Covered | Physics, Chemistry, Maths, English",,2026-08-13 12:49:00,Manoj001,MTR.G1.R11.A10.L4.B2,2,,PW,BKP2603020049,Default Vendor,PRIME260800024549,deepanshu2,Praveen Singh,55099,PWH
PWH20276,ERP-B2B-SALE-2026-23518,2026-08-12 13:32:00,2026-08-13 10:46:00,FOC,BKP2603020048,"PW CBSE Class 12 PYQs PCBE - Past 10 Years Solved Papers For 2027 Board Exams | Delhi & Outside Delhi Papers Covered | Physics, Chemistry, Biology, English",,2026-08-13 12:48:00,Manoj001,MTR.G1.R19.A09.L1.B2,2,,PW,BKP2603020048,Default Vendor,PRIME260800024549,deepanshu2,Praveen Singh,55099,PWH
PWH20276,ERP-B2B-SALE-2026-23518,2026-08-12 13:32:00,2026-08-13 10:46:00,FOC,BKP2604020239,Cbse class 10 past 10 year chapterwise pyqs for Maths,,2026-08-13 11:38:00,Manoj001,MTR.G0.R01.A11.L4.B1,5,,PW,BKP2604020239,Default Vendor,PRIME260800024549,deepanshu2,Praveen Singh,55099,PWH
PWH20276,ERP-B2B-SALE-2026-23518,2026-08-12 13:32:00,2026-08-13 10:46:00,FOC,BKP2604020238,"CBSE Class 10 English Language & Literature Chapter-wise, Topic-wise & Typewise 10 Years Solved PYQs (2026-2016) with 3 Multiple Sets of 2026 For 2027 Board Exams | Concept Maps, Competency Tagging",,2026-08-13 12:47:00,Manoj001,MTR.G1.R22.A01.L3.B2,5,,PW,BKP2604020238,Default Vendor,PRIME260800024549,deepanshu2,Praveen Singh,55099,PWH
PWH20276,ERP-B2B-SALE-2026-23518,2026-08-12 13:32:00,2026-08-13 10:46:00,FOC,BKP2604020237,Cbse class 10 past 10 year chapterwise pyqs for Social Science,,2026-08-13 11:56:00,Manoj001,MTR.G0.R20.A12.L1.B1,5,,PW,BKP2604020237,Default Vendor,PRIME260800024549,deepanshu2,Praveen Singh,55099,PWH
PWH20276,ERP-B2B-SALE-2026-23518,2026-08-12 13:32:00,2026-08-13 10:46:00,FOC,BKP2604437976,"PW CBSE Class 10 Science PYQ Chapter-wise, Topic-wise & Typewise 10 Years Solved PYQs (2026-2016) with 5 Multiple Sets of 2026 For 2027 Board Exams | Concept Maps, Competency Tagging, NCERT References",,2026-08-13 12:41:00,Manoj001,MTR.G1.R30.A06.L2.B1,5,,PW,BKP2604437976,Default Vendor,PRIME260800024549,deepanshu2,Praveen Singh,55099,PWH
PWH20276,ERP-B2B-SALE-2026-23518,2026-08-12 13:32:00,2026-08-13 10:46:00,FOC,BKP2606844887,"PW New NCERT Class 9 Maths Ganita Manjari Part 1 Textbook Solutions with Mind Maps 2026-27 | Revision Book, Solved NCERT Intext Solutions and End Exercises",,2026-08-13 11:31:00,Manoj001,SPR.R3.A12.L1.B2,2,,PW,BKP2606844887,Default Vendor,PRIME260800024549,deepanshu2,Praveen Singh,55099,PWH
PWH20276,ERP-B2B-SALE-2026-23518,2026-08-12 13:32:00,2026-08-13 10:46:00,FOC,BKP2606022950,"PW New NCERT Class 9 English Kaveri Textbook Solutions with Mind Maps 2026-27 | Revision Book, Solved NCERT Intext Solutions and End Exercises",,2026-08-13 11:36:00,Manoj001,SPR.R2.A9.L2.B1,2,,PW,BKP2606022950,Default Vendor,PRIME260800024549,deepanshu2,Praveen Singh,55099,PWH
PWH20277,ERP-B2B-SALE-2026-23517,2026-08-12 13:23:00,2026-08-12 18:17:00,FOC,BKP2603019608,"PW CBSE Class 10 PYQs - Past 10 Years Solved Papers For 2027 Board Exams | Delhi & Outside Delhi with Multiple Sets of 2026 | Science, Maths, Social Science, English | NCERT References",,2026-08-13 01:41:00,Krishna09,MTR.G1.R34.A07.L2.B2,5,,PW,BKP2603019608,Default Vendor,PRIME260800025138,deepanshu2,Shekhar Srivastava,55038,PWH
PWH20277,ERP-B2B-SALE-2026-23517,2026-08-12 13:23:00,2026-08-12 18:17:00,FOC,BKP2604020283,"PW ICSE Class 10 PYQs - Past 10 Years Solved Papers (2026-2016) For 2027 Exams | Physics, Chemistry, Maths, Biology, Economics, History & Civics, Geography, CA, English Paper 1 & 2",,2026-08-13 01:18:00,Krishna09,MTR.G0.R09.A04.L4.B1,7,,PW,BKP2604020283,Default Vendor,PRIME260800025138,deepanshu2,Shekhar Srivastava,55038,PWH
PWH20277,ERP-B2B-SALE-2026-23517,2026-08-12 13:23:00,2026-08-12 18:17:00,FOC,BKP2601010315,ICSE Victory Class 10th Module Chemistry Edition 2026,,2026-08-13 02:17:00,Krishna09,SPR.R21.A1.L1.B4,2,,PW,BKP2601010315,Default Vendor,PRIME260800025138,deepanshu2,Shekhar Srivastava,55038,PWH
PWH20277,ERP-B2B-SALE-2026-23517,2026-08-12 13:23:00,2026-08-12 18:17:00,FOC,BKP2601018260,ICSE Victory Class 10th Module English Language,,2026-08-13 02:16:00,Krishna09,SPR.R16.A9.L1.B1,2,,PW,BKP2601018260,Default Vendor,PRIME260800025138,deepanshu2,Shekhar Srivastava,55038,PWH
PWH20277,ERP-B2B-SALE-2026-23517,2026-08-12 13:23:00,2026-08-12 18:17:00,FOC,BKP2601018262,ICSE Victory Class-10th Module Geography Edition 2026,,2026-08-13 02:03:00,Krishna09,SPR.R19.A2.L1.B4,2,,PW,BKP2601018262,Default Vendor,PRIME260800025138,deepanshu2,Shekhar Srivastava,55038,PWH
PWH20277,ERP-B2B-SALE-2026-23517,2026-08-12 13:23:00,2026-08-12 18:17:00,FOC,BKP2601018266,ICSE Victory Class-10th Module Literature in English Edition 2026,,2026-08-13 01:53:00,Krishna09,SPR.R1.A13.L1.B2,2,,PW,BKP2601018266,Default Vendor,PRIME260800025138,deepanshu2,Shekhar Srivastava,55038,PWH
PWH20277,ERP-B2B-SALE-2026-23517,2026-08-12 13:23:00,2026-08-12 18:17:00,FOC,BKP2601018265,ICSE Victory Class-10th Module Mathematics Edition 2026,,2026-08-13 01:28:00,Krishna09,MTR.G3.R41.A10.L4.B2,2,,PW,BKP2601018265,Default Vendor,PRIME260800025138,deepanshu2,Shekhar Srivastava,55038,PWH
PWH20277,ERP-B2B-SALE-2026-23517,2026-08-12 13:23:00,2026-08-12 18:17:00,FOC,BKP2601018261,ICSE Victory Class-10th Module PHYSICS Edition 2026,,2026-08-13 01:29:00,Krishna09,MTR.G3.R25.A01.L4.B1,2,,PW,BKP2601018261,Default Vendor,PRIME260800025138,deepanshu2,Shekhar Srivastava,55038,PWH
PWH20277,ERP-B2B-SALE-2026-23517,2026-08-12 13:23:00,2026-08-12 18:17:00,FOC,BKP2604020294,PW ICSE Class 10 Question & Concept Bank Economics for 2027 Exam | Chapterwise & Topicwise By Kunal Sir & Sameer Sir | Solved PYQs | 40% Competency & Application Based Practice Questions,,2026-08-13 01:40:00,Krishna09,MTR.G1.R40.A10.L3.B1,2,,PW,BKP2604020294,Default Vendor,PRIME260800025138,deepanshu2,Shekhar Srivastava,55038,PWH
PWH20277,ERP-B2B-SALE-2026-23517,2026-08-12 13:23:00,2026-08-12 18:17:00,FOC,BKP2604020312,PW ICSE Class 10 Question & Concept Bank Mathematics for 2027 | Chapterwise & Topicwise By Shivangi Mam & Devansh Sir | Solved PYQs | 40% Competency & Application Based Practice Questions,,2026-08-13 01:30:00,Krishna09,MTR.G3.R18.A05.L3.B2,5,,PW,BKP2604020312,Default Vendor,PRIME260800025138,deepanshu2,Shekhar Srivastava,55038,PWH
PWH20277,ERP-B2B-SALE-2026-23517,2026-08-12 13:23:00,2026-08-12 18:17:00,FOC,BKP2509007032,PW CBSE Question & Concept Bank (QCB) Class 12 Indian Economic Development Chapter-wise and Topic-wise Solved Questions For 2026 Exams with Competency Based Question,,2026-08-13 01:20:00,Krishna09,MTR.G0.R43.A10.L1.B1,6,,PW,BKP2509007032,Default Vendor,PRIME260800025138,deepanshu2,Shekhar Srivastava,55038,PWH
PWH20277,ERP-B2B-SALE-2026-23517,2026-08-12 13:23:00,2026-08-12 18:17:00,FOC,BKP2509007028,PW CBSE Question & Concept Bank (QCB) Class 12 Introductory Macroeconomics Chapter-wise and Topic-wise Solved Questions For 2026 Exams with Competency Based Question,,2026-08-13 01:18:00,Krishna09,MTR.G0.R13.A06.L3.B1,2,,PW,BKP2509007028,Default Vendor,PRIME260800025138,deepanshu2,Shekhar Srivastava,55038,PWH
PWH20277,ERP-B2B-SALE-2026-23517,2026-08-12 13:23:00,2026-08-12 18:17:00,FOC,BKP2509007031,CBSE Question & Concept Bank (QCB) Class 12 Accountancy Chapter-wise and Topic-wise Solved Questions For 2026 Exams with Competency Based Question,,2026-08-13 02:05:00,Krishna09,SPR.R19.A9.L0.B3,2,,PW,BKP2509007031,Default Vendor,PRIME260800025138,deepanshu2,Shekhar Srivastava,55038,PWH
PWH20277,ERP-B2B-SALE-2026-23517,2026-08-12 13:23:00,2026-08-12 18:17:00,FOC,BKP2602019096,PW CBSE Question & Concept Bank (QCB) Class 12 Physics Chapter-wise and Topic-wise Solved Questions By Rakshak Sir For 2027 Board Exams with 50% Competency Based Question,,2026-08-13 01:39:00,Krishna09,MTR.G1.R25.A05.L1.B2,2,,PW,BKP2602019096,Default Vendor,PRIME260800025138,deepanshu2,Shekhar Srivastava,55038,PWH
PWH20277,ERP-B2B-SALE-2026-23517,2026-08-12 13:23:00,2026-08-12 18:17:00,FOC,BKP2604685349,PW CBSE Question & Concept Bank (QCB) Class 10 Hindi-A Chapter-wise and Topic-wise Solved Questions For 2027 Exams with 50% Competency Based Question,,2026-08-13 01:43:00,Krishna09,MTR.G1.R27.A09.L4.B1,5,,PW,BKP2604685349,Default Vendor,PRIME260800025138,deepanshu2,Shekhar Srivastava,55038,PWH
PWH20277,ERP-B2B-SALE-2026-23517,2026-08-12 13:23:00,2026-08-12 18:17:00,FOC,BKP2602019099,PW CBSE Question & Concept Bank (QCB) Class 12 English Core Chapter-wise and Topic-wise Solved Questions By Anurag Sir For 2027 Board Exams with 50% Competency Based Question,,2026-08-13 01:31:00,Krishna09,MTR.G3.R07.A03.L4.B1,8,,PW,BKP2602019099,Default Vendor,PRIME260800025138,deepanshu2,Shekhar Srivastava,55038,PWH
PWH20277,ERP-B2B-SALE-2026-23517,2026-08-12 13:23:00,2026-08-12 18:17:00,FOC,BKP2602019098,PW CBSE Question & Concept Bank (QCB) Class 12 Biology Chapter-wise and Topic-wise Solved Questions By Samridhi Mam & Aarushi Mam For 2027 Board Exams with 50% Competency Based Question,,2026-08-13 01:35:00,Krishna09,MTR.G2.R36.A10.L2.B2,5,,PW,BKP2602019098,Default Vendor,PRIME260800025138,deepanshu2,Shekhar Srivastava,55038,PWH
PWH20277,ERP-B2B-SALE-2026-23517,2026-08-12 13:23:00,2026-08-12 18:17:00,FOC,BKP2602975509,PW CBSE Question & Concept Bank (QCB) Class 12 Mathematics Chapter-wise and Topic-wise Solved Questions By Deepak Sir For 2027 Board Exams with 50% Competency Based Question,,2026-08-13 01:32:00,Krishna09,MTR.G3.R02.A01.L4.B2,3,,PW,BKP2602975509,Default Vendor,PRIME260800025138,deepanshu2,Shekhar Srivastava,55038,PWH
PWH20277,ERP-B2B-SALE-2026-23517,2026-08-12 13:23:00,2026-08-12 18:17:00,FOC,BKP2602019097,PW CBSE Question & Concept Bank (QCB) Class 12 Chemistry Chapter-wise and Topic-wise Solved Questions By Shourya Mam & Aakash Sir For 2027 Board Exams with 50% Competency Based Question,,2026-08-13 02:08:00,Krishna09,SPR.R26.A4.L0.B1,2,,PW,BKP2602019097,Default Vendor,PRIME260800025138,deepanshu2,Shekhar Srivastava,55038,PWH
PWH20277,ERP-B2B-SALE-2026-23517,2026-08-12 13:23:00,2026-08-12 18:17:00,FOC,BKP2602019097,PW CBSE Question & Concept Bank (QCB) Class 12 Chemistry Chapter-wise and Topic-wise Solved Questions By Shourya Mam & Aakash Sir For 2027 Board Exams with 50% Competency Based Question,,2026-08-13 02:09:00,Krishna09,SPR.R29.A12.L1.B3,1,,PW,BKP2602019097,Default Vendor,PRIME260800025138,deepanshu2,Shekhar Srivastava,55038,PWH
PWH20277,ERP-B2B-SALE-2026-23517,2026-08-12 13:23:00,2026-08-12 18:17:00,FOC,BKP2602019097,PW CBSE Question & Concept Bank (QCB) Class 12 Chemistry Chapter-wise and Topic-wise Solved Questions By Shourya Mam & Aakash Sir For 2027 Board Exams with 50% Competency Based Question,,2026-08-13 02:07:00,Krishna09,SPR.R28.A7.L1.B4,1,,PW,BKP2602019097,Default Vendor,PRIME260800025138,deepanshu2,Shekhar Srivastava,55038,PWH
PWH20277,ERP-B2B-SALE-2026-23517,2026-08-12 13:23:00,2026-08-12 18:17:00,FOC,BKP2602019097,PW CBSE Question & Concept Bank (QCB) Class 12 Chemistry Chapter-wise and Topic-wise Solved Questions By Shourya Mam & Aakash Sir For 2027 Board Exams with 50% Competency Based Question,,2026-08-13 02:14:00,Krishna09,SPR.R7.A1.L6.B1,1,,PW,BKP2602019097,Default Vendor,PRIME260800025138,deepanshu2,Shekhar Srivastava,55038,PWH
PWH20277,ERP-B2B-SALE-2026-23517,2026-08-12 13:23:00,2026-08-12 18:17:00,FOC,BKP2503006576,CBSE Class 10 NCERT Exemplar Problems Mathematics and Science with Text & Video Solutions | Chapterwise Mind Maps | PYQ Tagging | Rationalised NCERT Syllabus,,2026-08-13 01:19:00,Krishna09,MTR.G0.R22.A09.L2.B2,5,,PW,BKP2503006576,Default Vendor,PRIME260800025138,deepanshu2,Shekhar Srivastava,55038,PWH
PWH20277,ERP-B2B-SALE-2026-23517,2026-08-12 13:23:00,2026-08-12 18:17:00,FOC,BKP2505007033,"CBSE Class 10 Mind Maps Book For 2026 Board Exams l Mathematics, Physics, Chemistry, Biology, English and Social Science | Simplified Concepts & Quick Revision",,2026-08-13 01:18:00,Krishna09,MTR.G0.R14.A05.L1.B2,2,,PW,BKP2505007033,Default Vendor,PRIME260800025138,deepanshu2,Shekhar Srivastava,55038,PWH
PWH20277,ERP-B2B-SALE-2026-23517,2026-08-12 13:23:00,2026-08-12 18:17:00,FOC,BKP2603020049,"PW CBSE Class 12 PYQs PCME - Past 10 Years Solved Papers For 2027 Board Exams | Delhi & Outside Delhi Papers Covered | Physics, Chemistry, Maths, English",,2026-08-13 01:37:00,Krishna09,MTR.G1.R11.A10.L4.B2,2,,PW,BKP2603020049,Default Vendor,PRIME260800025138,deepanshu2,Shekhar Srivastava,55038,PWH
PWH20277,ERP-B2B-SALE-2026-23517,2026-08-12 13:23:00,2026-08-12 18:17:00,FOC,BKP2603020048,"PW CBSE Class 12 PYQs PCBE - Past 10 Years Solved Papers For 2027 Board Exams | Delhi & Outside Delhi Papers Covered | Physics, Chemistry, Biology, English",,2026-08-13 01:38:00,Krishna09,MTR.G1.R19.A09.L1.B2,5,,PW,BKP2603020048,Default Vendor,PRIME260800025138,deepanshu2,Shekhar Srivastava,55038,PWH
PWH20277,ERP-B2B-SALE-2026-23517,2026-08-12 13:23:00,2026-08-12 18:17:00,FOC,BKP2604020239,Cbse class 10 past 10 year chapterwise pyqs for Maths,,2026-08-13 01:16:00,Krishna09,MTR.G0.R01.A11.L4.B1,5,,PW,BKP2604020239,Default Vendor,PRIME260800025138,deepanshu2,Shekhar Srivastava,55038,PWH
PWH20277,ERP-B2B-SALE-2026-23517,2026-08-12 13:23:00,2026-08-12 18:17:00,FOC,BKP2604437976,"PW CBSE Class 10 Science PYQ Chapter-wise, Topic-wise & Typewise 10 Years Solved PYQs (2026-2016) with 5 Multiple Sets of 2026 For 2027 Board Exams | Concept Maps, Competency Tagging, NCERT References",,2026-08-13 01:42:00,Krishna09,MTR.G1.R30.A06.L2.B1,5,,PW,BKP2604437976,Default Vendor,PRIME260800025138,deepanshu2,Shekhar Srivastava,55038,PWH
PWH20278,ERP-B2B-SALE-2026-23516,2026-08-12 13:19:00,2026-08-12 18:17:00,FOC,BKP2602418406,PW CBSE Class 11 Question & Concept Bank (QCB) Mathematics Chapter-wclass 11 maths question bankise and Topic-wise Solved Questions For 2027 Exams with Competency Based Question,,2026-08-13 02:03:00,Bharat21,SPR.R20.A7.L1.B4,4,,PW,BKP2602418406,Default Vendor,PRIME260800025067,deepanshu2,Prakhar Shukla,55040,PWH
PWH20278,ERP-B2B-SALE-2026-23516,2026-08-12 13:19:00,2026-08-12 18:17:00,FOC,BKP2602019093,PW CBSE Class 11 Question & Concept Bank (QCB) Physics Chapter-wise and Topic-wise Solved Questions For 2027 Exams with Competency Based Question,,2026-08-13 01:16:00,Bharat21,MTR.G1.R04.A08.L4.B2,4,,PW,BKP2602019093,Default Vendor,PRIME260800025067,deepanshu2,Prakhar Shukla,55040,PWH
PWH20278,ERP-B2B-SALE-2026-23516,2026-08-12 13:19:00,2026-08-12 18:17:00,FOC,BKP2602019095,PW CBSE Class 11 Question & Concept Bank (QCB) Biology Chapter-wise and Topic-wise Solved Questions For 2027 Exams with Competency Based Question,,2026-08-13 02:24:00,Bharat21,SPR.R15.A2.L0.B2,4,,PW,BKP2602019095,Default Vendor,PRIME260800025067,deepanshu2,Prakhar Shukla,55040,PWH
PWH20278,ERP-B2B-SALE-2026-23516,2026-08-12 13:19:00,2026-08-12 18:17:00,FOC,BKP2602019094,PW CBSE Class 11 Question & Concept Bank (QCB) Chemistry Chapter-wise and Topic-wise Solved Questions For 2027 with Competency Based Question,,2026-08-13 01:08:00,Bharat21,MTR.G1.R36.A09.L1.B1,4,,PW,BKP2602019094,Default Vendor,PRIME260800025067,deepanshu2,Prakhar Shukla,55040,PWH
PWH20278,ERP-B2B-SALE-2026-23516,2026-08-12 13:19:00,2026-08-12 18:17:00,FOC,BKP2603019608,"PW CBSE Class 10 PYQs - Past 10 Years Solved Papers For 2027 Board Exams | Delhi & Outside Delhi with Multiple Sets of 2026 | Science, Maths, Social Science, English | NCERT References",,2026-08-13 00:46:00,Bharat21,MTR.G3.R38.A01.L1.B1,10,,PW,BKP2603019608,Default Vendor,PRIME260800025067,deepanshu2,Prakhar Shukla,55040,PWH
PWH20278,ERP-B2B-SALE-2026-23516,2026-08-12 13:19:00,2026-08-12 18:17:00,FOC,BKP2603019647,CBSE Improvement Score Amplifier Class 10 Science For 2026 Improvement Board Exams | 5 PYQs Sets of 2026 Solved Papers | Sample Papers & Chapter-wise Concepts Maps,,2026-08-13 01:29:00,Bharat21,MTR.G0.R16.A10.L3.B1,10,,PW,BKP2603019647,Default Vendor,PRIME260800025067,deepanshu2,Prakhar Shukla,55040,PWH
PWH20278,ERP-B2B-SALE-2026-23516,2026-08-12 13:19:00,2026-08-12 18:17:00,FOC,BKP2603216361,PW CBSE Question & Concept Bank (QCB) Class 10 Basic Maths Chapter-wise and Topic-wise Solved Questions For 2027 Board Exams with 50% Competency Based Question,,2026-08-13 00:59:00,Bharat21,MTR.G2.R46.A10.L4.B1,10,,PW,BKP2603216361,Default Vendor,PRIME260800025067,deepanshu2,Prakhar Shukla,55040,PWH
PWH20278,ERP-B2B-SALE-2026-23516,2026-08-12 13:19:00,2026-08-12 18:17:00,FOC,BKP2511269571,CUET (UG) Business Studies Chapterwise & Topicwise Question Bank for 2026 Exam | Theory & Exercise with Past Year Questions (2025-2022) PYQ and Mock Tests,,2026-08-13 01:17:00,Bharat21,MTR.G1.R01.A03.L3.B1,3,,PW,BKP2511269571,Default Vendor,PRIME260800025067,deepanshu2,Prakhar Shukla,55040,PWH
PWH20278,ERP-B2B-SALE-2026-23516,2026-08-12 13:19:00,2026-08-12 18:17:00,FOC,BKP2511179907,CUET (UG) Accountancy Chapterwise & Topicwise Question Bank for 2026 Exam | Theory & Exercise with Past Year Questions (2025-2022) PYQ and Mock Tests,,2026-08-13 01:32:00,Bharat21,MTR.G0.R04.A07.L2.B1,3,,PW,BKP2511179907,Default Vendor,PRIME260800025067,deepanshu2,Prakhar Shukla,55040,PWH
PWH20278,ERP-B2B-SALE-2026-23516,2026-08-12 13:19:00,2026-08-12 18:17:00,FOC,BKP2511148351,CUET (UG) Economics Chapterwise & Topicwise Question Bank for 2026 Exam | Theory & Exercise with Past Year Questions (2025-2022) PYQ and Mock Tests,,2026-08-13 01:14:00,Bharat21,MTR.G1.R15.A09.L1.B2,3,,PW,BKP2511148351,Default Vendor,PRIME260800025067,deepanshu2,Prakhar Shukla,55040,PWH
PWH20278,ERP-B2B-SALE-2026-23516,2026-08-12 13:19:00,2026-08-12 18:17:00,FOC,BKP2509007032,PW CBSE Question & Concept Bank (QCB) Class 12 Indian Economic Development Chapter-wise and Topic-wise Solved Questions For 2026 Exams with Competency Based Question,,2026-08-13 01:26:00,Bharat21,MTR.G0.R43.A10.L1.B1,5,,PW,BKP2509007032,Default Vendor,PRIME260800025067,deepanshu2,Prakhar Shukla,55040,PWH
PWH20278,ERP-B2B-SALE-2026-23516,2026-08-12 13:19:00,2026-08-12 18:17:00,FOC,BKP2509007028,PW CBSE Question & Concept Bank (QCB) Class 12 Introductory Macroeconomics Chapter-wise and Topic-wise Solved Questions For 2026 Exams with Competency Based Question,,2026-08-13 01:31:00,Bharat21,MTR.G0.R13.A06.L3.B1,5,,PW,BKP2509007028,Default Vendor,PRIME260800025067,deepanshu2,Prakhar Shukla,55040,PWH
PWH20278,ERP-B2B-SALE-2026-23516,2026-08-12 13:19:00,2026-08-12 18:17:00,FOC,BKP2509007034,PW CBSE Question & Concept Bank (QCB) Class 11 Introductory Microeconomics Chapter-wise and Topic-wise Solved Questions For 2026 Exams with Competency Based Question,,2026-08-13 01:49:00,Bharat21,SPR.R4.A10.L0.B1,3,,PW,BKP2509007034,Default Vendor,PRIME260800025067,deepanshu2,Prakhar Shukla,55040,PWH
PWH20278,ERP-B2B-SALE-2026-23516,2026-08-12 13:19:00,2026-08-12 18:17:00,FOC,BKP2509007031,CBSE Question & Concept Bank (QCB) Class 12 Accountancy Chapter-wise and Topic-wise Solved Questions For 2026 Exams with Competency Based Question,,2026-08-13 02:05:00,Bharat21,SPR.R19.A9.L0.B3,5,,PW,BKP2509007031,Default Vendor,PRIME260800025067,deepanshu2,Prakhar Shukla,55040,PWH
PWH20278,ERP-B2B-SALE-2026-23516,2026-08-12 13:19:00,2026-08-12 18:17:00,FOC,BKP2509009063,PW CBSE Question & Concept Bank (QCB) Class 11 Accountancy Chapter-wise and Topic-wise Solved Questions For 2026 Exams with Competency Based Question,,2026-08-13 01:32:00,Bharat21,MTR.G0.R04.A05.L1.B2,3,,PW,BKP2509009063,Default Vendor,PRIME260800025067,deepanshu2,Prakhar Shukla,55040,PWH
PWH20278,ERP-B2B-SALE-2026-23516,2026-08-12 13:19:00,2026-08-12 18:17:00,FOC,BKP2509009064,PW CBSE Question & Concept Bank (QCB) Class 11 Statistics for Economics Chapter-wise and Topic-wise Solved Questions For 2026 Exams with Competency Based Question,,2026-08-13 01:58:00,Bharat21,SPR.R9.A5.L0.B3,3,,PW,BKP2509009064,Default Vendor,PRIME260800025067,deepanshu2,Prakhar Shukla,55040,PWH
PWH20278,ERP-B2B-SALE-2026-23516,2026-08-12 13:19:00,2026-08-12 18:17:00,FOC,BKP2602019096,PW CBSE Question & Concept Bank (QCB) Class 12 Physics Chapter-wise and Topic-wise Solved Questions By Rakshak Sir For 2027 Board Exams with 50% Competency Based Question,,2026-08-13 01:10:00,Bharat21,MTR.G1.R25.A05.L1.B2,10,,PW,BKP2602019096,Default Vendor,PRIME260800025067,deepanshu2,Prakhar Shukla,55040,PWH
PWH20278,ERP-B2B-SALE-2026-23516,2026-08-12 13:19:00,2026-08-12 18:17:00,FOC,BKP2602019099,PW CBSE Question & Concept Bank (QCB) Class 12 English Core Chapter-wise and Topic-wise Solved Questions By Anurag Sir For 2027 Board Exams with 50% Competency Based Question,,2026-08-13 00:51:00,Bharat21,MTR.G3.R07.A03.L4.B1,10,,PW,BKP2602019099,Default Vendor,PRIME260800025067,deepanshu2,Prakhar Shukla,55040,PWH
PWH20278,ERP-B2B-SALE-2026-23516,2026-08-12 13:19:00,2026-08-12 18:17:00,FOC,BKP2602019098,PW CBSE Question & Concept Bank (QCB) Class 12 Biology Chapter-wise and Topic-wise Solved Questions By Samridhi Mam & Aarushi Mam For 2027 Board Exams with 50% Competency Based Question,,2026-08-13 01:01:00,Bharat21,MTR.G2.R36.A10.L2.B2,10,,PW,BKP2602019098,Default Vendor,PRIME260800025067,deepanshu2,Prakhar Shukla,55040,PWH
PWH20278,ERP-B2B-SALE-2026-23516,2026-08-12 13:19:00,2026-08-12 18:17:00,FOC,BKP2602975509,PW CBSE Question & Concept Bank (QCB) Class 12 Mathematics Chapter-wise and Topic-wise Solved Questions By Deepak Sir For 2027 Board Exams with 50% Competency Based Question,,2026-08-13 00:54:00,Bharat21,MTR.G3.R02.A01.L4.B2,10,,PW,BKP2602975509,Default Vendor,PRIME260800025067,deepanshu2,Prakhar Shukla,55040,PWH
PWH20278,ERP-B2B-SALE-2026-23516,2026-08-12 13:19:00,2026-08-12 18:17:00,FOC,BKP2602019097,PW CBSE Question & Concept Bank (QCB) Class 12 Chemistry Chapter-wise and Topic-wise Solved Questions By Shourya Mam & Aakash Sir For 2027 Board Exams with 50% Competency Based Question,,2026-08-13 01:54:00,Bharat21,SPR.R7.A1.L6.B1,10,,PW,BKP2602019097,Default Vendor,PRIME260800025067,deepanshu2,Prakhar Shukla,55040,PWH
PWH20278,ERP-B2B-SALE-2026-23516,2026-08-12 13:19:00,2026-08-12 18:17:00,FOC,BKP2602019196,PW CBSE Class 9 English Kaveri New NCERT 2026-27 Question and Concept Bank with NCERT Textbook Solutions and Competency Based Questions,,2026-08-13 01:04:00,Bharat21,MTR.G2.R01.A09.L3.B1,4,,PW,BKP2602019196,Default Vendor,PRIME260800025067,deepanshu2,Prakhar Shukla,55040,PWH
PWH20278,ERP-B2B-SALE-2026-23516,2026-08-12 13:19:00,2026-08-12 18:17:00,FOC,BKP2602019199,PW CBSE Class 9 Science Exploration New NCERT 2026-27 Question and Concept Bank with NCERT Textbook Solutions and Competency Based Questions By Akshya Tyagi Sir,,2026-08-13 00:49:00,Bharat21,MTR.G3.R26.A01.L4.B1,4,,PW,BKP2602019199,Default Vendor,PRIME260800025067,deepanshu2,Prakhar Shukla,55040,PWH
PWH20278,ERP-B2B-SALE-2026-23516,2026-08-12 13:19:00,2026-08-12 18:17:00,FOC,BKP2503006576,CBSE Class 10 NCERT Exemplar Problems Mathematics and Science with Text & Video Solutions | Chapterwise Mind Maps | PYQ Tagging | Rationalised NCERT Syllabus,,2026-08-13 01:27:00,Bharat21,MTR.G0.R22.A09.L2.B2,4,,PW,BKP2503006576,Default Vendor,PRIME260800025067,deepanshu2,Prakhar Shukla,55040,PWH
PWH20278,ERP-B2B-SALE-2026-23516,2026-08-12 13:19:00,2026-08-12 18:17:00,FOC,BKP2503007203,"CBSE Class 10 Mathematics Made Easy Handwritten Notes By Ritik Mishra For Board 2025-2026 Exams | Formulas, Solved Examples, Theorems, Practice Questions, Solved CBSE Questions",,2026-08-13 01:04:00,Bharat21,MTR.G2.R01.A01.L4.B1,2,,PW,BKP2503007203,Default Vendor,PRIME260800025067,deepanshu2,Prakhar Shukla,55040,PWH
PWH20278,ERP-B2B-SALE-2026-23516,2026-08-12 13:19:00,2026-08-12 18:17:00,FOC,BKP2505007033,"CBSE Class 10 Mind Maps Book For 2026 Board Exams l Mathematics, Physics, Chemistry, Biology, English and Social Science | Simplified Concepts & Quick Revision",,2026-08-13 01:30:00,Bharat21,MTR.G0.R14.A05.L1.B2,8,,PW,BKP2505007033,Default Vendor,PRIME260800025067,deepanshu2,Prakhar Shukla,55040,PWH
PWH20278,ERP-B2B-SALE-2026-23516,2026-08-12 13:19:00,2026-08-12 18:17:00,FOC,BKP2505007033,"CBSE Class 10 Mind Maps Book For 2026 Board Exams l Mathematics, Physics, Chemistry, Biology, English and Social Science | Simplified Concepts & Quick Revision",,2026-08-13 01:11:00,Bharat21,MTR.G1.R23.A11.L2.B2,2,,PW,BKP2505007033,Default Vendor,PRIME260800025067,deepanshu2,Prakhar Shukla,55040,PWH
PWH20278,ERP-B2B-SALE-2026-23516,2026-08-12 13:19:00,2026-08-12 18:17:00,FOC,BKP2510009042,"CBSE Class 9 Most Probable 20 Combined Sample Question Papers For 2026 Exams as per Latest Syllabus 2025-26 l Science, Mathematics, Social Science and English",,2026-08-13 01:28:00,Bharat21,MTR.G0.R16.A12.L2.B1,2,,PW,BKP2510009042,Default Vendor,PRIME260800025067,deepanshu2,Prakhar Shukla,55040,PWH
PWH20278,ERP-B2B-SALE-2026-23516,2026-08-12 13:19:00,2026-08-12 18:17:00,FOC,BKP2603020049,"PW CBSE Class 12 PYQs PCME - Past 10 Years Solved Papers For 2027 Board Exams | Delhi & Outside Delhi Papers Covered | Physics, Chemistry, Maths, English",,2026-08-13 01:15:00,Bharat21,MTR.G1.R11.A10.L4.B2,4,,PW,BKP2603020049,Default Vendor,PRIME260800025067,deepanshu2,Prakhar Shukla,55040,PWH
PWH20278,ERP-B2B-SALE-2026-23516,2026-08-12 13:19:00,2026-08-12 18:17:00,FOC,BKP2603020048,"PW CBSE Class 12 PYQs PCBE - Past 10 Years Solved Papers For 2027 Board Exams | Delhi & Outside Delhi Papers Covered | Physics, Chemistry, Biology, English",,2026-08-13 01:13:00,Bharat21,MTR.G1.R19.A09.L1.B2,3,,PW,BKP2603020048,Default Vendor,PRIME260800025067,deepanshu2,Prakhar Shukla,55040,PWH
PWH20278,ERP-B2B-SALE-2026-23516,2026-08-12 13:19:00,2026-08-12 18:17:00,FOC,BKP2604020239,Cbse class 10 past 10 year chapterwise pyqs for Maths,,2026-08-13 01:33:00,Bharat21,MTR.G0.R01.A11.L4.B1,3,,PW,BKP2604020239,Default Vendor,PRIME260800025067,deepanshu2,Prakhar Shukla,55040,PWH
PWH20278,ERP-B2B-SALE-2026-23516,2026-08-12 13:19:00,2026-08-12 18:17:00,FOC,BKP2604020238,"CBSE Class 10 English Language & Literature Chapter-wise, Topic-wise & Typewise 10 Years Solved PYQs (2026-2016) with 3 Multiple Sets of 2026 For 2027 Board Exams | Concept Maps, Competency Tagging",,2026-08-13 01:12:00,Bharat21,MTR.G1.R22.A01.L3.B2,5,,PW,BKP2604020238,Default Vendor,PRIME260800025067,deepanshu2,Prakhar Shukla,55040,PWH
PWH20278,ERP-B2B-SALE-2026-23516,2026-08-12 13:19:00,2026-08-12 18:17:00,FOC,BKP2606844887,"PW New NCERT Class 9 Maths Ganita Manjari Part 1 Textbook Solutions with Mind Maps 2026-27 | Revision Book, Solved NCERT Intext Solutions and End Exercises",,2026-08-13 01:49:00,Bharat21,SPR.R3.A12.L1.B2,10,,PW,BKP2606844887,Default Vendor,PRIME260800025067,deepanshu2,Prakhar Shukla,55040,PWH
PWH20278,ERP-B2B-SALE-2026-23516,2026-08-12 13:19:00,2026-08-12 18:17:00,FOC,BKP2606022950,"PW New NCERT Class 9 English Kaveri Textbook Solutions with Mind Maps 2026-27 | Revision Book, Solved NCERT Intext Solutions and End Exercises",,2026-08-13 01:47:00,Bharat21,SPR.R2.A9.L2.B1,4,,PW,BKP2606022950,Default Vendor,PRIME260800025067,deepanshu2,Prakhar Shukla,55040,PWH
PWH20279,ERP-B2B-SALE-2026-23515,2026-08-12 13:12:00,2026-08-12 18:18:00,FOC,BKP2602840440,"PW Udaan For Class 10 Physics, Chemistry, Mathematics Part A & B, Biology, Competitive Booklet Combo Set of 6 Books (2026 Edition).",Size,2026-08-13 03:39:00,Krishna09,GP_KIT_12,1,,PW,BKP2602840440,Default Vendor,PRIME260800025297,deepanshu2,Ameen Mohamed Khan,55034,PWH
PWH20279,ERP-B2B-SALE-2026-23515,2026-08-12 13:12:00,2026-08-12 18:18:00,FOC,BKP2603019478,PW CBSE Question & Concept Bank (QCB) Class 10 Science Chapter-wise and Topic-wise Solved Questions By Samridhi Sharma For 2027 Board Exams with 50% Competency Based Question,,2026-08-13 02:45:00,Krishna09,MTR.G2.R09.A11.L1.B2,2,,PW,BKP2603019478,Default Vendor,PRIME260800025297,deepanshu2,Ameen Mohamed Khan,55034,PWH
PWH20279,ERP-B2B-SALE-2026-23515,2026-08-12 13:12:00,2026-08-12 18:18:00,FOC,BKP2603019479,PW CBSE Question & Concept Bank (QCB) Class 10 Maths (Standard) Chapter-wise and Topic-wise Solved Questions By Ritik Mishra For 2027 Board Exams with 50% Competency Based Question,,2026-08-13 02:38:00,Krishna09,MTR.G3.R12.A09.L1.B2,2,,PW,BKP2603019479,Default Vendor,PRIME260800025297,deepanshu2,Ameen Mohamed Khan,55034,PWH
PWH20279,ERP-B2B-SALE-2026-23515,2026-08-12 13:12:00,2026-08-12 18:18:00,FOC,BKP2603019477,PW CBSE Question & Concept Bank (QCB) Class 10 Social Science Chapter-wise and Topic-wise Solved Questions By Siddarth Sharma & Ujjavala Punj For 2027 Board Exams with 50% Competency Based Question,,2026-08-13 03:01:00,Krishna09,MTR.G0.R42.A07.L2.B1,2,,PW,BKP2603019477,Default Vendor,PRIME260800025297,deepanshu2,Ameen Mohamed Khan,55034,PWH
PWH20279,ERP-B2B-SALE-2026-23515,2026-08-12 13:12:00,2026-08-12 18:18:00,FOC,BKP2603741359,PW CBSE Question & Concept Bank (QCB) Class 10 English Language & Literature Chapter-wise and Topic-wise Solved Questions For 2027 Board Exams with 50% Competency Based Question,,2026-08-13 02:44:00,Krishna09,MTR.G2.R10.A07.L1.B2,2,,PW,BKP2603741359,Default Vendor,PRIME260800025297,deepanshu2,Ameen Mohamed Khan,55034,PWH
PWH20279,ERP-B2B-SALE-2026-23515,2026-08-12 13:12:00,2026-08-12 18:18:00,FOC,BKP2603019608,"PW CBSE Class 10 PYQs - Past 10 Years Solved Papers For 2027 Board Exams | Delhi & Outside Delhi with Multiple Sets of 2026 | Science, Maths, Social Science, English | NCERT References",,2026-08-13 02:36:00,Krishna09,MTR.G3.R38.A01.L1.B1,2,,PW,BKP2603019608,Default Vendor,PRIME260800025297,deepanshu2,Ameen Mohamed Khan,55034,PWH
PWH20279,ERP-B2B-SALE-2026-23515,2026-08-12 13:12:00,2026-08-12 18:18:00,FOC,BKP2603019651,CBSE Improvement Score Amplifier Class 10 Maths For 2026 Improvement Board Exams | 5 PYQs Sets of 2026 Solved Papers | Sample Papers & Chapter-wise Concepts Maps,,2026-08-13 03:06:00,Krishna09,MTR.G0.R02.A03.L3.B2,2,,PW,BKP2603019651,Default Vendor,PRIME260800025297,deepanshu2,Ameen Mohamed Khan,55034,PWH
PWH20279,ERP-B2B-SALE-2026-23515,2026-08-12 13:12:00,2026-08-12 18:18:00,FOC,BKP2603019649,CBSE Improvement Score Amplifier Class 10 Social Science For 2026 Improvement Board Exams | 5 PYQs Sets of 2026 Solved Papers | Sample Papers & Chapter-wise Concepts Maps,,2026-08-13 03:04:00,Krishna09,MTR.G0.R18.A09.L1.B2,2,,PW,BKP2603019649,Default Vendor,PRIME260800025297,deepanshu2,Ameen Mohamed Khan,55034,PWH
PWH20279,ERP-B2B-SALE-2026-23515,2026-08-12 13:12:00,2026-08-12 18:18:00,FOC,BKP2603019648,CBSE Improvement Score Amplifier Class 10 English For 2026 Improvement Board Exams | 5 PYQs Sets of 2026 Solved Papers | Sample Papers & Chapter-wise Concepts Maps,,2026-08-13 03:02:00,Krishna09,MTR.G0.R29.A01.L4.B2,2,,PW,BKP2603019648,Default Vendor,PRIME260800025297,deepanshu2,Ameen Mohamed Khan,55034,PWH
PWH20279,ERP-B2B-SALE-2026-23515,2026-08-12 13:12:00,2026-08-12 18:18:00,FOC,BKP2603019647,CBSE Improvement Score Amplifier Class 10 Science For 2026 Improvement Board Exams | 5 PYQs Sets of 2026 Solved Papers | Sample Papers & Chapter-wise Concepts Maps,,2026-08-13 03:05:00,Krishna09,MTR.G0.R16.A10.L3.B1,2,,PW,BKP2603019647,Default Vendor,PRIME260800025297,deepanshu2,Ameen Mohamed Khan,55034,PWH
PWH20279,ERP-B2B-SALE-2026-23515,2026-08-12 13:12:00,2026-08-12 18:18:00,FOC,BKP2603216361,PW CBSE Question & Concept Bank (QCB) Class 10 Basic Maths Chapter-wise and Topic-wise Solved Questions For 2027 Board Exams with 50% Competency Based Question,,2026-08-13 02:43:00,Krishna09,MTR.G2.R46.A10.L4.B1,2,,PW,BKP2603216361,Default Vendor,PRIME260800025297,deepanshu2,Ameen Mohamed Khan,55034,PWH
PWH20279,ERP-B2B-SALE-2026-23515,2026-08-12 13:12:00,2026-08-12 18:18:00,FOC,BKP2602019196,PW CBSE Class 9 English Kaveri New NCERT 2026-27 Question and Concept Bank with NCERT Textbook Solutions and Competency Based Questions,,2026-08-13 02:46:00,Krishna09,MTR.G2.R01.A09.L3.B1,3,,PW,BKP2602019196,Default Vendor,PRIME260800025297,deepanshu2,Ameen Mohamed Khan,55034,PWH
PWH20279,ERP-B2B-SALE-2026-23515,2026-08-12 13:12:00,2026-08-12 18:18:00,FOC,BKP2602019199,PW CBSE Class 9 Science Exploration New NCERT 2026-27 Question and Concept Bank with NCERT Textbook Solutions and Competency Based Questions By Akshya Tyagi Sir,,2026-08-13 02:37:00,Krishna09,MTR.G3.R26.A01.L4.B1,1,,PW,BKP2602019199,Default Vendor,PRIME260800025297,deepanshu2,Ameen Mohamed Khan,55034,PWH
PWH20279,ERP-B2B-SALE-2026-23515,2026-08-12 13:12:00,2026-08-12 18:18:00,FOC,BKP2503006576,CBSE Class 10 NCERT Exemplar Problems Mathematics and Science with Text & Video Solutions | Chapterwise Mind Maps | PYQ Tagging | Rationalised NCERT Syllabus,,2026-08-13 03:03:00,Krishna09,MTR.G0.R22.A09.L2.B2,2,,PW,BKP2503006576,Default Vendor,PRIME260800025297,deepanshu2,Ameen Mohamed Khan,55034,PWH
PWH20279,ERP-B2B-SALE-2026-23515,2026-08-12 13:12:00,2026-08-12 18:18:00,FOC,BKP2503007203,"CBSE Class 10 Mathematics Made Easy Handwritten Notes By Ritik Mishra For Board 2025-2026 Exams | Formulas, Solved Examples, Theorems, Practice Questions, Solved CBSE Questions",,2026-08-13 02:47:00,Krishna09,MTR.G2.R01.A01.L4.B1,2,,PW,BKP2503007203,Default Vendor,PRIME260800025297,deepanshu2,Ameen Mohamed Khan,55034,PWH
PWH20279,ERP-B2B-SALE-2026-23515,2026-08-12 13:12:00,2026-08-12 18:18:00,FOC,BKP2505007033,"CBSE Class 10 Mind Maps Book For 2026 Board Exams l Mathematics, Physics, Chemistry, Biology, English and Social Science | Simplified Concepts & Quick Revision",,2026-08-13 02:49:00,Krishna09,MTR.G1.R23.A11.L2.B2,2,,PW,BKP2505007033,Default Vendor,PRIME260800025297,deepanshu2,Ameen Mohamed Khan,55034,PWH
PWH20279,ERP-B2B-SALE-2026-23515,2026-08-12 13:12:00,2026-08-12 18:18:00,FOC,BKP2510009042,"CBSE Class 9 Most Probable 20 Combined Sample Question Papers For 2026 Exams as per Latest Syllabus 2025-26 l Science, Mathematics, Social Science and English",,2026-08-13 03:05:00,Krishna09,MTR.G0.R16.A12.L2.B1,2,,PW,BKP2510009042,Default Vendor,PRIME260800025297,deepanshu2,Ameen Mohamed Khan,55034,PWH
PWH20279,ERP-B2B-SALE-2026-23515,2026-08-12 13:12:00,2026-08-12 18:18:00,FOC,BKP2604020239,Cbse class 10 past 10 year chapterwise pyqs for Maths,,2026-08-13 03:06:00,Krishna09,MTR.G0.R01.A11.L4.B1,2,,PW,BKP2604020239,Default Vendor,PRIME260800025297,deepanshu2,Ameen Mohamed Khan,55034,PWH
PWH20279,ERP-B2B-SALE-2026-23515,2026-08-12 13:12:00,2026-08-12 18:18:00,FOC,BKP2604020238,"CBSE Class 10 English Language & Literature Chapter-wise, Topic-wise & Typewise 10 Years Solved PYQs (2026-2016) with 3 Multiple Sets of 2026 For 2027 Board Exams | Concept Maps, Competency Tagging",,2026-08-13 02:49:00,Krishna09,MTR.G1.R22.A01.L3.B2,2,,PW,BKP2604020238,Default Vendor,PRIME260800025297,deepanshu2,Ameen Mohamed Khan,55034,PWH
PWH20279,ERP-B2B-SALE-2026-23515,2026-08-12 13:12:00,2026-08-12 18:18:00,FOC,BKP2604020237,Cbse class 10 past 10 year chapterwise pyqs for Social Science,,2026-08-13 03:03:00,Krishna09,MTR.G0.R20.A12.L1.B1,2,,PW,BKP2604020237,Default Vendor,PRIME260800025297,deepanshu2,Ameen Mohamed Khan,55034,PWH
PWH20279,ERP-B2B-SALE-2026-23515,2026-08-12 13:12:00,2026-08-12 18:18:00,FOC,BKP2604437976,"PW CBSE Class 10 Science PYQ Chapter-wise, Topic-wise & Typewise 10 Years Solved PYQs (2026-2016) with 5 Multiple Sets of 2026 For 2027 Board Exams | Concept Maps, Competency Tagging, NCERT References",,2026-08-13 02:50:00,Krishna09,MTR.G1.R30.A06.L2.B1,1,,PW,BKP2604437976,Default Vendor,PRIME260800025297,deepanshu2,Ameen Mohamed Khan,55034,PWH
PWH20279,ERP-B2B-SALE-2026-23515,2026-08-12 13:12:00,2026-08-12 18:18:00,FOC,BKP2606844887,"PW New NCERT Class 9 Maths Ganita Manjari Part 1 Textbook Solutions with Mind Maps 2026-27 | Revision Book, Solved NCERT Intext Solutions and End Exercises",,2026-08-13 03:12:00,Krishna09,SPR.R3.A12.L1.B2,1,,PW,BKP2606844887,Default Vendor,PRIME260800025297,deepanshu2,Ameen Mohamed Khan,55034,PWH
PWH20279,ERP-B2B-SALE-2026-23515,2026-08-12 13:12:00,2026-08-12 18:18:00,FOC,BKP2606022950,"PW New NCERT Class 9 English Kaveri Textbook Solutions with Mind Maps 2026-27 | Revision Book, Solved NCERT Intext Solutions and End Exercises",,2026-08-13 03:11:00,Krishna09,SPR.R2.A9.L2.B1,1,,PW,BKP2606022950,Default Vendor,PRIME260800025297,deepanshu2,Ameen Mohamed Khan,55034,PWH
PWH20279,ERP-B2B-SALE-2026-23515,2026-08-12 13:12:00,2026-08-12 18:18:00,FOC,BKP2601379004,"PW Lakshya For NEET Class 12 Physics, Chemistry, Botany & Zoology Modules and Questions Booklet with Solutions Combo Set of 15 Books (2026 Edition) .",Size,2026-08-13 03:16:00,Krishna09,GP_B2B,1,,PW,BKP2601379004,Default Vendor,PRIME260800025297,deepanshu2,Ameen Mohamed Khan,55034,PWH
PWH20280,ERP-B2B-SALE-2026-23514,2026-08-12 12:42:00,2026-08-12 18:18:00,FOC,BKP2604020283,"PW ICSE Class 10 PYQs - Past 10 Years Solved Papers (2026-2016) For 2027 Exams | Physics, Chemistry, Maths, Biology, Economics, History & Civics, Geography, CA, English Paper 1 & 2",,2026-08-13 01:50:00,ManishKY,MTR.G0.R09.A04.L4.B1,2,,PW,BKP2604020283,Default Vendor,PRIME260800025141,deepanshu2,Mohammad Akbar,55036,PWH
PWH20280,ERP-B2B-SALE-2026-23514,2026-08-12 12:42:00,2026-08-12 18:18:00,FOC,BKP2604020283,"PW ICSE Class 10 PYQs - Past 10 Years Solved Papers (2026-2016) For 2027 Exams | Physics, Chemistry, Maths, Biology, Economics, History & Civics, Geography, CA, English Paper 1 & 2",,2026-08-13 01:50:00,ManishKY,MTR.G0.R18.A12.L4.B2,1,,PW,BKP2604020283,Default Vendor,PRIME260800025141,deepanshu2,Mohammad Akbar,55036,PWH
PWH20280,ERP-B2B-SALE-2026-23514,2026-08-12 12:42:00,2026-08-12 18:18:00,FOC,BKP2601010315,ICSE Victory Class 10th Module Chemistry Edition 2026,,2026-08-13 02:11:00,ManishKY,SPR.R21.A1.L1.B4,3,,PW,BKP2601010315,Default Vendor,PRIME260800025141,deepanshu2,Mohammad Akbar,55036,PWH
PWH20280,ERP-B2B-SALE-2026-23514,2026-08-12 12:42:00,2026-08-12 18:18:00,FOC,BKP2601018262,ICSE Victory Class-10th Module Geography Edition 2026,,2026-08-13 02:10:00,ManishKY,SPR.R19.A2.L1.B4,3,,PW,BKP2601018262,Default Vendor,PRIME260800025141,deepanshu2,Mohammad Akbar,55036,PWH
PWH20280,ERP-B2B-SALE-2026-23514,2026-08-12 12:42:00,2026-08-12 18:18:00,FOC,BKP2601018265,ICSE Victory Class-10th Module Mathematics Edition 2026,,2026-08-13 01:27:00,ManishKY,MTR.G3.R41.A10.L4.B2,3,,PW,BKP2601018265,Default Vendor,PRIME260800025141,deepanshu2,Mohammad Akbar,55036,PWH
PWH20280,ERP-B2B-SALE-2026-23514,2026-08-12 12:42:00,2026-08-12 18:18:00,FOC,BKP2601018261,ICSE Victory Class-10th Module PHYSICS Edition 2026,,2026-08-13 01:30:00,ManishKY,MTR.G3.R25.A01.L4.B1,3,,PW,BKP2601018261,Default Vendor,PRIME260800025141,deepanshu2,Mohammad Akbar,55036,PWH
PWH20280,ERP-B2B-SALE-2026-23514,2026-08-12 12:42:00,2026-08-12 18:18:00,FOC,BKP2604020293,PW ICSE Class 10 Question & Concept Bank Biology 2027 Chapterwise & Topicwise By Upasana Mam & Yogita Mam | Solved PYQs | 40% Competency & Application Based Practice Questions,,2026-08-13 01:35:00,ManishKY,MTR.G2.R10.A10.L4.B2,3,,PW,BKP2604020293,Default Vendor,PRIME260800025141,deepanshu2,Mohammad Akbar,55036,PWH
PWH20280,ERP-B2B-SALE-2026-23514,2026-08-12 12:42:00,2026-08-12 18:18:00,FOC,BKP2604020287,PW ICSE Class 10 Question & Concept Bank Chemistry for 2027 | Chapterwise & Topicwise By Sanya Mam & Sunil Sir | Solved PYQs | 40% Competency & Application Based Practice Questions,,2026-08-13 01:38:00,ManishKY,MTR.G1.R36.A10.L4.B2,3,,PW,BKP2604020287,Default Vendor,PRIME260800025141,deepanshu2,Mohammad Akbar,55036,PWH
PWH20280,ERP-B2B-SALE-2026-23514,2026-08-12 12:42:00,2026-08-12 18:18:00,FOC,BKP2604020312,PW ICSE Class 10 Question & Concept Bank Mathematics for 2027 | Chapterwise & Topicwise By Shivangi Mam & Devansh Sir | Solved PYQs | 40% Competency & Application Based Practice Questions,,2026-08-13 01:31:00,ManishKY,MTR.G3.R18.A05.L3.B2,3,,PW,BKP2604020312,Default Vendor,PRIME260800025141,deepanshu2,Mohammad Akbar,55036,PWH
PWH20280,ERP-B2B-SALE-2026-23514,2026-08-12 12:42:00,2026-08-12 18:18:00,FOC,BKP2604020286,PW ICSE Class 10 Question & Concept Bank Physics for 2027 | Chapterwise & Topicwise By Akash Shravan & Shailendra Pandey | Solved PYQs | 40% Competency & Application Based Practice Questions,,2026-08-13 01:28:00,ManishKY,MTR.G3.R36.A08.L4.B1,3,,PW,BKP2604020286,Default Vendor,PRIME260800025141,deepanshu2,Mohammad Akbar,55036,PWH
PWH20280,ERP-B2B-SALE-2026-23514,2026-08-12 12:42:00,2026-08-12 18:18:00,FOC,BKP2602019096,PW CBSE Question & Concept Bank (QCB) Class 12 Physics Chapter-wise and Topic-wise Solved Questions By Rakshak Sir For 2027 Board Exams with 50% Competency Based Question,,2026-08-13 01:39:00,ManishKY,MTR.G1.R25.A05.L1.B2,3,,PW,BKP2602019096,Default Vendor,PRIME260800025141,deepanshu2,Mohammad Akbar,55036,PWH
PWH20280,ERP-B2B-SALE-2026-23514,2026-08-12 12:42:00,2026-08-12 18:18:00,FOC,BKP2602019099,PW CBSE Question & Concept Bank (QCB) Class 12 English Core Chapter-wise and Topic-wise Solved Questions By Anurag Sir For 2027 Board Exams with 50% Competency Based Question,,2026-08-13 01:32:00,ManishKY,MTR.G3.R07.A03.L4.B1,3,,PW,BKP2602019099,Default Vendor,PRIME260800025141,deepanshu2,Mohammad Akbar,55036,PWH
PWH20280,ERP-B2B-SALE-2026-23514,2026-08-12 12:42:00,2026-08-12 18:18:00,FOC,BKP2602019098,PW CBSE Question & Concept Bank (QCB) Class 12 Biology Chapter-wise and Topic-wise Solved Questions By Samridhi Mam & Aarushi Mam For 2027 Board Exams with 50% Competency Based Question,,2026-08-13 01:37:00,ManishKY,MTR.G2.R36.A10.L2.B2,3,,PW,BKP2602019098,Default Vendor,PRIME260800025141,deepanshu2,Mohammad Akbar,55036,PWH
PWH20280,ERP-B2B-SALE-2026-23514,2026-08-12 12:42:00,2026-08-12 18:18:00,FOC,BKP2602975509,PW CBSE Question & Concept Bank (QCB) Class 12 Mathematics Chapter-wise and Topic-wise Solved Questions By Deepak Sir For 2027 Board Exams with 50% Competency Based Question,,2026-08-13 01:32:00,ManishKY,MTR.G3.R02.A01.L4.B2,3,,PW,BKP2602975509,Default Vendor,PRIME260800025141,deepanshu2,Mohammad Akbar,55036,PWH
PWH20280,ERP-B2B-SALE-2026-23514,2026-08-12 12:42:00,2026-08-12 18:18:00,FOC,BKP2602019097,PW CBSE Question & Concept Bank (QCB) Class 12 Chemistry Chapter-wise and Topic-wise Solved Questions By Shourya Mam & Aakash Sir For 2027 Board Exams with 50% Competency Based Question,,2026-08-13 02:40:00,ManishKY,SPR.R7.A1.L6.B1,3,,PW,BKP2602019097,Default Vendor,PRIME260800025140,deepanshu2,Mohammad Akbar,55036,PWH
PWH20280,ERP-B2B-SALE-2026-23514,2026-08-12 12:42:00,2026-08-12 18:18:00,FOC,BKP2603020049,"PW CBSE Class 12 PYQs PCME - Past 10 Years Solved Papers For 2027 Board Exams | Delhi & Outside Delhi Papers Covered | Physics, Chemistry, Maths, English",,2026-08-13 01:43:00,ManishKY,MTR.G1.R11.A10.L4.B2,3,,PW,BKP2603020049,Default Vendor,PRIME260800025141,deepanshu2,Mohammad Akbar,55036,PWH
PWH20280,ERP-B2B-SALE-2026-23514,2026-08-12 12:42:00,2026-08-12 18:18:00,FOC,BKP2603020048,"PW CBSE Class 12 PYQs PCBE - Past 10 Years Solved Papers For 2027 Board Exams | Delhi & Outside Delhi Papers Covered | Physics, Chemistry, Biology, English",,2026-08-13 01:41:00,ManishKY,MTR.G1.R19.A09.L1.B2,3,,PW,BKP2603020048,Default Vendor,PRIME260800025141,deepanshu2,Mohammad Akbar,55036,PWH
PWH20282,ERP-B2B-SALE-2026-23512,2026-08-12 11:10:00,2026-08-12 18:18:00,FOC,BKP2602418406,PW CBSE Class 11 Question & Concept Bank (QCB) Mathematics Chapter-wclass 11 maths question bankise and Topic-wise Solved Questions For 2027 Exams with Competency Based Question,,2026-08-13 03:32:00,Bharat21,SPR.R20.A7.L1.B4,3,,PW,BKP2602418406,Default Vendor,PRIME260800025296,deepanshu2,Sanjay,55035,PWH
PWH20282,ERP-B2B-SALE-2026-23512,2026-08-12 11:10:00,2026-08-12 18:18:00,FOC,BKP2602019093,PW CBSE Class 11 Question & Concept Bank (QCB) Physics Chapter-wise and Topic-wise Solved Questions For 2027 Exams with Competency Based Question,,2026-08-13 02:53:00,Bharat21,MTR.G1.R04.A08.L4.B2,3,,PW,BKP2602019093,Default Vendor,PRIME260800025296,deepanshu2,Sanjay,55035,PWH
PWH20282,ERP-B2B-SALE-2026-23512,2026-08-12 11:10:00,2026-08-12 18:18:00,FOC,BKP2602019095,PW CBSE Class 11 Question & Concept Bank (QCB) Biology Chapter-wise and Topic-wise Solved Questions For 2027 Exams with Competency Based Question,,2026-08-13 03:18:00,Bharat21,SPR.R15.A2.L0.B2,1,,PW,BKP2602019095,Default Vendor,PRIME260800025296,deepanshu2,Sanjay,55035,PWH
PWH20282,ERP-B2B-SALE-2026-23512,2026-08-12 11:10:00,2026-08-12 18:18:00,FOC,BKP2602019095,PW CBSE Class 11 Question & Concept Bank (QCB) Biology Chapter-wise and Topic-wise Solved Questions For 2027 Exams with Competency Based Question,,2026-08-13 03:17:00,Bharat21,SPR.R7.A6.L6.B1,2,,PW,BKP2602019095,Default Vendor,PRIME260800025296,deepanshu2,Sanjay,55035,PWH
PWH20282,ERP-B2B-SALE-2026-23512,2026-08-12 11:10:00,2026-08-12 18:18:00,FOC,BKP2602019094,PW CBSE Class 11 Question & Concept Bank (QCB) Chemistry Chapter-wise and Topic-wise Solved Questions For 2027 with Competency Based Question,,2026-08-13 02:51:00,Bharat21,MTR.G1.R36.A09.L1.B1,3,,PW,BKP2602019094,Default Vendor,PRIME260800025296,deepanshu2,Sanjay,55035,PWH
PWH20282,ERP-B2B-SALE-2026-23512,2026-08-12 11:10:00,2026-08-12 18:18:00,FOC,BKP2603019466,"PW Umang For Class 8 Mathematics, Science, MAT, Social Studies and English Combo Set of 5 Books (2026 Edition)",Size,2026-08-13 03:04:00,Bharat21,MTR.G0.R02.A03.L2.B1,1,,PW,BKP2603019466,Default Vendor,PRIME260800025296,deepanshu2,Sanjay,55035,PWH
PWH20282,ERP-B2B-SALE-2026-23512,2026-08-12 11:10:00,2026-08-12 18:18:00,FOC,BKP2603019478,PW CBSE Question & Concept Bank (QCB) Class 10 Science Chapter-wise and Topic-wise Solved Questions By Samridhi Sharma For 2027 Board Exams with 50% Competency Based Question,,2026-08-13 02:46:00,Bharat21,MTR.G2.R09.A11.L1.B2,5,,PW,BKP2603019478,Default Vendor,PRIME260800025296,deepanshu2,Sanjay,55035,PWH
PWH20282,ERP-B2B-SALE-2026-23512,2026-08-12 11:10:00,2026-08-12 18:18:00,FOC,BKP2603019479,PW CBSE Question & Concept Bank (QCB) Class 10 Maths (Standard) Chapter-wise and Topic-wise Solved Questions By Ritik Mishra For 2027 Board Exams with 50% Competency Based Question,,2026-08-13 02:36:00,Bharat21,MTR.G3.R12.A09.L1.B2,1,,PW,BKP2603019479,Default Vendor,PRIME260800025296,deepanshu2,Sanjay,55035,PWH
PWH20282,ERP-B2B-SALE-2026-23512,2026-08-12 11:10:00,2026-08-12 18:18:00,FOC,BKP2603019647,CBSE Improvement Score Amplifier Class 10 Science For 2026 Improvement Board Exams | 5 PYQs Sets of 2026 Solved Papers | Sample Papers & Chapter-wise Concepts Maps,,2026-08-13 02:34:00,Bharat21,MTR.G3.R25.A11.L4.B1,2,,PW,BKP2603019647,Default Vendor,PRIME260800025296,deepanshu2,Sanjay,55035,PWH
PWH20282,ERP-B2B-SALE-2026-23512,2026-08-12 11:10:00,2026-08-12 18:18:00,FOC,BKP2603216361,PW CBSE Question & Concept Bank (QCB) Class 10 Basic Maths Chapter-wise and Topic-wise Solved Questions For 2027 Board Exams with 50% Competency Based Question,,2026-08-13 02:43:00,Bharat21,MTR.G2.R46.A10.L4.B1,5,,PW,BKP2603216361,Default Vendor,PRIME260800025296,deepanshu2,Sanjay,55035,PWH
PWH20282,ERP-B2B-SALE-2026-23512,2026-08-12 11:10:00,2026-08-12 18:18:00,FOC,BKP2602019096,PW CBSE Question & Concept Bank (QCB) Class 12 Physics Chapter-wise and Topic-wise Solved Questions By Rakshak Sir For 2027 Board Exams with 50% Competency Based Question,,2026-08-13 02:54:00,Bharat21,MTR.G1.R25.A05.L1.B2,2,,PW,BKP2602019096,Default Vendor,PRIME260800025296,deepanshu2,Sanjay,55035,PWH
PWH20282,ERP-B2B-SALE-2026-23512,2026-08-12 11:10:00,2026-08-12 18:18:00,FOC,BKP2604020111,PW CBSE Question & Concept Bank (QCB) Class 10 Hindi-B Chapter-wise and Topic-wise Solved Questions For 2027 Exams with 50% Competency Based Question,,2026-08-13 02:37:00,Bharat21,MTR.G3.R13.A08.L1.B1,2,,PW,BKP2604020111,Default Vendor,PRIME260800025296,deepanshu2,Sanjay,55035,PWH
PWH20282,ERP-B2B-SALE-2026-23512,2026-08-12 11:10:00,2026-08-12 18:18:00,FOC,BKP2602019099,PW CBSE Question & Concept Bank (QCB) Class 12 English Core Chapter-wise and Topic-wise Solved Questions By Anurag Sir For 2027 Board Exams with 50% Competency Based Question,,2026-08-13 02:37:00,Bharat21,MTR.G3.R07.A03.L4.B1,1,,PW,BKP2602019099,Default Vendor,PRIME260800025296,deepanshu2,Sanjay,55035,PWH
PWH20282,ERP-B2B-SALE-2026-23512,2026-08-12 11:10:00,2026-08-12 18:18:00,FOC,BKP2602019098,PW CBSE Question & Concept Bank (QCB) Class 12 Biology Chapter-wise and Topic-wise Solved Questions By Samridhi Mam & Aarushi Mam For 2027 Board Exams with 50% Competency Based Question,,2026-08-13 02:44:00,Bharat21,MTR.G2.R36.A10.L2.B2,2,,PW,BKP2602019098,Default Vendor,PRIME260800025296,deepanshu2,Sanjay,55035,PWH
PWH20282,ERP-B2B-SALE-2026-23512,2026-08-12 11:10:00,2026-08-12 18:18:00,FOC,BKP2602975509,PW CBSE Question & Concept Bank (QCB) Class 12 Mathematics Chapter-wise and Topic-wise Solved Questions By Deepak Sir For 2027 Board Exams with 50% Competency Based Question,,2026-08-13 02:39:00,Bharat21,MTR.G3.R02.A01.L4.B2,5,,PW,BKP2602975509,Default Vendor,PRIME260800025296,deepanshu2,Sanjay,55035,PWH
PWH20282,ERP-B2B-SALE-2026-23512,2026-08-12 11:10:00,2026-08-12 18:18:00,FOC,BKP2602019097,PW CBSE Question & Concept Bank (QCB) Class 12 Chemistry Chapter-wise and Topic-wise Solved Questions By Shourya Mam & Aakash Sir For 2027 Board Exams with 50% Competency Based Question,,2026-08-13 03:30:00,Bharat21,SPR.R7.A1.L6.B1,2,,PW,BKP2602019097,Default Vendor,PRIME260800025296,deepanshu2,Sanjay,55035,PWH
PWH20282,ERP-B2B-SALE-2026-23512,2026-08-12 11:10:00,2026-08-12 18:18:00,FOC,BKP2503006576,CBSE Class 10 NCERT Exemplar Problems Mathematics and Science with Text & Video Solutions | Chapterwise Mind Maps | PYQ Tagging | Rationalised NCERT Syllabus,,2026-08-13 03:03:00,Bharat21,MTR.G0.R22.A09.L2.B2,1,,PW,BKP2503006576,Default Vendor,PRIME260800025296,deepanshu2,Sanjay,55035,PWH
PWH20282,ERP-B2B-SALE-2026-23512,2026-08-12 11:10:00,2026-08-12 18:18:00,FOC,BKP2604020239,Cbse class 10 past 10 year chapterwise pyqs for Maths,,2026-08-13 03:05:00,Bharat21,MTR.G0.R01.A11.L4.B1,2,,PW,BKP2604020239,Default Vendor,PRIME260800025296,deepanshu2,Sanjay,55035,PWH
PWH20282,ERP-B2B-SALE-2026-23512,2026-08-12 11:10:00,2026-08-12 18:18:00,FOC,BKP2604437976,"PW CBSE Class 10 Science PYQ Chapter-wise, Topic-wise & Typewise 10 Years Solved PYQs (2026-2016) with 5 Multiple Sets of 2026 For 2027 Board Exams | Concept Maps, Competency Tagging, NCERT References",,2026-08-13 02:55:00,Bharat21,MTR.G1.R30.A06.L2.B1,1,,PW,BKP2604437976,Default Vendor,PRIME260800025296,deepanshu2,Sanjay,55035,PWH
PWH20284,ERP-B2B-SALE-2026-23533,2026-08-12 18:50:00,2026-08-12 18:50:00,Third Party,BKP2602019098,PW CBSE Question & Concept Bank (QCB) Class 12 Biology Chapter-wise and Topic-wise Solved Questions By Samridhi Mam & Aarushi Mam For 2027 Board Exams with 50% Competency Based Question,,2026-08-13 11:19:00,Punit02,MTR.G2.R36.A10.L2.B2,20,,PW,BKP2602019098,Default Vendor,PRIME260800026132,Saleem01,Repro Books Limited,55104,PWH
PWH20284,ERP-B2B-SALE-2026-23533,2026-08-12 18:50:00,2026-08-12 18:50:00,Third Party,BKP2602975509,PW CBSE Question & Concept Bank (QCB) Class 12 Mathematics Chapter-wise and Topic-wise Solved Questions By Deepak Sir For 2027 Board Exams with 50% Competency Based Question,,2026-08-13 11:13:00,Punit02,MTR.G3.R02.A01.L4.B2,20,,PW,BKP2602975509,Default Vendor,PRIME260800026134,Saleem01,Repro Books Limited,55104,PWH
PWH20284,ERP-B2B-SALE-2026-23533,2026-08-12 18:50:00,2026-08-12 18:50:00,Third Party,BKP2605021252,"PW Computer Awareness Book 2026 | Chapterwise Theory and 2500+ Most Repeated Questions & PYQs By Bhagyshree Mam For Banking, Railway, RBI Clerk & Assistant, SSC, Delhi Police and Others Exams",,2026-08-13 11:38:00,Punit02,MTR.G1.R07.A03.L4.B2,20,,PW,BKP2605021252,Default Vendor,PRIME260800026133,Saleem01,Repro Books Limited,55104,PWH
PWH20284,ERP-B2B-SALE-2026-23533,2026-08-12 18:50:00,2026-08-12 18:50:00,Third Party,BKP2605021566,"PW NEET PYQ 14 Years (2026-2013) Chapterwise & Topicwise Solved Papers | Additional PYQs of Re-NEET of 2026 & 2024, 2023 Manipur & More | Past Year Questions with Detailed Solutions",,2026-08-13 12:11:00,Punit02,SPR.R5.A6.L0.B3,18,,PW,BKP2605021566,Default Vendor,PRIME260800026136,Princeob,Repro Books Limited,55104,PWH
PWH20284,ERP-B2B-SALE-2026-23533,2026-08-12 18:50:00,2026-08-12 18:50:00,Third Party,BKP2605021566,"PW NEET PYQ 14 Years (2026-2013) Chapterwise & Topicwise Solved Papers | Additional PYQs of Re-NEET of 2026 & 2024, 2023 Manipur & More | Past Year Questions with Detailed Solutions",,2026-08-13 11:37:00,Punit02,MTR.G1.R20.A09.L4.B2,2,,PW,BKP2605021566,Default Vendor,PRIME260800026136,Princeob,Repro Books Limited,55104,PWH
PWH20284,ERP-B2B-SALE-2026-23533,2026-08-12 18:50:00,2026-08-12 18:50:00,Third Party,BKP2605021518,PW All in One UP Police Constable Hindi Book 2026-27 Exams | Practice Set and PYQs | Detailed Theory with Chapter-wise and Topic-wise Practice Questions,,2026-08-13 12:20:00,Punit02,SPR.R25.A7.L0.B4,6,,PW,BKP2605021518,Default Vendor,PRIME260800026130,Saleem01,Repro Books Limited,55104,PWH
PWH20284,ERP-B2B-SALE-2026-23533,2026-08-12 18:50:00,2026-08-12 18:50:00,Third Party,BKP2605021518,PW All in One UP Police Constable Hindi Book 2026-27 Exams | Practice Set and PYQs | Detailed Theory with Chapter-wise and Topic-wise Practice Questions,,2026-08-13 12:22:00,Punit02,SPR.R26.A4.L0.B1,1,,PW,BKP2605021518,Default Vendor,PRIME260800026131,Saleem01,Repro Books Limited,55104,PWH
PWH20284,ERP-B2B-SALE-2026-23533,2026-08-12 18:50:00,2026-08-12 18:50:00,Third Party,BKP2605021518,PW All in One UP Police Constable Hindi Book 2026-27 Exams | Practice Set and PYQs | Detailed Theory with Chapter-wise and Topic-wise Practice Questions,,2026-08-13 12:21:00,Punit02,SPR.R26.A7.L0.B4,1,,PW,BKP2605021518,Default Vendor,PRIME260800026131,Saleem01,Repro Books Limited,55104,PWH
PWH20284,ERP-B2B-SALE-2026-23533,2026-08-12 18:50:00,2026-08-12 18:50:00,Third Party,BKP2605021518,PW All in One UP Police Constable Hindi Book 2026-27 Exams | Practice Set and PYQs | Detailed Theory with Chapter-wise and Topic-wise Practice Questions,,2026-08-13 12:19:00,Punit02,SPR.R25.A7.L0.B4,10,,PW,BKP2605021518,Default Vendor,PRIME260800026131,Saleem01,Repro Books Limited,55104,PWH
PWH20284,ERP-B2B-SALE-2026-23533,2026-08-12 18:50:00,2026-08-12 18:50:00,Third Party,BKP2606022473,OnlyIAS UPSC Prelims Previous Year Solved Papers (2026–1995) | 32 Years Topicwise GS PYQs with 3400+ MCQs & Detailed Explanations | Civil Services IAS Book English Medium | UPSC Books 2027,,2026-08-13 12:14:00,Punit02,SPR.R23.A7.L1.B2,12,,PW,BKP2606022473,Default Vendor,PRIME260700066912,Princeob,Repro Books Limited,55104,PWH
PWH20284,ERP-B2B-SALE-2026-23533,2026-08-12 18:50:00,2026-08-12 18:50:00,Third Party,BKP2606022473,OnlyIAS UPSC Prelims Previous Year Solved Papers (2026–1995) | 32 Years Topicwise GS PYQs with 3400+ MCQs & Detailed Explanations | Civil Services IAS Book English Medium | UPSC Books 2027,,2026-08-13 12:15:00,Punit02,SPR.R23.A7.L1.B2,12,,PW,BKP2606022473,Default Vendor,PRIME260700066915,Princeob,Repro Books Limited,55104,PWH
PWH20284,ERP-B2B-SALE-2026-23533,2026-08-12 18:50:00,2026-08-12 18:50:00,Third Party,BKP2606022473,OnlyIAS UPSC Prelims Previous Year Solved Papers (2026–1995) | 32 Years Topicwise GS PYQs with 3400+ MCQs & Detailed Explanations | Civil Services IAS Book English Medium | UPSC Books 2027,,2026-08-13 12:15:00,Punit02,SPR.R23.A7.L1.B2,12,,PW,BKP2606022473,Default Vendor,PRIME260700066913,Princeob,Repro Books Limited,55104,PWH
PWH20284,ERP-B2B-SALE-2026-23533,2026-08-12 18:50:00,2026-08-12 18:50:00,Third Party,BKP2606022473,OnlyIAS UPSC Prelims Previous Year Solved Papers (2026–1995) | 32 Years Topicwise GS PYQs with 3400+ MCQs & Detailed Explanations | Civil Services IAS Book English Medium | UPSC Books 2027,,2026-08-13 12:15:00,Punit02,SPR.R23.A7.L1.B2,12,,PW,BKP2606022473,Default Vendor,PRIME260700066909,Princeob,Repro Books Limited,55104,PWH
PWH20284,ERP-B2B-SALE-2026-23533,2026-08-12 18:50:00,2026-08-12 18:50:00,Third Party,BKP2606022473,OnlyIAS UPSC Prelims Previous Year Solved Papers (2026–1995) | 32 Years Topicwise GS PYQs with 3400+ MCQs & Detailed Explanations | Civil Services IAS Book English Medium | UPSC Books 2027,,2026-08-13 12:15:00,Punit02,SPR.R23.A7.L1.B2,12,,PW,BKP2606022473,Default Vendor,PRIME260700066911,Princeob,Repro Books Limited,55104,PWH
PWH20284,ERP-B2B-SALE-2026-23533,2026-08-12 18:50:00,2026-08-12 18:50:00,Third Party,BKP2606022473,OnlyIAS UPSC Prelims Previous Year Solved Papers (2026–1995) | 32 Years Topicwise GS PYQs with 3400+ MCQs & Detailed Explanations | Civil Services IAS Book English Medium | UPSC Books 2027,,2026-08-13 11:44:00,Punit02,MTR.G0.R25.A09.L3.B2,10,,PW,BKP2606022473,Default Vendor,PRIME260800026140,Princeob,Repro Books Limited,55104,PWH
PWH20284,ERP-B2B-SALE-2026-23533,2026-08-12 18:50:00,2026-08-12 18:50:00,Third Party,BKP2606022750,PW JEE Advanced 49 Years (2026-1978) with JEE Main 162 Sets Physics PYQs (2026-2019) | Chapterwise and Topicwise Solved Papers For JEE Main & Advanced 2027 Exams,,2026-08-13 12:10:00,Punit02,SPR.R3.A3.L2.B1,5,,PW,BKP2606022750,Default Vendor,PRIME260800026137,Princeob,Repro Books Limited,55104,PWH
PWH20284,ERP-B2B-SALE-2026-23533,2026-08-12 18:50:00,2026-08-12 18:50:00,Third Party,BKP2606022750,PW JEE Advanced 49 Years (2026-1978) with JEE Main 162 Sets Physics PYQs (2026-2019) | Chapterwise and Topicwise Solved Papers For JEE Main & Advanced 2027 Exams,,2026-08-13 12:09:00,Punit02,SPR.R3.A3.L2.B1,10,,PW,BKP2606022750,Default Vendor,PRIME260700003762,Princeob,Repro Books Limited,55104,PWH
PWH20284,ERP-B2B-SALE-2026-23533,2026-08-12 18:50:00,2026-08-12 18:50:00,Third Party,BKP2606022750,PW JEE Advanced 49 Years (2026-1978) with JEE Main 162 Sets Physics PYQs (2026-2019) | Chapterwise and Topicwise Solved Papers For JEE Main & Advanced 2027 Exams,,2026-08-13 12:09:00,Punit02,SPR.R3.A3.L2.B1,10,,PW,BKP2606022750,Default Vendor,PRIME260700003770,Princeob,Repro Books Limited,55104,PWH
PWH20284,ERP-B2B-SALE-2026-23533,2026-08-12 18:50:00,2026-08-12 18:50:00,Third Party,BKP2606022750,PW JEE Advanced 49 Years (2026-1978) with JEE Main 162 Sets Physics PYQs (2026-2019) | Chapterwise and Topicwise Solved Papers For JEE Main & Advanced 2027 Exams,,2026-08-13 12:08:00,Punit02,SPR.R3.A3.L2.B1,10,,PW,BKP2606022750,Default Vendor,PRIME260700003769,Princeob,Repro Books Limited,55104,PWH
PWH20284,ERP-B2B-SALE-2026-23533,2026-08-12 18:50:00,2026-08-12 18:50:00,Third Party,BKP2606022750,PW JEE Advanced 49 Years (2026-1978) with JEE Main 162 Sets Physics PYQs (2026-2019) | Chapterwise and Topicwise Solved Papers For JEE Main & Advanced 2027 Exams,,2026-08-13 11:48:00,Punit02,MTR.G0.R04.A08.L1.B2,5,,PW,BKP2606022750,Default Vendor,PRIME260800026137,Princeob,Repro Books Limited,55104,PWH
PWH20284,ERP-B2B-SALE-2026-23533,2026-08-12 18:50:00,2026-08-12 18:50:00,Third Party,BKP2602019196,PW CBSE Class 9 English Kaveri New NCERT 2026-27 Question and Concept Bank with NCERT Textbook Solutions and Competency Based Questions,,2026-08-13 11:22:00,Punit02,MTR.G2.R01.A09.L3.B1,20,,PW,BKP2602019196,Default Vendor,PRIME260800026135,Princeob,Repro Books Limited,55104,PWH
PWH20284,ERP-B2B-SALE-2026-23533,2026-08-12 18:50:00,2026-08-12 18:50:00,Third Party,BKP2605022122,"PW Informative Atlas Book - India & World | Physical, Political, Regional, Thematic Maps For School, UPSC, State PSC & Other Competitive Exams English Edition",,2026-08-13 11:52:00,Punit02,MTR.G0.R03.A06.L3.B1,20,,PW,BKP2605022122,Default Vendor,PRIME260800026139,Princeob,Repro Books Limited,55104,PWH
PWH20284,ERP-B2B-SALE-2026-23533,2026-08-12 18:50:00,2026-08-12 18:50:00,Third Party,BKP2505009028,"Class 11 Kattar Advanced EaJEE Notes Handwritten Notes For Physics By Rajwant Sir For JEE Main & Advanced Exams | Complete Theory, PYQ with Detailed Solutions",,2026-08-13 11:55:00,Punit02,MTR.G0.R02.A10.L4.B2,20,,PW,BKP2505009028,Default Vendor,PRIME260800026129,Saleem01,Repro Books Limited,55104,PWH
PWH20284,ERP-B2B-SALE-2026-23533,2026-08-12 18:50:00,2026-08-12 18:50:00,Third Party,BKP2512597861,Decode Pharma Book For Drugs Inspector Exam By Amit Verma For 2026 Exams | 6000+ Subjectwise & Topicwise Arranged PYQs,,2026-08-13 12:02:00,Punit02,SPR.R2.A2.L5.B1,5,,PW,BKP2512597861,Default Vendor,PRIME260800026176,Saleem01,Repro Books Limited,55104,PWH
PWH20284,ERP-B2B-SALE-2026-23533,2026-08-12 18:50:00,2026-08-12 18:50:00,Third Party,BKP2512597861,Decode Pharma Book For Drugs Inspector Exam By Amit Verma For 2026 Exams | 6000+ Subjectwise & Topicwise Arranged PYQs,,2026-08-13 11:52:00,Punit02,MTR.G0.R03.A05.L1.B2,9,,PW,BKP2512597861,Default Vendor,PRIME260800026178,Saleem01,Repro Books Limited,55104,PWH
PWH20284,ERP-B2B-SALE-2026-23533,2026-08-12 18:50:00,2026-08-12 18:50:00,Third Party,BKP2602019273,"PW Udaan For Class 10 Social Science, MAT, English COMBO Set of 3 (2026 Edition)",Size,2026-08-13 13:32:00,Punit02,GP_B2B,6,,PW,BKP2602019273,Default Vendor,PRIME260800026160,Samir5,Repro Books Limited,55104,PWH
PWH20284,ERP-B2B-SALE-2026-23533,2026-08-12 18:50:00,2026-08-12 18:50:00,Third Party,BKP2604020087,PW CBSE Question & Concept Bank (QCB) Class 10 Science and Maths (Standard) Combo Set of 2 Books Chapterwise & Topicwise Solved Questions For 2027 Exams,Size,2026-08-13 13:33:00,Punit02,GP_B2B,8,,PW,BKP2604020087,Default Vendor,PRIME260800026167,Samir5,Repro Books Limited,55104,PWH
PWH20284,ERP-B2B-SALE-2026-23533,2026-08-12 18:50:00,2026-08-12 18:50:00,Third Party,BKP2512597861,Decode Pharma Book For Drugs Inspector Exam By Amit Verma For 2026 Exams | 6000+ Subjectwise & Topicwise Arranged PYQs,,2026-08-13 12:02:00,Punit02,SPR.R2.A2.L5.B1,8,,PW,BKP2512597861,Default Vendor,PRIME260800026173,Saleem01,Repro Books Limited,55104,PWH
PWH20284,ERP-B2B-SALE-2026-23533,2026-08-12 18:50:00,2026-08-12 18:50:00,Third Party,BKP2512597861,Decode Pharma Book For Drugs Inspector Exam By Amit Verma For 2026 Exams | 6000+ Subjectwise & Topicwise Arranged PYQs,,2026-08-13 12:02:00,Punit02,SPR.R2.A2.L5.B1,8,,PW,BKP2512597861,Default Vendor,PRIME260800026174,Saleem01,Repro Books Limited,55104,PWH
PWH20284,ERP-B2B-SALE-2026-23533,2026-08-12 18:50:00,2026-08-12 18:50:00,Third Party,BKP2512597861,Decode Pharma Book For Drugs Inspector Exam By Amit Verma For 2026 Exams | 6000+ Subjectwise & Topicwise Arranged PYQs,,2026-08-13 12:02:00,Punit02,SPR.R2.A2.L5.B1,8,,PW,BKP2512597861,Default Vendor,PRIME260800026175,Saleem01,Repro Books Limited,55104,PWH
PWH20284,ERP-B2B-SALE-2026-23533,2026-08-12 18:50:00,2026-08-12 18:50:00,Third Party,BKP2512597861,Decode Pharma Book For Drugs Inspector Exam By Amit Verma For 2026 Exams | 6000+ Subjectwise & Topicwise Arranged PYQs,,2026-08-13 11:52:00,Punit02,MTR.G0.R03.A05.L1.B2,3,,PW,BKP2512597861,Default Vendor,PRIME260800026176,Saleem01,Repro Books Limited,55104,PWH
PWH20284,ERP-B2B-SALE-2026-23533,2026-08-12 18:50:00,2026-08-12 18:50:00,Third Party,BKP2512597861,Decode Pharma Book For Drugs Inspector Exam By Amit Verma For 2026 Exams | 6000+ Subjectwise & Topicwise Arranged PYQs,,2026-08-13 11:52:00,Punit02,MTR.G0.R03.A05.L1.B2,9,,PW,BKP2512597861,Default Vendor,PRIME260800026177,Saleem01,Repro Books Limited,55104,PWH
PWH20284,ERP-B2B-SALE-2026-23533,2026-08-12 18:50:00,2026-08-12 18:50:00,Third Party,BKP2605021518,PW All in One UP Police Constable Hindi Book 2026-27 Exams | Practice Set and PYQs | Detailed Theory with Chapter-wise and Topic-wise Practice Questions,,2026-08-13 12:20:00,Punit02,SPR.R25.A7.L0.B4,2,,PW,BKP2605021518,Default Vendor,PRIME260800026131,Saleem01,Repro Books Limited,55104,PWH
PWH20284,ERP-B2B-SALE-2026-23533,2026-08-12 18:50:00,2026-08-12 18:50:00,Third Party,BKP2605022122,"PW Informative Atlas Book - India & World | Physical, Political, Regional, Thematic Maps For School, UPSC, State PSC & Other Competitive Exams English Edition",,2026-08-13 11:52:00,Punit02,MTR.G0.R03.A06.L3.B1,30,,PW,BKP2605022122,Default Vendor,PRIME260800026138,Princeob,Repro Books Limited,55104,PWH
PWH20284,ERP-B2B-SALE-2026-23533,2026-08-12 18:50:00,2026-08-12 18:50:00,Third Party,BKP2602019273,"PW Udaan For Class 10 Social Science, MAT, English COMBO Set of 3 (2026 Edition)",Size,2026-08-13 13:32:00,Punit02,GP_B2B,2,,PW,BKP2602019273,Default Vendor,PRIME260800026165,Princeob,Repro Books Limited,55104,PWH
PWH20284,ERP-B2B-SALE-2026-23533,2026-08-12 18:50:00,2026-08-12 18:50:00,Third Party,BKP2602019273,"PW Udaan For Class 10 Social Science, MAT, English COMBO Set of 3 (2026 Edition)",Size,2026-08-13 13:32:00,Punit02,GP_B2B,6,,PW,BKP2602019273,Default Vendor,PRIME260800026157,Princeob,Repro Books Limited,55104,PWH
PWH20284,ERP-B2B-SALE-2026-23533,2026-08-12 18:50:00,2026-08-12 18:50:00,Third Party,BKP2602019273,"PW Udaan For Class 10 Social Science, MAT, English COMBO Set of 3 (2026 Edition)",Size,2026-08-13 13:32:00,Punit02,GP_B2B,6,,PW,BKP2602019273,Default Vendor,PRIME260800026158,Samir5,Repro Books Limited,55104,PWH
PWH20284,ERP-B2B-SALE-2026-23533,2026-08-12 18:50:00,2026-08-12 18:50:00,Third Party,BKP2602019273,"PW Udaan For Class 10 Social Science, MAT, English COMBO Set of 3 (2026 Edition)",Size,2026-08-13 13:32:00,Punit02,GP_B2B,6,,PW,BKP2602019273,Default Vendor,PRIME260800026163,Samir5,Repro Books Limited,55104,PWH
PWH20284,ERP-B2B-SALE-2026-23533,2026-08-12 18:50:00,2026-08-12 18:50:00,Third Party,BKP2602019273,"PW Udaan For Class 10 Social Science, MAT, English COMBO Set of 3 (2026 Edition)",Size,2026-08-13 13:32:00,Punit02,GP_B2B,6,,PW,BKP2602019273,Default Vendor,PRIME260800026164,Samir5,Repro Books Limited,55104,PWH
PWH20284,ERP-B2B-SALE-2026-23533,2026-08-12 18:50:00,2026-08-12 18:50:00,Third Party,BKP2602019273,"PW Udaan For Class 10 Social Science, MAT, English COMBO Set of 3 (2026 Edition)",Size,2026-08-13 13:32:00,Punit02,GP_B2B,6,,PW,BKP2602019273,Default Vendor,PRIME260800026161,Samir5,Repro Books Limited,55104,PWH
PWH20284,ERP-B2B-SALE-2026-23533,2026-08-12 18:50:00,2026-08-12 18:50:00,Third Party,BKP2602019273,"PW Udaan For Class 10 Social Science, MAT, English COMBO Set of 3 (2026 Edition)",Size,2026-08-13 13:32:00,Punit02,GP_B2B,6,,PW,BKP2602019273,Default Vendor,PRIME260800026162,Samir5,Repro Books Limited,55104,PWH
PWH20284,ERP-B2B-SALE-2026-23533,2026-08-12 18:50:00,2026-08-12 18:50:00,Third Party,BKP2602019273,"PW Udaan For Class 10 Social Science, MAT, English COMBO Set of 3 (2026 Edition)",Size,2026-08-13 13:32:00,Punit02,GP_B2B,6,,PW,BKP2602019273,Default Vendor,PRIME260800026159,Samir5,Repro Books Limited,55104,PWH
PWH20284,ERP-B2B-SALE-2026-23533,2026-08-12 18:50:00,2026-08-12 18:50:00,Third Party,BKP2604020087,PW CBSE Question & Concept Bank (QCB) Class 10 Science and Maths (Standard) Combo Set of 2 Books Chapterwise & Topicwise Solved Questions For 2027 Exams,Size,2026-08-13 13:33:00,Punit02,GP_B2B,2,,PW,BKP2604020087,Default Vendor,PRIME260800026166,Samir5,Repro Books Limited,55104,PWH
PWH20284,ERP-B2B-SALE-2026-23533,2026-08-12 18:50:00,2026-08-12 18:50:00,Third Party,BKP2604020087,PW CBSE Question & Concept Bank (QCB) Class 10 Science and Maths (Standard) Combo Set of 2 Books Chapterwise & Topicwise Solved Questions For 2027 Exams,Size,2026-08-13 13:33:00,Punit02,GP_B2B,8,,PW,BKP2604020087,Default Vendor,PRIME260800026172,Samir5,Repro Books Limited,55104,PWH
PWH20284,ERP-B2B-SALE-2026-23533,2026-08-12 18:50:00,2026-08-12 18:50:00,Third Party,BKP2604020087,PW CBSE Question & Concept Bank (QCB) Class 10 Science and Maths (Standard) Combo Set of 2 Books Chapterwise & Topicwise Solved Questions For 2027 Exams,Size,2026-08-13 13:33:00,Punit02,GP_B2B,8,,PW,BKP2604020087,Default Vendor,PRIME260800026169,Samir5,Repro Books Limited,55104,PWH
PWH20284,ERP-B2B-SALE-2026-23533,2026-08-12 18:50:00,2026-08-12 18:50:00,Third Party,BKP2604020087,PW CBSE Question & Concept Bank (QCB) Class 10 Science and Maths (Standard) Combo Set of 2 Books Chapterwise & Topicwise Solved Questions For 2027 Exams,Size,2026-08-13 13:33:00,Punit02,GP_B2B,8,,PW,BKP2604020087,Default Vendor,PRIME260800026168,Samir5,Repro Books Limited,55104,PWH
PWH20284,ERP-B2B-SALE-2026-23533,2026-08-12 18:50:00,2026-08-12 18:50:00,Third Party,BKP2604020087,PW CBSE Question & Concept Bank (QCB) Class 10 Science and Maths (Standard) Combo Set of 2 Books Chapterwise & Topicwise Solved Questions For 2027 Exams,Size,2026-08-13 13:33:00,Punit02,GP_B2B,8,,PW,BKP2604020087,Default Vendor,PRIME260800026171,Samir5,Repro Books Limited,55104,PWH
PWH20284,ERP-B2B-SALE-2026-23533,2026-08-12 18:50:00,2026-08-12 18:50:00,Third Party,BKP2604020087,PW CBSE Question & Concept Bank (QCB) Class 10 Science and Maths (Standard) Combo Set of 2 Books Chapterwise & Topicwise Solved Questions For 2027 Exams,Size,2026-08-13 13:33:00,Punit02,GP_B2B,8,,PW,BKP2604020087,Default Vendor,PRIME260800026170,Samir5,Repro Books Limited,55104,PWH
PWH20285,ERP-B2B-SALE-2026-23556,2026-08-12 22:14:00,2026-08-12 22:15:00,FOC,ALR2602885336,"Sling Bag | Compact Crossbody Bag with 3 Zip Compartments | Lightweight One Shoulder Side Pouch for Exams, Travel, College & Daily Use",,2026-08-13 10:20:00,Rohan15,MTR.G2.R43.A01.L1.B2,1,,PW,ALR2602885336,Default Vendor,PRIME260800025775,deepanshu2,Priotam Rai,55077,PWH
PWH20286,ERP-B2B-SALE-2026-23557,2026-08-13 11:36:00,2026-08-13 11:40:00,Third Party,BKP2603019640,"PW Arjuna For NEET Workbook Class 11 Biology, Zoology, Physics & Chemistry Combo Set of 4 Books (2026 Edition)",Size,2026-08-13 15:53:00,Samir5,GP_B2B,8,,PW,BKP2603019640,Default Vendor,PRIME260800026219,Samir5,Repro Books Limited,55208,PWH
PWH20286,ERP-B2B-SALE-2026-23557,2026-08-13 11:36:00,2026-08-13 11:40:00,Third Party,BKP2603019640,"PW Arjuna For NEET Workbook Class 11 Biology, Zoology, Physics & Chemistry Combo Set of 4 Books (2026 Edition)",Size,2026-08-13 15:53:00,Samir5,GP_B2B,2,,PW,BKP2603019640,Default Vendor,PRIME260800026225,Princeob,Repro Books Limited,55208,PWH
PWH20286,ERP-B2B-SALE-2026-23557,2026-08-13 11:36:00,2026-08-13 11:40:00,Third Party,BKP2603019640,"PW Arjuna For NEET Workbook Class 11 Biology, Zoology, Physics & Chemistry Combo Set of 4 Books (2026 Edition)",Size,2026-08-13 15:53:00,Samir5,GP_B2B,8,,PW,BKP2603019640,Default Vendor,PRIME260800026224,Princeob,Repro Books Limited,55208,PWH
PWH20286,ERP-B2B-SALE-2026-23557,2026-08-13 11:36:00,2026-08-13 11:40:00,Third Party,BKP2603019640,"PW Arjuna For NEET Workbook Class 11 Biology, Zoology, Physics & Chemistry Combo Set of 4 Books (2026 Edition)",Size,2026-08-13 15:53:00,Samir5,GP_B2B,8,,PW,BKP2603019640,Default Vendor,PRIME260800026223,Princeob,Repro Books Limited,55208,PWH
PWH20286,ERP-B2B-SALE-2026-23557,2026-08-13 11:36:00,2026-08-13 11:40:00,Third Party,BKP2603019640,"PW Arjuna For NEET Workbook Class 11 Biology, Zoology, Physics & Chemistry Combo Set of 4 Books (2026 Edition)",Size,2026-08-13 15:53:00,Samir5,GP_B2B,8,,PW,BKP2603019640,Default Vendor,PRIME260800026222,Princeob,Repro Books Limited,55208,PWH
PWH20286,ERP-B2B-SALE-2026-23557,2026-08-13 11:36:00,2026-08-13 11:40:00,Third Party,BKP2603019640,"PW Arjuna For NEET Workbook Class 11 Biology, Zoology, Physics & Chemistry Combo Set of 4 Books (2026 Edition)",Size,2026-08-13 15:53:00,Samir5,GP_B2B,8,,PW,BKP2603019640,Default Vendor,PRIME260800026221,Samir5,Repro Books Limited,55208,PWH
PWH20286,ERP-B2B-SALE-2026-23557,2026-08-13 11:36:00,2026-08-13 11:40:00,Third Party,BKP2603019640,"PW Arjuna For NEET Workbook Class 11 Biology, Zoology, Physics & Chemistry Combo Set of 4 Books (2026 Edition)",Size,2026-08-13 15:53:00,Samir5,GP_B2B,8,,PW,BKP2603019640,Default Vendor,PRIME260800026220,Samir5,Repro Books Limited,55208,PWH
PWH20287,ERP-B2B-SALE-2026-23577,2026-08-13 12:10:00,2026-08-13 12:11:00,Third Party,BKP2504007205,ONLYIAS UPSC WALLAH CSAT By Rishav Sharma and Manjeet Chaudhary For Civil Services Exam | Comprehensive Book For UPSC Prelims and Other Aptitude Examinations,,2026-08-13 12:56:00,SumitPal,SPR.R23.A11.L0.B2,20,,PW,BKP2504007205,Default Vendor,PRIME260800026201,mohit5,Education Point,55206,PWH
PWH20287,ERP-B2B-SALE-2026-23577,2026-08-13 12:10:00,2026-08-13 12:11:00,Third Party,BKP2604842488,"CSIR NET Paper 1 General Aptitude Book By Sachin Sir For June 2026 Exams | 850+ Solved Questions | Useful for UGC-NET, GATE, TGT-PGT & Equivalent Aptitude Sections",,2026-08-13 13:12:00,SumitPal,SPR.R3.A2.L0.B2,12,,PW,BKP2604842488,Default Vendor,PRIME260800026202,mohit5,Education Point,55206,PWH
PWH20287,ERP-B2B-SALE-2026-23577,2026-08-13 12:10:00,2026-08-13 12:11:00,Third Party,BKP2604842488,"CSIR NET Paper 1 General Aptitude Book By Sachin Sir For June 2026 Exams | 850+ Solved Questions | Useful for UGC-NET, GATE, TGT-PGT & Equivalent Aptitude Sections",,2026-08-13 13:18:00,SumitPal,MTR.G0.R28.A01.L4.B2,4,,PW,BKP2604842488,Default Vendor,PRIME260800026202,mohit5,Education Point,55206,PWH
PWH20287,ERP-B2B-SALE-2026-23577,2026-08-13 12:10:00,2026-08-13 12:11:00,Third Party,BKP2604842488,"CSIR NET Paper 1 General Aptitude Book By Sachin Sir For June 2026 Exams | 850+ Solved Questions | Useful for UGC-NET, GATE, TGT-PGT & Equivalent Aptitude Sections",,2026-08-13 13:18:00,SumitPal,MTR.G0.R29.A04.L4.B1,4,,PW,BKP2604842488,Default Vendor,PRIME260800026202,mohit5,Education Point,55206,PWH
PWH20287,ERP-B2B-SALE-2026-23577,2026-08-13 12:10:00,2026-08-13 12:11:00,Third Party,BKP2603019479,PW CBSE Question & Concept Bank (QCB) Class 10 Maths (Standard) Chapter-wise and Topic-wise Solved Questions By Ritik Mishra For 2027 Board Exams with 50% Competency Based Question,,2026-08-13 13:09:00,SumitPal,SPR.R5.A10.L0.B4,18,,PW,BKP2603019479,Default Vendor,PRIME260800026207,Sachin01,Education Point,55206,PWH
PWH20287,ERP-B2B-SALE-2026-23577,2026-08-13 12:10:00,2026-08-13 12:11:00,Third Party,BKP2603019479,PW CBSE Question & Concept Bank (QCB) Class 10 Maths (Standard) Chapter-wise and Topic-wise Solved Questions By Ritik Mishra For 2027 Board Exams with 50% Competency Based Question,,2026-08-13 13:10:00,SumitPal,SPR.R5.A10.L0.B4,17,,PW,BKP2603019479,Default Vendor,PRIME260800026189,Sachin01,Education Point,55206,PWH
PWH20287,ERP-B2B-SALE-2026-23577,2026-08-13 12:10:00,2026-08-13 12:11:00,Third Party,BKP2603019479,PW CBSE Question & Concept Bank (QCB) Class 10 Maths (Standard) Chapter-wise and Topic-wise Solved Questions By Ritik Mishra For 2027 Board Exams with 50% Competency Based Question,,2026-08-13 13:09:00,SumitPal,SPR.R5.A10.L0.B4,18,,PW,BKP2603019479,Default Vendor,PRIME260800026209,Sachin01,Education Point,55206,PWH
PWH20287,ERP-B2B-SALE-2026-23577,2026-08-13 12:10:00,2026-08-13 12:11:00,Third Party,BKP2603019479,PW CBSE Question & Concept Bank (QCB) Class 10 Maths (Standard) Chapter-wise and Topic-wise Solved Questions By Ritik Mishra For 2027 Board Exams with 50% Competency Based Question,,2026-08-13 13:10:00,SumitPal,SPR.R5.A10.L0.B4,18,,PW,BKP2603019479,Default Vendor,PRIME260800026208,Sachin01,Education Point,55206,PWH
PWH20287,ERP-B2B-SALE-2026-23577,2026-08-13 12:10:00,2026-08-13 12:11:00,Third Party,BKP2603019479,PW CBSE Question & Concept Bank (QCB) Class 10 Maths (Standard) Chapter-wise and Topic-wise Solved Questions By Ritik Mishra For 2027 Board Exams with 50% Competency Based Question,,2026-08-13 13:07:00,SumitPal,SPR.R10.A6.L4.B1,18,,PW,BKP2603019479,Default Vendor,PRIME260800026206,Sachin01,Education Point,55206,PWH
PWH20287,ERP-B2B-SALE-2026-23577,2026-08-13 12:10:00,2026-08-13 12:11:00,Third Party,BKP2603019479,PW CBSE Question & Concept Bank (QCB) Class 10 Maths (Standard) Chapter-wise and Topic-wise Solved Questions By Ritik Mishra For 2027 Board Exams with 50% Competency Based Question,,2026-08-13 13:23:00,SumitPal,MTR.G3.R12.A06.L2.B1,10,,PW,BKP2603019479,Default Vendor,PRIME260800026205,Sachin01,Education Point,55206,PWH
PWH20287,ERP-B2B-SALE-2026-23577,2026-08-13 12:10:00,2026-08-13 12:11:00,Third Party,BKP2602019093,PW CBSE Class 11 Question & Concept Bank (QCB) Physics Chapter-wise and Topic-wise Solved Questions For 2027 Exams with Competency Based Question,,2026-08-13 12:53:00,SumitPal,SPR.R25.A5.L1.B3,22,,PW,BKP2602019093,Default Vendor,PRIME260800026195,Sachin01,Education Point,55206,PWH
PWH20287,ERP-B2B-SALE-2026-23577,2026-08-13 12:10:00,2026-08-13 12:11:00,Third Party,BKP2602019093,PW CBSE Class 11 Question & Concept Bank (QCB) Physics Chapter-wise and Topic-wise Solved Questions For 2027 Exams with Competency Based Question,,2026-08-13 12:54:00,SumitPal,SPR.R25.A5.L1.B3,22,,PW,BKP2602019093,Default Vendor,PRIME260800026196,Sachin01,Education Point,55206,PWH
PWH20287,ERP-B2B-SALE-2026-23577,2026-08-13 12:10:00,2026-08-13 12:11:00,Third Party,BKP2602019093,PW CBSE Class 11 Question & Concept Bank (QCB) Physics Chapter-wise and Topic-wise Solved Questions For 2027 Exams with Competency Based Question,,2026-08-13 12:53:00,SumitPal,SPR.R25.A5.L1.B3,12,,PW,BKP2602019093,Default Vendor,PRIME260800026197,mohit5,Education Point,55206,PWH
PWH20287,ERP-B2B-SALE-2026-23577,2026-08-13 12:10:00,2026-08-13 12:11:00,Third Party,BKP2602019093,PW CBSE Class 11 Question & Concept Bank (QCB) Physics Chapter-wise and Topic-wise Solved Questions For 2027 Exams with Competency Based Question,,2026-08-13 13:28:00,SumitPal,MTR.G1.R04.A08.L4.B2,4,,PW,BKP2602019093,Default Vendor,PRIME260800026197,mohit5,Education Point,55206,PWH
PWH20287,ERP-B2B-SALE-2026-23577,2026-08-13 12:10:00,2026-08-13 12:11:00,Third Party,BKP2603019608,"PW CBSE Class 10 PYQs - Past 10 Years Solved Papers For 2027 Board Exams | Delhi & Outside Delhi with Multiple Sets of 2026 | Science, Maths, Social Science, English | NCERT References",,2026-08-13 13:26:00,SumitPal,MTR.G3.R38.A01.L2.B1,6,,PW,BKP2603019608,Default Vendor,PRIME260800026212,Sachin01,Education Point,55206,PWH
PWH20287,ERP-B2B-SALE-2026-23577,2026-08-13 12:10:00,2026-08-13 12:11:00,Third Party,BKP2603019608,"PW CBSE Class 10 PYQs - Past 10 Years Solved Papers For 2027 Board Exams | Delhi & Outside Delhi with Multiple Sets of 2026 | Science, Maths, Social Science, English | NCERT References",,2026-08-13 13:24:00,SumitPal,MTR.G3.R38.A02.L2.B1,4,,PW,BKP2603019608,Default Vendor,PRIME260800026210,Sachin01,Education Point,55206,PWH
PWH20287,ERP-B2B-SALE-2026-23577,2026-08-13 12:10:00,2026-08-13 12:11:00,Third Party,BKP2505007200,MR Physics Questions Solving Med Easy | Chapterwise and Topicwise 6000+ Practice Questions with Answer Keys | Complete Class 11 & 12 Syllabus For NEET and JEE,,2026-08-13 12:51:00,SumitPal,SPR.R29.A4.L0.B1,12,,PW,BKP2505007200,Default Vendor,PRIME260800026194,Sachin01,Education Point,55206,PWH
PWH20287,ERP-B2B-SALE-2026-23577,2026-08-13 12:10:00,2026-08-13 12:11:00,Third Party,BKP2505007200,MR Physics Questions Solving Med Easy | Chapterwise and Topicwise 6000+ Practice Questions with Answer Keys | Complete Class 11 & 12 Syllabus For NEET and JEE,,2026-08-13 13:04:00,SumitPal,SPR.R13.A11.L6.B2,22,,PW,BKP2505007200,Default Vendor,PRIME260800026191,Sachin01,Education Point,55206,PWH
PWH20287,ERP-B2B-SALE-2026-23577,2026-08-13 12:10:00,2026-08-13 12:11:00,Third Party,BKP2505007200,MR Physics Questions Solving Med Easy | Chapterwise and Topicwise 6000+ Practice Questions with Answer Keys | Complete Class 11 & 12 Syllabus For NEET and JEE,,2026-08-13 13:04:00,SumitPal,SPR.R13.A11.L6.B2,22,,PW,BKP2505007200,Default Vendor,PRIME260800026190,Sachin01,Education Point,55206,PWH
PWH20287,ERP-B2B-SALE-2026-23577,2026-08-13 12:10:00,2026-08-13 12:11:00,Third Party,BKP2505007200,MR Physics Questions Solving Med Easy | Chapterwise and Topicwise 6000+ Practice Questions with Answer Keys | Complete Class 11 & 12 Syllabus For NEET and JEE,,2026-08-13 13:24:00,SumitPal,MTR.G3.R24.A12.L4.B1,4,,PW,BKP2505007200,Default Vendor,PRIME260800026194,Sachin01,Education Point,55206,PWH
PWH20287,ERP-B2B-SALE-2026-23577,2026-08-13 12:10:00,2026-08-13 12:11:00,Third Party,BKP2602019094,PW CBSE Class 11 Question & Concept Bank (QCB) Chemistry Chapter-wise and Topic-wise Solved Questions For 2027 with Competency Based Question,,2026-08-13 12:58:00,SumitPal,SPR.R20.A10.L2.B2,30,,PW,BKP2602019094,Default Vendor,PRIME260800026204,Sachin01,Education Point,55206,PWH
PWH20287,ERP-B2B-SALE-2026-23577,2026-08-13 12:10:00,2026-08-13 12:11:00,Third Party,BKP2602019094,PW CBSE Class 11 Question & Concept Bank (QCB) Chemistry Chapter-wise and Topic-wise Solved Questions For 2027 with Competency Based Question,,2026-08-13 12:58:00,SumitPal,SPR.R20.A10.L2.B2,30,,PW,BKP2602019094,Default Vendor,PRIME260800026203,Sachin01,Education Point,55206,PWH
PWH20287,ERP-B2B-SALE-2026-23577,2026-08-13 12:10:00,2026-08-13 12:11:00,Third Party,BKP2603019608,"PW CBSE Class 10 PYQs - Past 10 Years Solved Papers For 2027 Board Exams | Delhi & Outside Delhi with Multiple Sets of 2026 | Science, Maths, Social Science, English | NCERT References",,2026-08-13 13:26:00,SumitPal,MTR.G3.R38.A01.L2.B1,12,,PW,BKP2603019608,Default Vendor,PRIME260800026213,Sachin01,Education Point,55206,PWH
PWH20287,ERP-B2B-SALE-2026-23577,2026-08-13 12:10:00,2026-08-13 12:11:00,Third Party,BKP2603019608,"PW CBSE Class 10 PYQs - Past 10 Years Solved Papers For 2027 Board Exams | Delhi & Outside Delhi with Multiple Sets of 2026 | Science, Maths, Social Science, English | NCERT References",,2026-08-13 13:24:00,SumitPal,MTR.G3.R38.A02.L2.B1,6,,PW,BKP2603019608,Default Vendor,PRIME260800026212,Sachin01,Education Point,55206,PWH
PWH20287,ERP-B2B-SALE-2026-23577,2026-08-13 12:10:00,2026-08-13 12:11:00,Third Party,BKP2603019608,"PW CBSE Class 10 PYQs - Past 10 Years Solved Papers For 2027 Board Exams | Delhi & Outside Delhi with Multiple Sets of 2026 | Science, Maths, Social Science, English | NCERT References",,2026-08-13 13:24:00,SumitPal,MTR.G3.R38.A02.L2.B1,12,,PW,BKP2603019608,Default Vendor,PRIME260800026211,Sachin01,Education Point,55206,PWH
PWH20287,ERP-B2B-SALE-2026-23577,2026-08-13 12:10:00,2026-08-13 12:11:00,Third Party,BKP2603019479,PW CBSE Question & Concept Bank (QCB) Class 10 Maths (Standard) Chapter-wise and Topic-wise Solved Questions By Ritik Mishra For 2027 Board Exams with 50% Competency Based Question,,2026-08-13 13:23:00,SumitPal,MTR.G3.R12.A06.L2.B1,1,,PW,BKP2603019479,Default Vendor,PRIME260800026189,Sachin01,Education Point,55206,PWH
PWH20287,ERP-B2B-SALE-2026-23577,2026-08-13 12:10:00,2026-08-13 12:11:00,Third Party,BKP2505007200,MR Physics Questions Solving Med Easy | Chapterwise and Topicwise 6000+ Practice Questions with Answer Keys | Complete Class 11 & 12 Syllabus For NEET and JEE,,2026-08-13 12:51:00,SumitPal,SPR.R29.A4.L0.B1,20,,PW,BKP2505007200,Default Vendor,PRIME260800026192,Sachin01,Education Point,55206,PWH
PWH20287,ERP-B2B-SALE-2026-23577,2026-08-13 12:10:00,2026-08-13 12:11:00,Third Party,BKP2505007200,MR Physics Questions Solving Med Easy | Chapterwise and Topicwise 6000+ Practice Questions with Answer Keys | Complete Class 11 & 12 Syllabus For NEET and JEE,,2026-08-13 12:51:00,SumitPal,SPR.R29.A4.L0.B1,20,,PW,BKP2505007200,Default Vendor,PRIME260800026193,Sachin01,Education Point,55206,PWH
PWH20288,ERP-B2B-SALE-2026-23586,2026-08-13 12:39:00,2026-08-13 12:40:00,FOC,BKP2505009028,"Class 11 Kattar Advanced EaJEE Notes Handwritten Notes For Physics By Rajwant Sir For JEE Main & Advanced Exams | Complete Theory, PYQ with Detailed Solutions",,2026-08-13 15:08:00,Rohan15,SPR.R8.A1.L3.B2,1,,PW,BKP2505009028,Default Vendor,PRIME260800025774,deepanshu2,Nikhil Chaudhary,55232,PWH
PWH20288,ERP-B2B-SALE-2026-23586,2026-08-13 12:39:00,2026-08-13 12:40:00,FOC,BKP2505009028,"Class 11 Kattar Advanced EaJEE Notes Handwritten Notes For Physics By Rajwant Sir For JEE Main & Advanced Exams | Complete Theory, PYQ with Detailed Solutions",,2026-08-13 15:13:00,Rohan15,SPR.R8.A4.L4.B1,9,,PW,BKP2505009028,Default Vendor,PRIME260800025774,deepanshu2,Nikhil Chaudhary,55232,PWH
PWH20289,ERP-B2B-SALE-2026-23589,2026-08-13 13:46:00,2026-08-13 13:49:00,FOC,ATV2402005576,"Kids First Library Box Set of 10 Board Books l Gift Set for Children Ages 1, 2, 3, 4, 5 Years",,2026-08-13 16:07:00,Manoj001,MTR.G3.R33.A06.L4.B2,1,,PW,ATV2402005576,Default Vendor,PRIME260800024551,deepanshu2,abhishek,55248,PWH
PWH20289,ERP-B2B-SALE-2026-23589,2026-08-13 13:46:00,2026-08-13 13:49:00,FOC,ATV2402005537,"Kids First Library Box Set of 20 Board Books l Gift Set for Children Ages 1, 2, 3, 4, 5 Years",,2026-08-13 16:40:00,Manoj001,MTR.G0.R25.A07.L2.B1,1,,PW,ATV2402005537,Default Vendor,PRIME260800024551,deepanshu2,abhishek,55248,PWH
PWH20289,ERP-B2B-SALE-2026-23589,2026-08-13 13:46:00,2026-08-13 13:49:00,FOC,ATV2402005891,Kids First Nursery Rhymes Padded Board Book l Colorful Illustrated Nursery Rhymes for Kids,,2026-08-13 16:35:00,Manoj001,MTR.G0.R15.A08.L1.B1,1,,PW,ATV2402005891,Default Vendor,PRIME260800024551,deepanshu2,abhishek,55248,PWH
PWH20289,ERP-B2B-SALE-2026-23589,2026-08-13 13:46:00,2026-08-13 13:49:00,FOC,ATV2402005549,"Kids First 4 in 1 Padded Board Book l Colors, Shapes, Alphabet, Numbers l Early Learning Picture Book for Children Ages 1, 2, 3, 4, 5 Years",,2026-08-13 16:16:00,Manoj001,MTR.G1.R43.A05.L4.B1,1,,PW,ATV2402005549,Default Vendor,PRIME260800024551,deepanshu2,abhishek,55248,PWH
PWH20289,ERP-B2B-SALE-2026-23589,2026-08-13 13:46:00,2026-08-13 13:49:00,FOC,ATV2402005540,"Kids Color Time Coloring Books Set of 12 Books l Fun Activity for Children Ages 1, 2, 3, 4, 5 Years",,2026-08-13 16:18:00,Manoj001,MTR.G1.R39.A12.L4.B1,1,,PW,ATV2402005540,Default Vendor,PRIME260800024551,deepanshu2,abhishek,55248,PWH
PWH20289,ERP-B2B-SALE-2026-23589,2026-08-13 13:46:00,2026-08-13 13:49:00,FOC,ATV2402005514,"Kids First 1000 Words Book l 50 Topics with Engaging Picture Book for Early Learners and  Children Ages 1, 2, 3, 4, 5, 6 Years",,2026-08-13 16:17:00,Manoj001,MTR.G1.R40.A03.L2.B2,1,,PW,ATV2402005514,Default Vendor,PRIME260800024551,deepanshu2,abhishek,55248,PWH
PWH20289,ERP-B2B-SALE-2026-23589,2026-08-13 13:46:00,2026-08-13 13:49:00,FOC,ATV2402005535,"Kids Writing Time Pencil Control and Patterns Set of 4 Books l Capital Letters, Small Letters, Numbers, Patterns and Shapes Children Ages 1, 2, 3, 4, 5 Years",,2026-08-13 16:27:00,Manoj001,MTR.G0.R01.A03.L3.B2,1,,PW,ATV2402005535,Default Vendor,PRIME260800024551,deepanshu2,abhishek,55248,PWH
PWH20289,ERP-B2B-SALE-2026-23589,2026-08-13 13:46:00,2026-08-13 13:49:00,FOC,ATV2402005533,"Kids First Patterns Activity Book l Practice Patterns with Fun Activities for Children Ages 1, 2, 3, 4, 5 Years",,2026-08-13 16:16:00,Manoj001,MTR.G1.R42.A04.L2.B2,1,,PW,ATV2402005533,Default Vendor,PRIME260800024551,deepanshu2,abhishek,55248,PWH
PWH20289,ERP-B2B-SALE-2026-23589,2026-08-13 13:46:00,2026-08-13 13:49:00,FOC,ATV2402005538,"Kids Hindi Sulekh Varnamala l Hindi Handwriting Practice Book for Children Ages 1, 2, 3, 4, 5 Years",,2026-08-13 16:23:00,Manoj001,MTR.G1.R20.A07.L3.B1,1,,PW,ATV2402005538,Default Vendor,PRIME260800024551,deepanshu2,abhishek,55248,PWH
PWH20289,ERP-B2B-SALE-2026-23589,2026-08-13 13:46:00,2026-08-13 13:49:00,FOC,ATV2404005971,"Kids Combo Set of 4 | Writing Time Pencil Control and Patterns Set of 4 Books + Coloring Books Set of 12 Books + Hindi Sulekh Varnamala + Kids First Patterns Activity Book l Gift for Children Ages 1,",Size,2026-08-13 15:42:00,Manoj001,SPR.R23.A5.L1.B4,1,,PW,ATV2404005971,Default Vendor,PRIME260800024551,deepanshu2,abhishek,55248,PWH
PWH20289,ERP-B2B-SALE-2026-23589,2026-08-13 13:46:00,2026-08-13 13:49:00,FOC,ATV2410005554,"Activities Book For Kids Aged 3+ Years Old | 200+ Adventure Activities | Puzzles, Mind Games, Maze and Challenges Filled Activity Book For Growing Kids & Screen-Free Fun",,2026-08-13 16:34:00,Manoj001,MTR.G0.R15.A10.L4.B2,1,,PW,ATV2410005554,Default Vendor,PRIME260800024551,deepanshu2,abhishek,55248,PWH
PWH20289,ERP-B2B-SALE-2026-23589,2026-08-13 13:46:00,2026-08-13 13:49:00,FOC,ATV2412005562,"PW Activities Book For Kids 4+ Years Old | 1200+ Adventure Activities | Puzzles, Mind Games, Maze and Challenges Designed Activity Book For Growing Kids For Endless Fun",,2026-08-13 16:10:00,Manoj001,MTR.G2.R01.A05.L2.B2,1,,PW,ATV2412005562,Default Vendor,PRIME260800024551,deepanshu2,abhishek,55248,PWH
PWH20289,ERP-B2B-SALE-2026-23589,2026-08-13 13:46:00,2026-08-13 13:49:00,FOC,ATV2410005539,Riddles Book For Kids | 200+ Theme Based Riddles Book For 4+ Years Old | English Interactive Brain Teasing Riddle Activity Book For Growing Kids,,2026-08-13 16:40:00,Manoj001,MTR.G0.R28.A04.L1.B2,1,,PW,ATV2410005539,Default Vendor,PRIME260800024551,deepanshu2,abhishek,55248,PWH
PWH20289,ERP-B2B-SALE-2026-23589,2026-08-13 13:46:00,2026-08-13 13:49:00,FOC,ATV2412005567,Moral Story Books (Set of 10 Books) For Kids | Bed Time Story Book Set For Children | Short Story Books with 3D Animated Images | Books For 3+ Years Old,,2026-08-13 16:42:00,Manoj001,MTR.G0.R33.A03.L4.B1,1,,PW,ATV2412005567,Default Vendor,PRIME260800024551,deepanshu2,abhishek,55248,PWH
PWH20289,ERP-B2B-SALE-2026-23589,2026-08-13 13:46:00,2026-08-13 13:49:00,FOC,ATV2410005573,Activity Book Set on Moral Stories (Set of 10 Books) | Fun Moral Stories & Early Learning Activities For 3+ Years Old | Educational Activity Books For Kids,,2026-08-13 16:30:00,Manoj001,MTR.G0.R07.A12.L3.B1,1,,PW,ATV2410005573,Default Vendor,PRIME260800024551,deepanshu2,abhishek,55248,PWH
PWH20289,ERP-B2B-SALE-2026-23589,2026-08-13 13:46:00,2026-08-13 13:49:00,FOC,ATV2412005574,Moral Story Books and 100+ Activities Based on Moral Stories For Kids (Set of 11 Books) with 3D Animated Images | Educational Story and Activity Books For 3+ Years Old,,2026-08-13 16:44:00,Manoj001,MTR.G0.R40.A11.L2.B2,1,,PW,ATV2412005574,Default Vendor,PRIME260800024551,deepanshu2,abhishek,55248,PWH
PWH20289,ERP-B2B-SALE-2026-23589,2026-08-13 13:46:00,2026-08-13 13:49:00,FOC,ATV2410005546,Shlokas & Mantra Board Book Plus Sticker Activity Booklet Set for Kids | Combo Set of 2 Books for 3 to 6 Years Old - Interactive Fun Learning for Growing Kids,,2026-08-13 16:33:00,Manoj001,MTR.G0.R12.A11.L4.B2,1,,PW,ATV2410005546,Default Vendor,PRIME260800024551,deepanshu2,abhishek,55248,PWH
PWH20289,ERP-B2B-SALE-2026-23589,2026-08-13 13:46:00,2026-08-13 13:49:00,FOC,ATV2503005552,Bedtime Fantasy and Fairy Tales 51 Flashcards For Kids For 3+ Years Old | Short Stories with Colorful Pictures | Fairy Tales For Kids | Thoughtful Gifts For Growing Kids,,2026-08-13 16:35:00,Manoj001,MTR.G0.R17.A07.L3.B2,1,,PW,ATV2503005552,Default Vendor,PRIME260800024551,deepanshu2,abhishek,55248,PWH
PWH20289,ERP-B2B-SALE-2026-23589,2026-08-13 13:46:00,2026-08-13 13:49:00,FOC,ATV2501005545,Bedtime Fables and Moral Tales 51 Flashcards For Kids For 3+ Years Old | Short Stories with Colorful Pictures| Fairy Tales For Kids | Thoughtful Gifts For Growing Kids - PW Kids,,2026-08-13 16:37:00,Manoj001,MTR.G0.R19.A10.L1.B1,1,,PW,ATV2501005545,Default Vendor,PRIME260800024551,deepanshu2,abhishek,55248,PWH
PWH20289,ERP-B2B-SALE-2026-23589,2026-08-13 13:46:00,2026-08-13 13:49:00,FOC,ATV2405005516,"100+ Panchatantra Stories with 500+ Activities| 100 Timeless Moral Stories With Screen free Activities For 2+ Years Old Kids | Fun Creative Images,Stories For Growing Kids- PW Kids",,2026-08-13 16:48:00,Manoj001,MTR.G0.R37.A06.L4.B1,1,,PW,ATV2405005516,Default Vendor,PRIME260800024551,deepanshu2,abhishek,55248,PWH
PWH20289,ERP-B2B-SALE-2026-23589,2026-08-13 13:46:00,2026-08-13 13:49:00,FOC,ATV2502005557,"First Encyclopedia Life On Earth - Human Body, Animals, & Plants For Kids| Kids Encyclopedia Activity Book for 5-10 Years Old | Colorful Pictures and General Knowledge Book-PW Kids",,2026-08-13 16:30:00,Manoj001,MTR.G0.R06.A03.L4.B2,1,,PW,ATV2502005557,Default Vendor,PRIME260800024551,deepanshu2,abhishek,55248,PWH
PWH20289,ERP-B2B-SALE-2026-23589,2026-08-13 13:46:00,2026-08-13 13:49:00,FOC,ATV2501005519,"First Encyclopedia Earth and Beyond- Mountains, Space & Universe, Environment, Weather, Climates & Seasons| Kids Book for Genral Knowledge| Activity Book For 5+ Years old - PW Kids",,2026-08-13 16:22:00,Manoj001,MTR.G1.R24.A06.L3.B1,1,,PW,ATV2501005519,Default Vendor,PRIME260800024551,deepanshu2,abhishek,55248,PWH
PWH20289,ERP-B2B-SALE-2026-23589,2026-08-13 13:46:00,2026-08-13 13:49:00,FOC,ATV2503005521,"555 Maths Activity Book For Kids-  Brain Games For 5+ Years Old Kids -  Puzzles, Colorful Games, Shapes, Numbers, Time, Word Problems, Additions, Subtractions,Questions for-PW Kids",,2026-08-13 16:49:00,Manoj001,MTR.G0.R37.A10.L3.B2,1,,PW,ATV2503005521,Default Vendor,PRIME260800024551,deepanshu2,abhishek,55248,PWH
PWH20289,ERP-B2B-SALE-2026-23589,2026-08-13 13:46:00,2026-08-13 13:49:00,FOC,ATV2505005558,200+ Mazes & Puzzles Activity Book,,2026-08-13 16:38:00,Manoj001,MTR.G0.R25.A01.L3.B2,1,,PW,ATV2505005558,Default Vendor,PRIME260800024551,deepanshu2,abhishek,55248,PWH
PWH20289,ERP-B2B-SALE-2026-23589,2026-08-13 13:46:00,2026-08-13 13:49:00,FOC,ATV2505005553,2000+ Word Search & Crossword Activity Book for Kids | Vocabulary & Spelling,,2026-08-13 16:15:00,Manoj001,MTR.G2.R34.A08.L2.B2,1,,PW,ATV2505005553,Default Vendor,PRIME260800024551,deepanshu2,abhishek,55248,PWH
PWH20289,ERP-B2B-SALE-2026-23589,2026-08-13 13:46:00,2026-08-13 13:49:00,FOC,ATV2505005534,"All-in-One 1200 Words & Picture Book for Kids 2+ | ABC, Numbers, Colors & More",,2026-08-13 15:40:00,Manoj001,SPR.R26.A4.L1.B2,1,,PW,ATV2505005534,Default Vendor,PRIME260800024551,deepanshu2,abhishek,55248,PWH
PWH20289,ERP-B2B-SALE-2026-23589,2026-08-13 13:46:00,2026-08-13 13:49:00,FOC,ATV2505005525,500+ Stickers Activity Book for Kids 2+ | Match & Learn with Fun Themes,,2026-08-13 16:27:00,Manoj001,MTR.G0.R01.A01.L4.B1,1,,PW,ATV2505005525,Default Vendor,PRIME260800024551,deepanshu2,abhishek,55248,PWH
PWH20289,ERP-B2B-SALE-2026-23589,2026-08-13 13:46:00,2026-08-13 13:49:00,FOC,ATV2506005565,"200+ Addition & Subtraction Maths Activity book for 3 to 6 Years Old | Free 300+ Worksheets, Activities and Parenting Tips | Addition Subtraction Practice Book, Word Problems & Puzzles",,2026-08-13 16:12:00,Manoj001,MTR.G2.R21.A02.L1.B1,1,,PW,ATV2506005565,Default Vendor,PRIME260800024551,deepanshu2,abhishek,55248,PWH
PWH20289,ERP-B2B-SALE-2026-23589,2026-08-13 13:46:00,2026-08-13 13:49:00,FOC,ATV2506005577,"200+ Multiplication & Division Maths Activity Book For 5+ Years Old | Free 500+ Printable Worksheets & Parenting Tips | Single and Double-Digit Multiplication Division Practice, Word Problems & Puzzle",,2026-08-13 16:46:00,Manoj001,MTR.G0.R40.A05.L2.B1,1,,PW,ATV2506005577,Default Vendor,PRIME260800024551,deepanshu2,abhishek,55248,PWH
PWH20289,ERP-B2B-SALE-2026-23589,2026-08-13 13:46:00,2026-08-13 13:49:00,FOC,ATV2507005570,"555 Science Activity Book For Kids - Brain Games For 5+ Years Old Kids | Free 500+ Printable Worksheets, Science Workbook, Puzzles, Colorful Games, Riddles, Facts, Nature, Animals",,2026-08-13 16:20:00,Manoj001,MTR.G1.R30.A03.L2.B2,1,,PW,ATV2507005570,Default Vendor,PRIME260800024551,deepanshu2,abhishek,55248,PWH
PWH20289,ERP-B2B-SALE-2026-23589,2026-08-13 13:46:00,2026-08-13 13:49:00,FOC,ATV2508005572,"200+ Pattern Tracing Workbook For Kids (4 Levels of Learning) | Free 500+ Printable Worksheets | Scribbles, Tracing Lines & Curves, Shapes, Patterns & Paths, Handwriting, Reusable Practice Book",,2026-08-13 16:39:00,Manoj001,MTR.G0.R24.A03.L1.B1,1,,PW,ATV2508005572,Default Vendor,PRIME260800024551,deepanshu2,abhishek,55248,PWH
PWH20289,ERP-B2B-SALE-2026-23589,2026-08-13 13:46:00,2026-08-13 13:49:00,FOC,ATV2509005682,"A to Z Kids Reading & Activity Books Combo Set of 5 | Learn Good Habits, Emotions, Places, Professions & Sports | Fun Early Learning Alphabet Series | Pictures with General Knowledge Books",,2026-08-13 16:45:00,Manoj001,MTR.G0.R40.A09.L2.B2,1,,PW,ATV2509005682,Default Vendor,PRIME260800024551,deepanshu2,abhishek,55248,PWH
PWH20289,ERP-B2B-SALE-2026-23589,2026-08-13 13:46:00,2026-08-13 13:49:00,FOC,ATV2510005681,555 Riddles Book For Kids | Theme Based Riddles Book For 4+ Years Old | English Interactive Brain Teasing Riddle Activity Book & Fun Bain Boosters For Growing Kids,,2026-08-13 16:42:00,Manoj001,MTR.G0.R30.A05.L1.B1,1,,PW,ATV2510005681,Default Vendor,PRIME260800024551,deepanshu2,abhishek,55248,PWH
PWH20289,ERP-B2B-SALE-2026-23589,2026-08-13 13:46:00,2026-08-13 13:49:00,FOC,ATV2510017573,"555 Activities Book For Kids 4+ Years Old | Free 500+ Printable Worksheets with Parenting Tips | 555 Adventure Activities | Puzzles, Mind Games, Maze,Challenges Designed Activity Book For Growing Kids",,2026-08-13 16:01:00,Manoj001,SPR.R4.A3.L6.B1,1,,PW,ATV2510017573,Default Vendor,PRIME260100079048,deepanshu2,abhishek,55248,PWH
PWH20289,ERP-B2B-SALE-2026-23589,2026-08-13 13:46:00,2026-08-13 13:49:00,FOC,ATV2510017572,"555 English Activity Book For Kids-Brain Games For 5+ Years Old Kids | Free 500+ Printable Worksheets, Fun Puzzles, Word Games, English Grammar, Pronunciation,Vocabulary, Riddles & Learning Activities",,2026-08-13 16:43:00,Manoj001,MTR.G0.R39.A02.L2.B1,1,,PW,ATV2510017572,Default Vendor,PRIME260800024551,deepanshu2,abhishek,55248,PWH
PWH20289,ERP-B2B-SALE-2026-23589,2026-08-13 13:46:00,2026-08-13 13:49:00,FOC,ATV2512605788,"30 Days of Birthday Adventure Activity Book | Puzzles, Mazes, Riddles, Drawing, Coloring, Stickers | Free 500+ Printable Worksheets with Parenting Tips | Designed Activity Book For Growing Kids",,2026-08-13 16:32:00,Manoj001,MTR.G0.R11.A05.L3.B2,1,,PW,ATV2512605788,Default Vendor,PRIME260800024551,deepanshu2,abhishek,55248,PWH
PWH20289,ERP-B2B-SALE-2026-23589,2026-08-13 13:46:00,2026-08-13 13:49:00,FOC,ATV2511017455,"2000+ Dot Sticker Activity Book For 3+ Years Old Kids | Fun Sticker Set, Focus Builder, A to Z letters (Uppercase & Lowercase), Numbers 1-10 | Screen-Free Educational Activity For Kids",,2026-08-13 16:41:00,Manoj001,MTR.G0.R28.A10.L4.B2,1,,PW,ATV2511017455,Default Vendor,PRIME260800024551,deepanshu2,abhishek,55248,PWH
PWH20289,ERP-B2B-SALE-2026-23589,2026-08-13 13:46:00,2026-08-13 13:49:00,FOC,ATV2512198136,"1800+ Reward Stickers Book for Kids | Cool Fun Sticker Set For Boys & Girls | Ideal for Teachers, Parents & Classroom Rewards Stickers, Learning, Achievement & Behavior Chart For Growing Children",,2026-08-13 16:28:00,Manoj001,MTR.G0.R03.A07.L4.B2,1,,PW,ATV2512198136,Default Vendor,PRIME260800024551,deepanshu2,abhishek,55248,PWH
PWH20289,ERP-B2B-SALE-2026-23589,2026-08-13 13:46:00,2026-08-13 13:49:00,FOC,ATV2601614821,"How to Draw Everything You See: 365 Drawing Book For Kids 4+ Years Old | Easy Step By Step Guide For Tracing & Coloring | Fun Themes-Animals, Fruits, Vegetables, Toys | Thoughtful Gift For Children",,2026-08-13 15:53:00,Manoj001,SPR.R15.A7.L0.B1,1,,PW,ATV2601614821,Default Vendor,PRIME260800024551,deepanshu2,abhishek,55248,PWH
PWH20289,ERP-B2B-SALE-2026-23589,2026-08-13 13:46:00,2026-08-13 13:49:00,FOC,ATV2601435641,"Mandala Art Coloring Book For Kids Level-1 | Copy Coloring Book with Tear Out Sheets, Mandala Sticker Set & Positive Affirmation, Improving Concentration & Creativity | Thoughtful Gift for Kids",,2026-08-13 16:37:00,Manoj001,MTR.G0.R22.A11.L4.B1,1,,PW,ATV2601435641,Default Vendor,PRIME260800024551,deepanshu2,abhishek,55248,PWH
PWH20289,ERP-B2B-SALE-2026-23589,2026-08-13 13:46:00,2026-08-13 13:49:00,FOC,ATV2512250633,"200+ Screen-Free Activities & Games Book For Kids 5+ Years Old | Mazes & Puzzles, Word Games, Crosswords, Patterns & Shapes, Logical Reasoning, Fun Brain Teasing Educational Activity Book For Toddlers",,2026-08-13 16:45:00,Manoj001,MTR.G0.R41.A09.L4.B1,1,,PW,ATV2512250633,Default Vendor,PRIME260800024551,deepanshu2,abhishek,55248,PWH
PWH20289,ERP-B2B-SALE-2026-23589,2026-08-13 13:46:00,2026-08-13 13:49:00,FOC,ATV2511017461,"Pick & Stick Velcro Learning Activity Book For Kids | Busy Book Level 1 For 2+ Years Old Toddlers | Montessori DIYs, Skill Builder, Numbers, Alphabets, Body Parts, Colors, Travel Vehicles, Kids Gifts",,2026-08-13 16:13:00,Manoj001,MTR.G2.R27.A10.L4.B1,1,,PW,ATV2511017461,Default Vendor,PRIME260800024551,deepanshu2,abhishek,55248,PWH
PWH20289,ERP-B2B-SALE-2026-23589,2026-08-13 13:46:00,2026-08-13 13:49:00,FOC,ATV2512004922,"Pick & Stick Velcro Learning Activity Book For Kids | Busy Book Level 2 For 3+ Years Old Kids | Montessori DIYs, Skill Builder, Numbers, Alphabets, Animals, 5 Senses, Travel Vehicles, Kids Gifts",,2026-08-13 16:06:00,Manoj001,MTR.G3.R39.A01.L1.B1,1,,PW,ATV2512004922,Default Vendor,PRIME260800024551,deepanshu2,abhishek,55248,PWH
PWH20289,ERP-B2B-SALE-2026-23589,2026-08-13 13:46:00,2026-08-13 13:49:00,FOC,ATV2512560372,"1200+ Brain Booster Activity Book for Kids Ages 5–9 | Theme Based Activity Book with 500+ Free Printable Worksheets & Parenting Tips | Puzzles, Mazes, Brain Teasers, Word Searches and Mind Games",,2026-08-13 16:29:00,Manoj001,MTR.G0.R05.A03.L3.B2,1,,PW,ATV2512560372,Default Vendor,PRIME260800024551,deepanshu2,abhishek,55248,PWH
PWH20289,ERP-B2B-SALE-2026-23589,2026-08-13 13:46:00,2026-08-13 13:49:00,FOC,ATV2512276516,"100+ Unicorn, Mermaid and Fairy Activities for kids with Stickers, Coloring & Video narrations",,2026-08-13 16:47:00,Manoj001,MTR.G0.R43.A06.L1.B1,1,,PW,ATV2512276516,Default Vendor,PRIME260800024551,deepanshu2,abhishek,55248,PWH
PWH20289,ERP-B2B-SALE-2026-23589,2026-08-13 13:46:00,2026-08-13 13:49:00,FOC,ATV2601875290,"365 Nursery Worksheets for Kids (Set of 4 Books) | Science, Maths, English, EVS | Early Learning Montessori Activity Skill Worksheets, Tracing Practice, Capital & Small A-Z, Numbers, Plants, Animals",,2026-08-13 16:24:00,Manoj001,MTR.G1.R03.A05.L3.B2,1,,PW,ATV2601875290,Default Vendor,PRIME260800024551,deepanshu2,abhishek,55248,PWH
PWH20289,ERP-B2B-SALE-2026-23589,2026-08-13 13:46:00,2026-08-13 13:49:00,FOC,ATV2602964244,"My First 1200 Phonics Activity Book For Kids | Learn Word Families, Short & Long Vowels, Alphabet & Special Sounds, Blending, Word Formatting & Sight Words | Montessori Activity Book For Kids",,2026-08-13 16:11:00,Manoj001,MTR.G2.R11.A06.L3.B2,1,,PW,ATV2602964244,Default Vendor,PRIME260800024551,deepanshu2,abhishek,55248,PWH
PWH20289,ERP-B2B-SALE-2026-23589,2026-08-13 13:46:00,2026-08-13 13:49:00,FOC,ATV2603179911,"Mythology Story of Goddesses For Kids (Set of 5 Books) | Durga, Saraswati, Lakshmi, Kali, & Shiv Parvati | Colourfully Illustrated Easy Spiritual Tales with Moral Values",Size,2026-08-13 16:19:00,Manoj001,MTR.G1.R35.A05.L3.B2,1,,PW,ATV2603179911,Default Vendor,PRIME260800024551,deepanshu2,abhishek,55248,PWH
PWH20289,ERP-B2B-SALE-2026-23589,2026-08-13 13:46:00,2026-08-13 13:49:00,FOC,ATV2603788909,"Cursive Writing Journey Books For Kids (Set of 4 Books) | Improve Small & Capital A to Z, Joining Letters, Words, & Sentences | Easy Beginner to Confident Level Fluent Handwriting Practice Books",Size,2026-08-13 16:32:00,Manoj001,MTR.G0.R10.A02.L4.B2,1,,PW,ATV2603788909,Default Vendor,PRIME260800024551,deepanshu2,abhishek,55248,PWH
PWH20289,ERP-B2B-SALE-2026-23589,2026-08-13 13:46:00,2026-08-13 13:49:00,FOC,ATV2604020728,"Tenali Raman Story Books For Kids - Illustrated Stories of Akbar Birbal, Tenali Raman & Kalidasa | Wisdom & Witty Tales | Includes Video Narrations | Moral Stories For Kids",,2026-08-13 16:17:00,Manoj001,MTR.G1.R40.A05.L3.B1,1,,PW,ATV2604020728,Default Vendor,PRIME260800024551,deepanshu2,abhishek,55248,PWH
PWH20289,ERP-B2B-SALE-2026-23589,2026-08-13 13:46:00,2026-08-13 13:49:00,FOC,ATV2603019655,"AI Book - The World Encyclopedia For Kids | AI Books for Beginners | AI Ideas, Real-life Fun Facts, Explore AI in Daily Life and Brain Activity Book for Kids 6 - 11 Years",,2026-08-13 16:20:00,Manoj001,MTR.G1.R33.A11.L3.B1,1,,PW,ATV2603019655,Default Vendor,PRIME260800024551,deepanshu2,abhishek,55248,PWH
PWH20289,ERP-B2B-SALE-2026-23589,2026-08-13 13:46:00,2026-08-13 13:49:00,FOC,ATV2604536294,"First Encyclopedia Life on Earth with AR (Augmented Reality) - Human Body, Animals & Plants For Kids, Early Learning Activity Book, Encyclopedia For Kids",,2026-08-13 16:31:00,Manoj001,MTR.G0.R08.A10.L1.B2,1,,PW,ATV2604536294,Default Vendor,PRIME260800024551,deepanshu2,abhishek,55248,PWH
PWH20289,ERP-B2B-SALE-2026-23589,2026-08-13 13:46:00,2026-08-13 13:49:00,FOC,ATV2606022783,"All About the Solar System For Kids AR (Augmented Reality) Adventures with Aayu & Vanu | Fun Facts, Quizzes & Space Discoveries | Learn about 8 Planets, Pluto, Rockets, Astronauts & Space Missions",,2026-08-13 16:08:00,Manoj001,MTR.G3.R27.A08.L4.B1,1,,PW,ATV2606022783,Default Vendor,PRIME260800024551,deepanshu2,abhishek,55248,PWH
PWH20289,ERP-B2B-SALE-2026-23589,2026-08-13 13:46:00,2026-08-13 13:49:00,FOC,ATV2504005563,Science Explorer Kit 2.0 for Kids | 150+ Fun & Educational Science Experiments Kit | DIY Science Kit for Kids Ages 8+ | STEM Learning Toys & Experiment Kit,Size,2026-08-13 16:58:00,Manoj001,GP_KIT_05,1,,PW,ATV2504005563,Default Vendor,PRIME260800024551,deepanshu2,abhishek,55248,PWH
PWH20289,ERP-B2B-SALE-2026-23589,2026-08-13 13:46:00,2026-08-13 13:49:00,FOC,ATV2405005547,"Montessori Toy Family Tree Game Kit for Kids Ages 4, 5, 6, 7, 8, 9, 10 Years with Clue Cards, Riddles & Wooden Blocks to learn 4 Generations | Board Games for Children and Adults",Size,2026-08-13 15:51:00,Manoj001,SPR.R20.UP.L1.B1,1,,PW,ATV2405005547,Default Vendor,PRIME260800024551,deepanshu2,abhishek,55248,PWH
PWH20289,ERP-B2B-SALE-2026-23589,2026-08-13 13:46:00,2026-08-13 13:49:00,FOC,ATV2502005548,"PW Science Kit for School Projects Age 8,9,10,11,12,13,14 & 15 Years Old | 25+ Science Experiments | Educational Learning STEM Toys | Science Gift Set for Girls & Boys",,2026-08-13 16:55:00,Manoj001,GP_KIT_08,1,,PW,ATV2502005548,Default Vendor,PRIME260800024551,deepanshu2,abhishek,55248,PWH
PWH20289,ERP-B2B-SALE-2026-23589,2026-08-13 13:46:00,2026-08-13 13:49:00,FOC,ATV2407005556,"Curious Jr. Counting Wizard Educational Math Kit with Numbers, Counting Sticks, Word Form, Math cards | Brain Games for Kids 2, 3, 4, 5, 6 Years- Wooden Board Puzzles and Brain Teasers",Size,2026-08-13 15:58:00,Manoj001,SPR.R5.UP.L3.B1,1,,PW,ATV2407005556,Default Vendor,PRIME260800024551,deepanshu2,abhishek,55248,PWH
PWH20289,ERP-B2B-SALE-2026-23589,2026-08-13 13:46:00,2026-08-13 13:49:00,FOC,ATV2511591235,"PW DIY Glow In the Dark Science Kit for Kids, 15+ Amazing Science Experiments, STEM Learning for 8-12 Years Old, Christmas Gift for Boys & Girls",,2026-08-13 16:53:00,Manoj001,CA.MTR.G0.R6,1,,PW,ATV2511591235,Default Vendor,PRIME260800024551,deepanshu2,abhishek,55248,PWH
PWH20289,ERP-B2B-SALE-2026-23589,2026-08-13 13:46:00,2026-08-13 13:49:00,FOC,STT2307004685,White Board Marker-Blue,,2026-08-13 16:21:00,Manoj001,MTR.G1.R27.A01.L4.B1,1,,PW,STT2307004685,Default Vendor,PRIME260800024551,deepanshu2,abhishek,55248,PWH
PWH20289,ERP-B2B-SALE-2026-23589,2026-08-13 13:46:00,2026-08-13 13:49:00,FOC,ATV2602019180,"PW Slime Kit for Girls and Boys Age 4,5,6,7,8,9,10,11,12,13,14 Years Old, Unicorn, Astronaut, Mermaid, Dinosaurs, Glitters and Perfume Slime Kit | Birthday Gifts for Boys and Girls",Size,2026-08-13 16:52:00,Manoj001,CA.MTR.G0.R10,1,,PW,ATV2602019180,Default Vendor,PRIME260800024551,deepanshu2,abhishek,55248,PWH
PWH20289,ERP-B2B-SALE-2026-23589,2026-08-13 13:46:00,2026-08-13 13:49:00,FOC,ATV2510017535,"Junior Science Kit  for Girls and Boys Age 4,5,6,7,8,9,10,11,12,13,14 Years Old, Science Kit for Kids for Birthday Gifts, 50+ Experiments of Color, Craft & Science",,2026-08-13 17:03:00,Manoj001,gp_kit_01,1,,PW,ATV2510017535,Default Vendor,PRIME260800024551,deepanshu2,abhishek,55248,PWH
PWH20289,ERP-B2B-SALE-2026-23589,2026-08-13 13:46:00,2026-08-13 13:49:00,FOC,ATV2508005629,"PW CuriousJr. Electricity & Magnetism Science Project Kit for Boys & Girls Age 8, 9, 10, 11, 12, 13, 14 Years| STEM Learning | Educational Toy and Experiment Kit",,2026-08-13 17:07:00,Manoj001,CA.KIT.G0,1,,PW,ATV2508005629,Default Vendor,PRIME260800024551,deepanshu2,abhishek,55248,PWH
PWH20289,ERP-B2B-SALE-2026-23589,2026-08-13 13:46:00,2026-08-13 13:49:00,FOC,ATV2404005885,"Kids Combo Set of 4 | First Library Box of 10 Board Books + Kids First Nursery Rhymes Padded Board Book + Kids First 4 in 1 Padded Board Book + First 1000 Words Book | Gift for Children Age 1, 2, 3, 4",Size,2026-08-13 17:13:00,Manoj001,GP_B2B,1,,PW,ATV2404005885,Default Vendor,PRIME260800024551,deepanshu2,abhishek,55248,PWH
PWH20289,ERP-B2B-SALE-2026-23589,2026-08-13 13:46:00,2026-08-13 13:49:00,FOC,STT2310004881,Trigonal Pen (Set of 5),Size,2026-08-13 17:13:00,Manoj001,GP_B2B,1,,PW,STT2310004881,Default Vendor,PRIME260800024551,deepanshu2,abhishek,55248,PWH
PWH20290,ERP-B2B-SALE-2026-23590,2026-08-13 13:55:00,2026-08-13 13:56:00,FOC,BKP2601185378,"PW Arjuna For NEET Class 11 Physics, Chemistry, Botany & Zoology Modules and Questions Booklet with Solutions Combo Set of 16 Books (2026 Edition).",Size,2026-08-13 15:19:00,Rohan15,MTR.G0.R04.A09.L1.B2,1,,PW,BKP2601185378,Default Vendor,PRIME260800025773,deepanshu2,INDRANIL CHAKRABORTY,55233,PWH
PWH20291,ERP-B2B-SALE-2026-23205,2026-08-07 01:00:00,2026-08-13 14:58:00,STO,BKP2401013084,SSC Daksh English Comprehension and Practice,,2026-08-13 18:40:00,Sachin01,SPR.R5.A6.L2.B2,56,,PW,BKP2401013084,Default Vendor,PRIME260600151429,,PHYSICSWALLAH LIMITED,55268,PWH
PWH20291,ERP-B2B-SALE-2026-23205,2026-08-07 01:00:00,2026-08-13 14:58:00,STO,BKP2401013084,SSC Daksh English Comprehension and Practice,,2026-08-13 18:41:00,Sachin01,SPR.R5.A6.L2.B2,56,,PW,BKP2401013084,Default Vendor,PRIME260600151450,,PHYSICSWALLAH LIMITED,55268,PWH
PWH20291,ERP-B2B-SALE-2026-23205,2026-08-07 01:00:00,2026-08-13 14:58:00,STO,BKP2401013084,SSC Daksh English Comprehension and Practice,,2026-08-13 18:40:00,Sachin01,SPR.R5.A6.L2.B2,56,,PW,BKP2401013084,Default Vendor,PRIME260600151440,,PHYSICSWALLAH LIMITED,55268,PWH
PWH20291,ERP-B2B-SALE-2026-23205,2026-08-07 01:00:00,2026-08-13 14:58:00,STO,BKP2401013084,SSC Daksh English Comprehension and Practice,,2026-08-14 11:36:00,Rohan15,MTR.G0.R29.A10.L4.B1,8,,PW,BKP2401013084,Default Vendor,PRIME260800030673,,PHYSICSWALLAH LIMITED,55268,PWH
PWH20291,ERP-B2B-SALE-2026-23205,2026-08-07 01:00:00,2026-08-13 14:58:00,STO,BKP2401012932,SSC Daksh Geography (General Knowledge),,2026-08-13 17:56:00,Sachin01,SPR.R17.A9.L1.B1,50,,PW,BKP2401012932,Default Vendor,PRIME260800027518,,PHYSICSWALLAH LIMITED,55268,PWH
PWH20291,ERP-B2B-SALE-2026-23205,2026-08-07 01:00:00,2026-08-13 14:58:00,STO,BKP2401012932,SSC Daksh Geography (General Knowledge),,2026-08-13 17:56:00,Sachin01,SPR.R17.A9.L1.B1,54,,PW,BKP2401012932,Default Vendor,PRIME260800027519,,PHYSICSWALLAH LIMITED,55268,PWH
PWH20291,ERP-B2B-SALE-2026-23205,2026-08-07 01:00:00,2026-08-13 14:58:00,STO,BKP2401012932,SSC Daksh Geography (General Knowledge),,2026-08-14 10:56:00,Rohan15,MTR.G3.R36.A05.L4.B1,17,,PW,BKP2401012932,Default Vendor,PRIME260800027506,,PHYSICSWALLAH LIMITED,55268,PWH
PWH20291,ERP-B2B-SALE-2026-23205,2026-08-07 01:00:00,2026-08-13 14:58:00,STO,BKP2312013048,SSC Daksh Quantitative Aptitude,,2026-08-13 18:37:00,Sachin01,SPR.R6.A14.L1.B2,34,,PW,BKP2312013048,Default Vendor,PRIME260600009162,,PHYSICSWALLAH LIMITED,55268,PWH
PWH20291,ERP-B2B-SALE-2026-23205,2026-08-07 01:00:00,2026-08-13 14:58:00,STO,BKP2312013048,SSC Daksh Quantitative Aptitude,,2026-08-14 04:27:00,ANAS02,SPR.R6.A14.L1.B2,44,,PW,BKP2312013048,Default Vendor,PRIME260600009163,,PHYSICSWALLAH LIMITED,55268,PWH
PWH20291,ERP-B2B-SALE-2026-23205,2026-08-07 01:00:00,2026-08-13 14:58:00,STO,BKP2312013048,SSC Daksh Quantitative Aptitude,,2026-08-14 04:45:00,ANAS02,SPR.R6.A14.L1.B2,21,,PW,BKP2312013048,Default Vendor,PRIME260600009168,,PHYSICSWALLAH LIMITED,55268,PWH
PWH20291,ERP-B2B-SALE-2026-23205,2026-08-07 01:00:00,2026-08-13 14:58:00,STO,BKP2312013048,SSC Daksh Quantitative Aptitude,,2026-08-14 04:31:00,ANAS02,SPR.R6.A14.L1.B2,6,,PW,BKP2312013048,Default Vendor,PRIME260800030652,,PHYSICSWALLAH LIMITED,55268,PWH
PWH20291,ERP-B2B-SALE-2026-23205,2026-08-07 01:00:00,2026-08-13 14:58:00,STO,BKP2401012929,SSC Daksh Indian Economy (GK),,2026-08-14 04:34:00,ANAS02,SPR.R5.A11.L0.B1,10,,PW,BKP2401012929,Default Vendor,PRIME260700072253,,PHYSICSWALLAH LIMITED,55268,PWH
PWH20291,ERP-B2B-SALE-2026-23205,2026-08-07 01:00:00,2026-08-13 14:58:00,STO,BKP2401012929,SSC Daksh Indian Economy (GK),,2026-08-14 04:34:00,ANAS02,SPR.R5.A11.L0.B1,31,,PW,BKP2401012929,Default Vendor,PRIME260800026867,,PHYSICSWALLAH LIMITED,55268,PWH
PWH20291,ERP-B2B-SALE-2026-23205,2026-08-07 01:00:00,2026-08-13 14:58:00,STO,BKP2401012869,SSC Daksh Indian History (GK),,2026-08-13 18:34:00,Sachin01,SPR.R8.A13.L1.B2,46,,PW,BKP2401012869,Default Vendor,PRIME260700083158,,PHYSICSWALLAH LIMITED,55268,PWH
PWH20291,ERP-B2B-SALE-2026-23205,2026-08-07 01:00:00,2026-08-13 14:58:00,STO,BKP2401012869,SSC Daksh Indian History (GK),,2026-08-13 18:34:00,Sachin01,SPR.R8.A13.L1.B2,46,,PW,BKP2401012869,Default Vendor,PRIME260700083156,,PHYSICSWALLAH LIMITED,55268,PWH
PWH20291,ERP-B2B-SALE-2026-23205,2026-08-07 01:00:00,2026-08-13 14:58:00,STO,BKP2401012869,SSC Daksh Indian History (GK),,2026-08-14 10:32:00,Rohan15,SPR.R2.A8.L1.B2,40,,PW,BKP2401012869,Default Vendor,PRIME260700083213,,PHYSICSWALLAH LIMITED,55268,PWH
PWH20291,ERP-B2B-SALE-2026-23205,2026-08-07 01:00:00,2026-08-13 14:58:00,STO,BKP2401012869,SSC Daksh Indian History (GK),,2026-08-14 11:01:00,Rohan15,MTR.G3.R11.A04.L2.B2,4,,PW,BKP2401012869,Default Vendor,PRIME260800030657,,PHYSICSWALLAH LIMITED,55268,PWH
PWH20291,ERP-B2B-SALE-2026-23205,2026-08-07 01:00:00,2026-08-13 14:58:00,STO,BKP2312012218,SSC Daksh General Intelligence and Reasoning,,2026-08-13 18:31:00,Sachin01,SPR.R7.A8.L0.B2,22,,PW,BKP2312012218,Default Vendor,PRIME260800030656,,PHYSICSWALLAH LIMITED,55268,PWH
PWH20291,ERP-B2B-SALE-2026-23205,2026-08-07 01:00:00,2026-08-13 14:58:00,STO,BKP2312012218,SSC Daksh General Intelligence and Reasoning,,2026-08-13 18:26:00,Sachin01,SPR.R7.A8.L0.B2,26,,PW,BKP2312012218,Default Vendor,PRIME260500124671,,PHYSICSWALLAH LIMITED,55268,PWH
PWH20291,ERP-B2B-SALE-2026-23205,2026-08-07 01:00:00,2026-08-13 14:58:00,STO,BKP2312012218,SSC Daksh General Intelligence and Reasoning,,2026-08-13 18:25:00,Sachin01,SPR.R7.A8.L0.B2,26,,PW,BKP2312012218,Default Vendor,PRIME260500124676,,PHYSICSWALLAH LIMITED,55268,PWH
PWH20291,ERP-B2B-SALE-2026-23205,2026-08-07 01:00:00,2026-08-13 14:58:00,STO,BKP2312012218,SSC Daksh General Intelligence and Reasoning,,2026-08-14 12:13:00,Rohan15,SPR.R7.A8.L0.B2,8,,PW,BKP2312012218,Default Vendor,PRIME260800030655,,PHYSICSWALLAH LIMITED,55268,PWH
PWH20291,ERP-B2B-SALE-2026-23205,2026-08-07 01:00:00,2026-08-13 14:58:00,STO,BKP2312012218,SSC Daksh General Intelligence and Reasoning,,2026-08-13 18:28:00,Sachin01,SPR.R7.A8.L0.B2,14,,PW,BKP2312012218,Default Vendor,PRIME260800030655,,PHYSICSWALLAH LIMITED,55268,PWH
PWH20291,ERP-B2B-SALE-2026-23205,2026-08-07 01:00:00,2026-08-13 14:58:00,STO,BKP2312012218,SSC Daksh General Intelligence and Reasoning,,2026-08-14 04:24:00,ANAS02,SPR.R8.A12.L0.B1,26,,PW,BKP2312012218,Default Vendor,PRIME260500124667,,PHYSICSWALLAH LIMITED,55268,PWH
PWH20291,ERP-B2B-SALE-2026-23205,2026-08-07 01:00:00,2026-08-13 14:58:00,STO,BKP2312012218,SSC Daksh General Intelligence and Reasoning,,2026-08-13 16:48:00,Sachin01,SPR.R26.A3.L2.B2,6,,PW,BKP2312012218,Default Vendor,PRIME260800030624,,PHYSICSWALLAH LIMITED,55268,PWH
PWH20291,ERP-B2B-SALE-2026-23205,2026-08-07 01:00:00,2026-08-13 14:58:00,STO,BKP2312012218,SSC Daksh General Intelligence and Reasoning,,2026-08-14 04:26:00,ANAS02,SPR.R8.A12.L0.B1,3,,PW,BKP2312012218,Default Vendor,PRIME260800030655,,PHYSICSWALLAH LIMITED,55268,PWH
PWH20291,ERP-B2B-SALE-2026-23205,2026-08-07 01:00:00,2026-08-13 14:58:00,STO,BKP2312012820,SSC Daksh English Grammar,,2026-08-14 04:37:00,ANAS02,SPR.R8.A11.L0.B4,38,,PW,BKP2312012820,Default Vendor,PRIME260600156588,,PHYSICSWALLAH LIMITED,55268,PWH
PWH20291,ERP-B2B-SALE-2026-23205,2026-08-07 01:00:00,2026-08-13 14:58:00,STO,BKP2312012820,SSC Daksh English Grammar,,2026-08-14 04:18:00,ANAS02,SPR.R8.A11.L0.B4,48,,PW,BKP2312012820,Default Vendor,PRIME260600156594,,PHYSICSWALLAH LIMITED,55268,PWH
PWH20291,ERP-B2B-SALE-2026-23205,2026-08-07 01:00:00,2026-08-13 14:58:00,STO,BKP2312012820,SSC Daksh English Grammar,,2026-08-14 04:43:00,ANAS02,SPR.R8.A11.L0.B4,18,,PW,BKP2312012820,Default Vendor,PRIME260800026867,,PHYSICSWALLAH LIMITED,55268,PWH
PWH20291,ERP-B2B-SALE-2026-23205,2026-08-07 01:00:00,2026-08-13 14:58:00,STO,BKP2312013052,SSC Daksh Advanced Mathematics,,2026-08-13 16:28:00,Sachin01,SPR.R25.A11.L0.B1,56,,PW,BKP2312013052,Default Vendor,PRIME260500074427,,PHYSICSWALLAH LIMITED,55268,PWH
PWH20291,ERP-B2B-SALE-2026-23205,2026-08-07 01:00:00,2026-08-13 14:58:00,STO,BKP2312013052,SSC Daksh Advanced Mathematics,,2026-08-13 16:30:00,Sachin01,SPR.R25.A11.L0.B1,58,,PW,BKP2312013052,Default Vendor,PRIME260500074425,,PHYSICSWALLAH LIMITED,55268,PWH
PWH20291,ERP-B2B-SALE-2026-23205,2026-08-07 01:00:00,2026-08-13 14:58:00,STO,BKP2312013052,SSC Daksh Advanced Mathematics,,2026-08-14 11:46:00,Rohan15,SPR.R25.A11.L0.B1,22,,PW,BKP2312013052,Default Vendor,PRIME260800027419,,PHYSICSWALLAH LIMITED,55268,PWH
PWH20291,ERP-B2B-SALE-2026-23205,2026-08-07 01:00:00,2026-08-13 14:58:00,STO,BKP2312013052,SSC Daksh Advanced Mathematics,,2026-08-14 10:55:00,Rohan15,MTR.G3.R41.A09.L3.B2,2,,PW,BKP2312013052,Default Vendor,PRIME260800027419,,PHYSICSWALLAH LIMITED,55268,PWH
PWH20291,ERP-B2B-SALE-2026-23205,2026-08-07 01:00:00,2026-08-13 14:58:00,STO,BKP2401013079,SSC Daksh English Vocabulary,,2026-08-14 10:54:00,Rohan15,MTR.G3.R48.A09.L4.B2,45,,PW,BKP2401013079,Default Vendor,PRIME260800027427,,PHYSICSWALLAH LIMITED,55268,PWH
PWH20291,ERP-B2B-SALE-2026-23205,2026-08-07 01:00:00,2026-08-13 14:58:00,STO,BKP2401012176,SSC Daksh General Science (GK),,2026-08-14 10:29:00,Rohan15,SPR.R2.A9.L1.B4,44,,PW,BKP2401012176,Default Vendor,PRIME260600105678,,PHYSICSWALLAH LIMITED,55268,PWH
PWH20291,ERP-B2B-SALE-2026-23205,2026-08-07 01:00:00,2026-08-13 14:58:00,STO,BKP2401012176,SSC Daksh General Science (GK),,2026-08-14 10:31:00,Rohan15,SPR.R2.A9.L1.B4,44,,PW,BKP2401012176,Default Vendor,PRIME260600105677,,PHYSICSWALLAH LIMITED,55268,PWH
PWH20291,ERP-B2B-SALE-2026-23205,2026-08-07 01:00:00,2026-08-13 14:58:00,STO,BKP2401012176,SSC Daksh General Science (GK),,2026-08-14 10:31:00,Rohan15,SPR.R2.A9.L1.B4,22,,PW,BKP2401012176,Default Vendor,PRIME260600105693,,PHYSICSWALLAH LIMITED,55268,PWH
PWH20291,ERP-B2B-SALE-2026-23205,2026-08-07 01:00:00,2026-08-13 14:58:00,STO,BKP2406013012,Computer knowledge for SSC Banking,,2026-08-13 17:08:00,Sachin01,SPR.R20.A13.L4.B1,72,,PW,BKP2406013012,Default Vendor,PRIME260400195558,,PHYSICSWALLAH LIMITED,55268,PWH
PWH20291,ERP-B2B-SALE-2026-23205,2026-08-07 01:00:00,2026-08-13 14:58:00,STO,BKP2406013012,Computer knowledge for SSC Banking,,2026-08-13 17:15:00,Sachin01,SPR.R20.A13.L4.B1,40,,PW,BKP2406013012,Default Vendor,PRIME260800027507,,PHYSICSWALLAH LIMITED,55268,PWH
PWH20291,ERP-B2B-SALE-2026-23205,2026-08-07 01:00:00,2026-08-13 14:58:00,STO,BKP2406013012,Computer knowledge for SSC Banking,,2026-08-13 17:10:00,Sachin01,SPR.R20.A13.L4.B1,74,,PW,BKP2406013012,Default Vendor,PRIME260500138096,,PHYSICSWALLAH LIMITED,55268,PWH
PWH20291,ERP-B2B-SALE-2026-23205,2026-08-07 01:00:00,2026-08-13 14:58:00,STO,BKP2406013012,Computer knowledge for SSC Banking,,2026-08-13 17:09:00,Sachin01,SPR.R20.A13.L4.B1,72,,PW,BKP2406013012,Default Vendor,PRIME260400195578,,PHYSICSWALLAH LIMITED,55268,PWH
PWH20291,ERP-B2B-SALE-2026-23205,2026-08-07 01:00:00,2026-08-13 14:58:00,STO,BKP2406013012,Computer knowledge for SSC Banking,,2026-08-14 11:11:00,Rohan15,MTR.G2.R27.A06.L4.B2,11,,PW,BKP2406013012,Default Vendor,PRIME260800027419,,PHYSICSWALLAH LIMITED,55268,PWH
PWH20291,ERP-B2B-SALE-2026-23205,2026-08-07 01:00:00,2026-08-13 14:58:00,STO,BKP2401013046,SSC Daksh Indian Polity (GK),,2026-08-13 16:37:00,Sachin01,SPR.R25.A6.L1.B4,54,,PW,BKP2401013046,Default Vendor,PRIME260800026236,,PHYSICSWALLAH LIMITED,55268,PWH
PWH20291,ERP-B2B-SALE-2026-23205,2026-08-07 01:00:00,2026-08-13 14:58:00,STO,BKP2401013046,SSC Daksh Indian Polity (GK),,2026-08-13 16:36:00,Sachin01,SPR.R25.A6.L1.B4,54,,PW,BKP2401013046,Default Vendor,PRIME260800026237,,PHYSICSWALLAH LIMITED,55268,PWH
PWH20291,ERP-B2B-SALE-2026-23205,2026-08-07 01:00:00,2026-08-13 14:58:00,STO,BKP2401013046,SSC Daksh Indian Polity (GK),,2026-08-14 11:33:00,Rohan15,MTR.G1.R05.A12.L4.B2,37,,PW,BKP2401013046,Default Vendor,PRIME260800027419,,PHYSICSWALLAH LIMITED,55268,PWH
PWH20291,ERP-B2B-SALE-2026-23205,2026-08-07 01:00:00,2026-08-13 14:58:00,STO,BKP2402012841,Daksh SSC GS bhoogol (saa0 gyaa0) hindi,,2026-08-14 11:03:00,Rohan15,MTR.G3.R05.A09.L4.B1,41,,PW,BKP2402012841,Default Vendor,PRIME260800027430,,PHYSICSWALLAH LIMITED,55268,PWH
PWH20291,ERP-B2B-SALE-2026-23205,2026-08-07 01:00:00,2026-08-13 14:58:00,STO,BKP2403012663,SSC Daksh Quantitative Aptitude (Hindi),,2026-08-13 17:00:00,Sachin01,SPR.R24.A7.L1.B1,30,,PW,BKP2403012663,Default Vendor,PRIME260800027436,,PHYSICSWALLAH LIMITED,55268,PWH
PWH20291,ERP-B2B-SALE-2026-23205,2026-08-07 01:00:00,2026-08-13 14:58:00,STO,BKP2403012663,SSC Daksh Quantitative Aptitude (Hindi),,2026-08-14 11:31:00,Rohan15,MTR.G1.R45.A07.L1.B2,2,,PW,BKP2403012663,Default Vendor,PRIME260800027436,,PHYSICSWALLAH LIMITED,55268,PWH
PWH20291,ERP-B2B-SALE-2026-23205,2026-08-07 01:00:00,2026-08-13 14:58:00,STO,BKP2402012887,Daksh SSC GS bhaarateey itihaas (saa0 gyaa0) hindi,,2026-08-14 04:10:00,ANAS02,SPR.R8.A5.L0.B3,9,,PW,BKP2402012887,Default Vendor,PRIME260800026867,,PHYSICSWALLAH LIMITED,55268,PWH
PWH20291,ERP-B2B-SALE-2026-23205,2026-08-07 01:00:00,2026-08-13 14:58:00,STO,BKP2402012887,Daksh SSC GS bhaarateey itihaas (saa0 gyaa0) hindi,,2026-08-13 16:23:00,Sachin01,SPR.R28.A13.L2.B2,15,,PW,BKP2402012887,Default Vendor,PRIME260800026238,,PHYSICSWALLAH LIMITED,55268,PWH
PWH20291,ERP-B2B-SALE-2026-23205,2026-08-07 01:00:00,2026-08-13 14:58:00,STO,BKP2402012840,Daksh SSC GS Bhartiya arthvyvastha k siddhant Hindi,,2026-08-14 11:00:00,Rohan15,MTR.G3.R14.A11.L4.B1,33,,PW,BKP2402012840,Default Vendor,PRIME260800027419,,PHYSICSWALLAH LIMITED,55268,PWH
PWH20291,ERP-B2B-SALE-2026-23205,2026-08-07 01:00:00,2026-08-13 14:58:00,STO,BKP2402012626,Daksh SSC GS bhaaaarateey raajavyavastha (saa0 gyaa0) hindi,,2026-08-13 17:04:00,Sachin01,SPR.R23.A8.L1.B4,31,,PW,BKP2402012626,Default Vendor,PRIME2605003623,,PHYSICSWALLAH LIMITED,55268,PWH
PWH20291,ERP-B2B-SALE-2026-23205,2026-08-07 01:00:00,2026-08-13 14:58:00,STO,BKP2402012626,Daksh SSC GS bhaaaarateey raajavyavastha (saa0 gyaa0) hindi,,2026-08-13 17:05:00,Sachin01,SPR.R23.A8.L1.B4,14,,PW,BKP2402012626,Default Vendor,PRIME2605003623,,PHYSICSWALLAH LIMITED,55268,PWH
PWH20291,ERP-B2B-SALE-2026-23205,2026-08-07 01:00:00,2026-08-13 14:58:00,STO,BKP2402012878,Daksh SSC reejaning saamaany buddhi evan tarkashakti hindi,,2026-08-13 16:52:00,Sachin01,SPR.R24.A11.L2.B1,26,,PW,BKP2402012878,Default Vendor,PRIME260600048593,,PHYSICSWALLAH LIMITED,55268,PWH
PWH20291,ERP-B2B-SALE-2026-23205,2026-08-07 01:00:00,2026-08-13 14:58:00,STO,BKP2402012878,Daksh SSC reejaning saamaany buddhi evan tarkashakti hindi,,2026-08-14 11:18:00,Rohan15,MTR.G2.R01.A05.L4.B1,20,,PW,BKP2402012878,Default Vendor,PRIME260800027431,,PHYSICSWALLAH LIMITED,55268,PWH
PWH20291,ERP-B2B-SALE-2026-23205,2026-08-07 01:00:00,2026-08-13 14:58:00,STO,BKP2402012638,Daksh SSC GS saamaaaany vigyaan (saa0 gyaa0) hindi,,2026-08-14 03:56:00,ANAS02,SPR.R24.A10.L0.B1,2,,PW,BKP2402012638,Default Vendor,PRIME260800026867,,PHYSICSWALLAH LIMITED,55268,PWH
PWH20291,ERP-B2B-SALE-2026-23205,2026-08-07 01:00:00,2026-08-13 14:58:00,STO,BKP2405012873,JEET कम्प्यूटर ज्ञान,,2026-08-13 17:57:00,Sachin01,SPR.R15.A5.L1.B2,60,,PW,BKP2405012873,Default Vendor,PRIME260500063137,,PHYSICSWALLAH LIMITED,55268,PWH
PWH20291,ERP-B2B-SALE-2026-23205,2026-08-07 01:00:00,2026-08-13 14:58:00,STO,BKP2405012873,JEET कम्प्यूटर ज्ञान,,2026-08-14 11:37:00,Rohan15,MTR.G0.R23.A07.L3.B1,3,,PW,BKP2405012873,Default Vendor,PRIME260800027419,,PHYSICSWALLAH LIMITED,55268,PWH
PWH20291,ERP-B2B-SALE-2026-23205,2026-08-07 01:00:00,2026-08-13 14:58:00,STO,BKP2405012873,JEET कम्प्यूटर ज्ञान,,2026-08-13 17:59:00,Sachin01,SPR.R15.A5.L1.B2,26,,PW,BKP2405012873,Default Vendor,PRIME260800026235,,PHYSICSWALLAH LIMITED,55268,PWH
PWH20291,ERP-B2B-SALE-2026-23205,2026-08-07 01:00:00,2026-08-13 14:58:00,STO,BKP2402012749,Daksh SSC  math edavaansd ganit hindi,,2026-08-13 16:40:00,Sachin01,SPR.R25.A10.L6.B1,43,,PW,BKP2402012749,Default Vendor,PRIME260500030199,,PHYSICSWALLAH LIMITED,55268,PWH
PWH20291,ERP-B2B-SALE-2026-23205,2026-08-07 01:00:00,2026-08-13 14:58:00,STO,BKP2402012749,Daksh SSC  math edavaansd ganit hindi,,2026-08-14 11:30:00,Rohan15,MTR.G1.R46.A07.L2.B2,10,,PW,BKP2402012749,Default Vendor,PRIME260800027419,,PHYSICSWALLAH LIMITED,55268,PWH
PWH20291,ERP-B2B-SALE-2026-23205,2026-08-07 01:00:00,2026-08-13 14:58:00,STO,BKP2506012691,Drona रीजनिंग एबिलिटी 2025 Edition Hindi,,2026-08-14 04:08:00,ANAS02,SPR.R12.A1.L3.B2,21,,PW,BKP2506012691,Default Vendor,PRIME260800027429,,PHYSICSWALLAH LIMITED,55268,PWH
PWH20291,ERP-B2B-SALE-2026-23205,2026-08-07 01:00:00,2026-08-13 14:58:00,STO,BKP2506012691,Drona रीजनिंग एबिलिटी 2025 Edition Hindi,,2026-08-14 04:05:00,ANAS02,SPR.R12.A1.L3.B2,8,,PW,BKP2506012691,Default Vendor,PRIME260800027429,,PHYSICSWALLAH LIMITED,55268,PWH
PWH20291,ERP-B2B-SALE-2026-23205,2026-08-07 01:00:00,2026-08-13 14:58:00,STO,BKP2506012691,Drona रीजनिंग एबिलिटी 2025 Edition Hindi,,2026-08-14 11:31:00,Rohan15,MTR.G1.R33.A06.L3.B1,5,,PW,BKP2506012691,Default Vendor,PRIME260800027419,,PHYSICSWALLAH LIMITED,55268,PWH
PWH20291,ERP-B2B-SALE-2026-23205,2026-08-07 01:00:00,2026-08-13 14:58:00,STO,BKP2506012597,Drona मात्रात्मक अभियोग्यता 2025 Edition Hindi,,2026-08-13 18:16:00,Sachin01,SPR.R13.A3.L1.B4,13,,PW,BKP2506012597,Default Vendor,PRIME260800030659,,PHYSICSWALLAH LIMITED,55268,PWH
PWH20291,ERP-B2B-SALE-2026-23205,2026-08-07 01:00:00,2026-08-13 14:58:00,STO,BKP2506012597,Drona मात्रात्मक अभियोग्यता 2025 Edition Hindi,,2026-08-13 18:14:00,Sachin01,SPR.R13.A3.L1.B4,12,,PW,BKP2506012597,Default Vendor,PRIME260800030659,,PHYSICSWALLAH LIMITED,55268,PWH
PWH20291,ERP-B2B-SALE-2026-23205,2026-08-07 01:00:00,2026-08-13 14:58:00,STO,BKP2506012597,Drona मात्रात्मक अभियोग्यता 2025 Edition Hindi,,2026-08-13 18:15:00,Sachin01,SPR.R13.A3.L1.B4,4,,PW,BKP2506012597,Default Vendor,PRIME260800030659,,PHYSICSWALLAH LIMITED,55268,PWH
PWH20291,ERP-B2B-SALE-2026-23205,2026-08-07 01:00:00,2026-08-13 14:58:00,STO,BKP2506012703,"Drona आंकड़े विश्लेषण, आंकड़े पर्याप्तता एवं व्याख्या 2025 Edition Hindi",,2026-08-14 03:58:00,ANAS02,SPR.R13.A13.L0.B4,1,,PW,BKP2506012703,Default Vendor,PRIME260800026867,,PHYSICSWALLAH LIMITED,55268,PWH
PWH20291,ERP-B2B-SALE-2026-23205,2026-08-07 01:00:00,2026-08-13 14:58:00,STO,BKP2508008638,बैंक पीओ/ क्लर्क परीक्षा 2025 - Banking,,2026-08-14 10:26:00,Rohan15,SPR.R3.A10.L1.B3,22,,PW,BKP2508008638,Default Vendor,PRIME260600050976,,PHYSICSWALLAH LIMITED,55268,PWH
PWH20291,ERP-B2B-SALE-2026-23205,2026-08-07 01:00:00,2026-08-13 14:58:00,STO,BKP2508008638,बैंक पीओ/ क्लर्क परीक्षा 2025 - Banking,,2026-08-14 11:39:00,Rohan15,MTR.G0.R05.A09.L3.B2,14,,PW,BKP2508008638,Default Vendor,PRIME260800027419,,PHYSICSWALLAH LIMITED,55268,PWH
PWH20291,ERP-B2B-SALE-2026-23205,2026-08-07 01:00:00,2026-08-13 14:58:00,STO,BKP2506013008,Drona English Language & Comprehension 2025 Edition,,2026-08-13 17:47:00,Sachin01,SPR.R18.A1.L1.B2,14,,PW,BKP2506013008,Default Vendor,PRIME260500166183,,PHYSICSWALLAH LIMITED,55268,PWH
PWH20291,ERP-B2B-SALE-2026-23205,2026-08-07 01:00:00,2026-08-13 14:58:00,STO,BKP2506013008,Drona English Language & Comprehension 2025 Edition,,2026-08-13 17:31:00,Sachin01,SPR.R18.A1.L1.B2,14,,PW,BKP2506013008,Default Vendor,PRIME260800027513,,PHYSICSWALLAH LIMITED,55268,PWH
PWH20291,ERP-B2B-SALE-2026-23205,2026-08-07 01:00:00,2026-08-13 14:58:00,STO,BKP2506013008,Drona English Language & Comprehension 2025 Edition,,2026-08-13 17:32:00,Sachin01,SPR.R18.A1.L1.B2,3,,PW,BKP2506013008,Default Vendor,PRIME260800027513,,PHYSICSWALLAH LIMITED,55268,PWH
PWH20291,ERP-B2B-SALE-2026-23205,2026-08-07 01:00:00,2026-08-13 14:58:00,STO,BKP2506013008,Drona English Language & Comprehension 2025 Edition,,2026-08-13 17:34:00,Sachin01,SPR.R18.A1.L1.B2,10,,PW,BKP2506013008,Default Vendor,PRIME260800027514,,PHYSICSWALLAH LIMITED,55268,PWH
PWH20291,ERP-B2B-SALE-2026-23205,2026-08-07 01:00:00,2026-08-13 14:58:00,STO,BKP2506013008,Drona English Language & Comprehension 2025 Edition,,2026-08-13 17:34:00,Sachin01,SPR.R18.A1.L1.B2,15,,PW,BKP2506013008,Default Vendor,PRIME260800027515,,PHYSICSWALLAH LIMITED,55268,PWH
PWH20291,ERP-B2B-SALE-2026-23205,2026-08-07 01:00:00,2026-08-13 14:58:00,STO,BKP2506013008,Drona English Language & Comprehension 2025 Edition,,2026-08-13 17:35:00,Sachin01,SPR.R18.A1.L1.B2,4,,PW,BKP2506013008,Default Vendor,PRIME260800027516,,PHYSICSWALLAH LIMITED,55268,PWH
PWH20291,ERP-B2B-SALE-2026-23205,2026-08-07 01:00:00,2026-08-13 14:58:00,STO,BKP2506013008,Drona English Language & Comprehension 2025 Edition,,2026-08-13 17:53:00,Sachin01,SPR.R18.A1.L1.B2,4,,PW,BKP2506013008,Default Vendor,PRIME260500166203,,PHYSICSWALLAH LIMITED,55268,PWH
PWH20291,ERP-B2B-SALE-2026-23205,2026-08-07 01:00:00,2026-08-13 14:58:00,STO,BKP2506013008,Drona English Language & Comprehension 2025 Edition,,2026-08-13 17:37:00,Sachin01,SPR.R18.A1.L1.B2,14,,PW,BKP2506013008,Default Vendor,PRIME260800027516,,PHYSICSWALLAH LIMITED,55268,PWH
PWH20291,ERP-B2B-SALE-2026-23205,2026-08-07 01:00:00,2026-08-13 14:58:00,STO,BKP2506013008,Drona English Language & Comprehension 2025 Edition,,2026-08-13 17:44:00,Sachin01,SPR.R18.A1.L1.B2,18,,PW,BKP2506013008,Default Vendor,PRIME260800027517,,PHYSICSWALLAH LIMITED,55268,PWH
PWH20291,ERP-B2B-SALE-2026-23205,2026-08-07 01:00:00,2026-08-13 14:58:00,STO,BKP2506013008,Drona English Language & Comprehension 2025 Edition,,2026-08-13 16:56:00,Sachin01,SPR.R24.A14.L5.B2,14,,PW,BKP2506013008,Default Vendor,PRIME260600112463,,PHYSICSWALLAH LIMITED,55268,PWH
PWH20291,ERP-B2B-SALE-2026-23205,2026-08-07 01:00:00,2026-08-13 14:58:00,STO,BKP2506013008,Drona English Language & Comprehension 2025 Edition,,2026-08-13 17:51:00,Sachin01,SPR.R18.A1.L1.B2,1,,PW,BKP2506013008,Default Vendor,PRIME260800027516,,PHYSICSWALLAH LIMITED,55268,PWH
PWH20291,ERP-B2B-SALE-2026-23205,2026-08-07 01:00:00,2026-08-13 14:58:00,STO,BKP2506012962,Drona Quantitative Aptitude 2025 Edition,,2026-08-14 10:23:00,Rohan15,SPR.R6.A3.L1.B4,14,,PW,BKP2506012962,Default Vendor,PRIME260800006890,,PHYSICSWALLAH LIMITED,55268,PWH
PWH20291,ERP-B2B-SALE-2026-23205,2026-08-07 01:00:00,2026-08-13 14:58:00,STO,BKP2506012962,Drona Quantitative Aptitude 2025 Edition,,2026-08-14 10:23:00,Rohan15,SPR.R6.A3.L1.B4,28,,PW,BKP2506012962,Default Vendor,PRIME260800006894,,PHYSICSWALLAH LIMITED,55268,PWH
PWH20291,ERP-B2B-SALE-2026-23205,2026-08-07 01:00:00,2026-08-13 14:58:00,STO,BKP2506012962,Drona Quantitative Aptitude 2025 Edition,,2026-08-14 10:24:00,Rohan15,SPR.R6.A3.L1.B4,19,,PW,BKP2506012962,Default Vendor,PRIME260800006899,,PHYSICSWALLAH LIMITED,55268,PWH
PWH20291,ERP-B2B-SALE-2026-23205,2026-08-07 01:00:00,2026-08-13 14:58:00,STO,BKP2506012962,Drona Quantitative Aptitude 2025 Edition,,2026-08-14 10:24:00,Rohan15,SPR.R6.A3.L1.B4,28,,PW,BKP2506012962,Default Vendor,PRIME260800010825,,PHYSICSWALLAH LIMITED,55268,PWH
PWH20291,ERP-B2B-SALE-2026-23205,2026-08-07 01:00:00,2026-08-13 14:58:00,STO,BKP2506012962,Drona Quantitative Aptitude 2025 Edition,,2026-08-14 10:33:00,Rohan15,SPR.R2.A2.L1.B2,14,,PW,BKP2506012962,Default Vendor,PRIME260600125196,,PHYSICSWALLAH LIMITED,55268,PWH
PWH20291,ERP-B2B-SALE-2026-23205,2026-08-07 01:00:00,2026-08-13 14:58:00,STO,BKP2506012962,Drona Quantitative Aptitude 2025 Edition,,2026-08-14 10:25:00,Rohan15,SPR.R6.A3.L1.B4,8,,PW,BKP2506012962,Default Vendor,PRIME260800027419,,PHYSICSWALLAH LIMITED,55268,PWH
PWH20291,ERP-B2B-SALE-2026-23205,2026-08-07 01:00:00,2026-08-13 14:58:00,STO,BKP2506012961,"Drona Data Analysis, Data Interpretation and Sufficiency 2025 Edition",,2026-08-14 10:21:00,Rohan15,SPR.R6.A4.L0.B1,40,,PW,BKP2506012961,Default Vendor,PRIME260800010826,,PHYSICSWALLAH LIMITED,55268,PWH
PWH20291,ERP-B2B-SALE-2026-23205,2026-08-07 01:00:00,2026-08-13 14:58:00,STO,BKP2506012961,"Drona Data Analysis, Data Interpretation and Sufficiency 2025 Edition",,2026-08-13 18:23:00,Sachin01,SPR.R7.A2.L4.B1,40,,PW,BKP2506012961,Default Vendor,PRIME260800006910,,PHYSICSWALLAH LIMITED,55268,PWH
PWH20291,ERP-B2B-SALE-2026-23205,2026-08-07 01:00:00,2026-08-13 14:58:00,STO,BKP2506012961,"Drona Data Analysis, Data Interpretation and Sufficiency 2025 Edition",,2026-08-13 18:22:00,Sachin01,SPR.R7.A2.L4.B1,40,,PW,BKP2506012961,Default Vendor,PRIME260800006909,,PHYSICSWALLAH LIMITED,55268,PWH
PWH20291,ERP-B2B-SALE-2026-23205,2026-08-07 01:00:00,2026-08-13 14:58:00,STO,BKP2506012961,"Drona Data Analysis, Data Interpretation and Sufficiency 2025 Edition",,2026-08-14 11:13:00,Rohan15,MTR.G2.R36.A11.L4.B2,19,,PW,BKP2506012961,Default Vendor,PRIME260800027428,,PHYSICSWALLAH LIMITED,55268,PWH
PWH20291,ERP-B2B-SALE-2026-23205,2026-08-07 01:00:00,2026-08-13 14:58:00,STO,BKP2506012891,Drona Logical and Analytical Reasoning 2025 Edition,,2026-08-13 17:28:00,Sachin01,SPR.R25.A2.L0.B4,38,,PW,BKP2506012891,Default Vendor,PRIME260800027512,,PHYSICSWALLAH LIMITED,55268,PWH
PWH20291,ERP-B2B-SALE-2026-23205,2026-08-07 01:00:00,2026-08-13 14:58:00,STO,BKP2506012891,Drona Logical and Analytical Reasoning 2025 Edition,,2026-08-13 17:26:00,Sachin01,SPR.R25.A2.L0.B4,48,,PW,BKP2506012891,Default Vendor,PRIME260800027510,,PHYSICSWALLAH LIMITED,55268,PWH
PWH20291,ERP-B2B-SALE-2026-23205,2026-08-07 01:00:00,2026-08-13 14:58:00,STO,BKP2506012891,Drona Logical and Analytical Reasoning 2025 Edition,,2026-08-14 10:58:00,Rohan15,MTR.G3.R28.A03.L4.B1,47,,PW,BKP2506012891,Default Vendor,PRIME260800027511,,PHYSICSWALLAH LIMITED,55268,PWH
PWH20291,ERP-B2B-SALE-2026-23205,2026-08-07 01:00:00,2026-08-13 14:58:00,STO,BKP2508012774,IBPS Bank PO/Cleark Previous Paper Book 2025 - Banking,,2026-08-13 18:04:00,Sachin01,SPR.R14.A3.L0.B2,24,,PW,BKP2508012774,Default Vendor,PRIME260800027524,,PHYSICSWALLAH LIMITED,55268,PWH
PWH20291,ERP-B2B-SALE-2026-23205,2026-08-07 01:00:00,2026-08-13 14:58:00,STO,BKP2508012774,IBPS Bank PO/Cleark Previous Paper Book 2025 - Banking,,2026-08-13 18:04:00,Sachin01,SPR.R14.A3.L0.B2,11,,PW,BKP2508012774,Default Vendor,PRIME260800027508,,PHYSICSWALLAH LIMITED,55268,PWH
PWH20291,ERP-B2B-SALE-2026-23205,2026-08-07 01:00:00,2026-08-13 14:58:00,STO,BKP2508012774,IBPS Bank PO/Cleark Previous Paper Book 2025 - Banking,,2026-08-13 18:01:00,Sachin01,SPR.R14.A3.L0.B2,24,,PW,BKP2508012774,Default Vendor,PRIME260800027521,,PHYSICSWALLAH LIMITED,55268,PWH
PWH20291,ERP-B2B-SALE-2026-23205,2026-08-07 01:00:00,2026-08-13 14:58:00,STO,BKP2508012774,IBPS Bank PO/Cleark Previous Paper Book 2025 - Banking,,2026-08-13 18:01:00,Sachin01,SPR.R14.A3.L0.B2,24,,PW,BKP2508012774,Default Vendor,PRIME260800027520,,PHYSICSWALLAH LIMITED,55268,PWH
PWH20291,ERP-B2B-SALE-2026-23205,2026-08-07 01:00:00,2026-08-13 14:58:00,STO,BKP2508012774,IBPS Bank PO/Cleark Previous Paper Book 2025 - Banking,,2026-08-13 18:02:00,Sachin01,SPR.R14.A3.L0.B2,24,,PW,BKP2508012774,Default Vendor,PRIME260800027522,,PHYSICSWALLAH LIMITED,55268,PWH
PWH20291,ERP-B2B-SALE-2026-23205,2026-08-07 01:00:00,2026-08-13 14:58:00,STO,BKP2508012774,IBPS Bank PO/Cleark Previous Paper Book 2025 - Banking,,2026-08-13 18:04:00,Sachin01,SPR.R14.A3.L0.B2,20,,PW,BKP2508012774,Default Vendor,PRIME260800027523,,PHYSICSWALLAH LIMITED,55268,PWH
PWH20291,ERP-B2B-SALE-2026-23205,2026-08-07 01:00:00,2026-08-13 14:58:00,STO,BKP2508012774,IBPS Bank PO/Cleark Previous Paper Book 2025 - Banking,,2026-08-13 16:46:00,Sachin01,SPR.R25.A4.L4.B2,24,,PW,BKP2508012774,Default Vendor,PRIME260800027509,,PHYSICSWALLAH LIMITED,55268,PWH
PWH20291,ERP-B2B-SALE-2026-23205,2026-08-07 01:00:00,2026-08-13 14:58:00,STO,BKP2508012774,IBPS Bank PO/Cleark Previous Paper Book 2025 - Banking,,2026-08-14 11:15:00,Rohan15,MTR.G2.R11.A05.L3.B1,3,,PW,BKP2508012774,Default Vendor,PRIME260800027508,,PHYSICSWALLAH LIMITED,55268,PWH
PWH20291,ERP-B2B-SALE-2026-23205,2026-08-07 01:00:00,2026-08-13 14:58:00,STO,BKP2312013048,SSC Daksh Quantitative Aptitude,,2026-08-14 04:30:00,ANAS02,SPR.R6.A14.L1.B2,21,,PW,BKP2312013048,Default Vendor,PRIME260800030652,,PHYSICSWALLAH LIMITED,55268,PWH
PWH20291,ERP-B2B-SALE-2026-23205,2026-08-07 01:00:00,2026-08-13 14:58:00,STO,BKP2508012774,IBPS Bank PO/Cleark Previous Paper Book 2025 - Banking,,2026-08-13 18:04:00,Sachin01,SPR.R14.A3.L0.B2,2,,PW,BKP2508012774,Default Vendor,PRIME260800027523,,PHYSICSWALLAH LIMITED,55268,PWH
PWH20291,ERP-B2B-SALE-2026-23205,2026-08-07 01:00:00,2026-08-13 14:58:00,STO,BKP2506013008,Drona English Language & Comprehension 2025 Edition,,2026-08-13 17:51:00,Sachin01,SPR.R18.A1.L1.B2,6,,PW,BKP2506013008,Default Vendor,PRIME260800027517,,PHYSICSWALLAH LIMITED,55268,PWH
PWH20291,ERP-B2B-SALE-2026-23205,2026-08-07 01:00:00,2026-08-13 14:58:00,STO,BKP2506013008,Drona English Language & Comprehension 2025 Edition,,2026-08-13 17:34:00,Sachin01,SPR.R18.A1.L1.B2,5,,PW,BKP2506013008,Default Vendor,PRIME260800027516,,PHYSICSWALLAH LIMITED,55268,PWH
PWH20291,ERP-B2B-SALE-2026-23205,2026-08-07 01:00:00,2026-08-13 14:58:00,STO,BKP2506013008,Drona English Language & Comprehension 2025 Edition,,2026-08-13 17:34:00,Sachin01,SPR.R18.A1.L1.B2,9,,PW,BKP2506013008,Default Vendor,PRIME260800027515,,PHYSICSWALLAH LIMITED,55268,PWH
PWH20291,ERP-B2B-SALE-2026-23205,2026-08-07 01:00:00,2026-08-13 14:58:00,STO,BKP2506013008,Drona English Language & Comprehension 2025 Edition,,2026-08-13 17:32:00,Sachin01,SPR.R18.A1.L1.B2,14,,PW,BKP2506013008,Default Vendor,PRIME260800027514,,PHYSICSWALLAH LIMITED,55268,PWH
PWH20291,ERP-B2B-SALE-2026-23205,2026-08-07 01:00:00,2026-08-13 14:58:00,STO,BKP2406013012,Computer knowledge for SSC Banking,,2026-08-14 11:11:00,Rohan15,MTR.G2.R27.A06.L4.B2,32,,PW,BKP2406013012,Default Vendor,PRIME260800027507,,PHYSICSWALLAH LIMITED,55268,PWH
PWH20291,ERP-B2B-SALE-2026-23205,2026-08-07 01:00:00,2026-08-13 14:58:00,STO,BKP2401013079,SSC Daksh English Vocabulary,,2026-08-14 10:54:00,Rohan15,MTR.G3.R48.A09.L4.B2,66,,PW,BKP2401013079,Default Vendor,PRIME260800027425,,PHYSICSWALLAH LIMITED,55268,PWH
PWH20291,ERP-B2B-SALE-2026-23205,2026-08-07 01:00:00,2026-08-13 14:58:00,STO,BKP2401013079,SSC Daksh English Vocabulary,,2026-08-14 10:54:00,Rohan15,MTR.G3.R48.A09.L4.B2,66,,PW,BKP2401013079,Default Vendor,PRIME260800027426,,PHYSICSWALLAH LIMITED,55268,PWH
PWH20291,ERP-B2B-SALE-2026-23205,2026-08-07 01:00:00,2026-08-13 14:58:00,STO,BKP2312012218,SSC Daksh General Intelligence and Reasoning,,2026-08-13 18:28:00,Sachin01,SPR.R7.A8.L0.B2,4,,PW,BKP2312012218,Default Vendor,PRIME260800030656,,PHYSICSWALLAH LIMITED,55268,PWH
PWH20291,ERP-B2B-SALE-2026-23205,2026-08-07 01:00:00,2026-08-13 14:58:00,STO,BKP2312012218,SSC Daksh General Intelligence and Reasoning,,2026-08-13 16:48:00,Sachin01,SPR.R26.A3.L2.B2,1,,PW,BKP2312012218,Default Vendor,PRIME260800030655,,PHYSICSWALLAH LIMITED,55268,PWH
PWH20295,ERP-B2B-SALE-2026-23609,2026-08-13 15:12:00,2026-08-13 15:17:00,FOC,BKP2311007112,"JEE Mind Maps for Class 12th (Paperback) l Complete Coverage of Physics, Chemistry and Maths l Interactive Mind Maps, Important Concept & Formula",,2026-08-13 17:33:00,Rohan15,MTR.G0.R28.A11.L4.B1,1,,PW,BKP2311007112,Default Vendor,PRIME260800025769,deepanshu2,Raghvendra Thakur,55312,PWH
PWH20295,ERP-B2B-SALE-2026-23609,2026-08-13 15:12:00,2026-08-13 15:17:00,FOC,BKP2503007163,"Chemistry Med Easy | Notes, Formulas, Tips & Tricks for NEET/JEE & Board Exams | Pankaj Sir Chemistry Handwritten Notes",,2026-08-13 17:26:00,Rohan15,MTR.G3.R26.A10.L3.B2,1,,PW,BKP2503007163,Default Vendor,PRIME260800025769,deepanshu2,Raghvendra Thakur,55312,PWH
PWH20295,ERP-B2B-SALE-2026-23609,2026-08-13 15:12:00,2026-08-13 15:17:00,FOC,BKP2505007033,"CBSE Class 10 Mind Maps Book For 2026 Board Exams l Mathematics, Physics, Chemistry, Biology, English and Social Science | Simplified Concepts & Quick Revision",,2026-08-13 17:30:00,Rohan15,MTR.G1.R23.A11.L2.B2,1,,PW,BKP2505007033,Default Vendor,PRIME260800025769,deepanshu2,Raghvendra Thakur,55312,PWH
PWH20295,ERP-B2B-SALE-2026-23609,2026-08-13 15:12:00,2026-08-13 15:17:00,FOC,BKP2504007223,"Class 12 Board The Catalyst For Chemistry with Most Relevant Practice Questions Booklet By Om Pandey | Handwritten Notes | Detailed Theory, Competency Based Questions, PYQs for Exam 2025",,2026-08-13 17:34:00,Rohan15,MTR.G0.R45.A01.L1.B2,1,,PW,BKP2504007223,Default Vendor,PRIME260800025769,deepanshu2,Raghvendra Thakur,55312,PWH
PWH20295,ERP-B2B-SALE-2026-23609,2026-08-13 15:12:00,2026-08-13 15:17:00,FOC,BKP2601992939,PW EaJEE Handwritten Notes For Mathematics Class 12 JEE Main & Advanced By Tarun Khandelwal (T.K. Sir) | Chapterwise and Topicwise Questions | Handpicked PYQs,,2026-08-13 17:32:00,Rohan15,MTR.G0.R08.A11.L3.B1,1,,PW,BKP2601992939,Default Vendor,PRIME260800025769,deepanshu2,Raghvendra Thakur,55312,PWH
PWH20295,ERP-B2B-SALE-2026-23609,2026-08-13 15:12:00,2026-08-13 15:17:00,FOC,BKP2602418406,PW CBSE Class 11 Question & Concept Bank (QCB) Mathematics Chapter-wclass 11 maths question bankise and Topic-wise Solved Questions For 2027 Exams with Competency Based Question,,2026-08-13 17:52:00,Rohan15,SPR.R20.A7.L1.B4,1,,PW,BKP2602418406,Default Vendor,PRIME260800025769,deepanshu2,Raghvendra Thakur,55312,PWH
PWH20295,ERP-B2B-SALE-2026-23609,2026-08-13 15:12:00,2026-08-13 15:17:00,FOC,BKP2602019098,PW CBSE Question & Concept Bank (QCB) Class 12 Biology Chapter-wise and Topic-wise Solved Questions By Samridhi Mam & Aarushi Mam For 2027 Board Exams with 50% Competency Based Question,,2026-08-13 17:27:00,Rohan15,MTR.G3.R11.A06.L4.B2,1,,PW,BKP2602019098,Default Vendor,PRIME260800025769,deepanshu2,Raghvendra Thakur,55312,PWH
PWH20295,ERP-B2B-SALE-2026-23609,2026-08-13 15:12:00,2026-08-13 15:17:00,FOC,BKP2604020239,Cbse class 10 past 10 year chapterwise pyqs for Maths,,2026-08-13 17:31:00,Rohan15,MTR.G0.R01.A11.L4.B1,1,,PW,BKP2604020239,Default Vendor,PRIME260800025769,deepanshu2,Raghvendra Thakur,55312,PWH
PWH20295,ERP-B2B-SALE-2026-23609,2026-08-13 15:12:00,2026-08-13 15:17:00,FOC,BKP2605021581,PW Objective NCERT Punch 5.0 Biology For NEET 2027 By Dr. Vipin Kumar Sharma l Updated with Most Probable NEET Potential Questions (NPQ) For End Time Preparation,,2026-08-13 17:28:00,Rohan15,MTR.G2.R02.A04.L1.B1,1,,PW,BKP2605021581,Default Vendor,PRIME260800025769,deepanshu2,Raghvendra Thakur,55312,PWH
PWH20295,ERP-B2B-SALE-2026-23609,2026-08-13 15:12:00,2026-08-13 15:17:00,FOC,BKP2602019199,PW CBSE Class 9 Science Exploration New NCERT 2026-27 Question and Concept Bank with NCERT Textbook Solutions and Competency Based Questions By Akshya Tyagi Sir,,2026-08-13 17:26:00,Rohan15,MTR.G3.R26.A08.L1.B1,1,,PW,BKP2602019199,Default Vendor,PRIME260800025769,deepanshu2,Raghvendra Thakur,55312,PWH
PWH20296,ERP-B2B-SALE-2026-23607,2026-08-13 15:11:00,2026-08-13 15:17:00,FOC,BKP2505007033,"CBSE Class 10 Mind Maps Book For 2026 Board Exams l Mathematics, Physics, Chemistry, Biology, English and Social Science | Simplified Concepts & Quick Revision",,2026-08-13 17:21:00,Rohan15,MTR.G1.R23.A11.L2.B2,1,,PW,BKP2505007033,Default Vendor,PRIME260800025772,deepanshu2,Aniket Singh,55301,PWH
PWH20296,ERP-B2B-SALE-2026-23607,2026-08-13 15:11:00,2026-08-13 15:17:00,FOC,BKP2602019093,PW CBSE Class 11 Question & Concept Bank (QCB) Physics Chapter-wise and Topic-wise Solved Questions For 2027 Exams with Competency Based Question,,2026-08-13 17:23:00,Rohan15,MTR.G1.R04.A08.L4.B2,1,,PW,BKP2602019093,Default Vendor,PRIME260800025772,deepanshu2,Aniket Singh,55301,PWH
PWH20296,ERP-B2B-SALE-2026-23607,2026-08-13 15:11:00,2026-08-13 15:17:00,FOC,BKP2602019094,PW CBSE Class 11 Question & Concept Bank (QCB) Chemistry Chapter-wise and Topic-wise Solved Questions For 2027 with Competency Based Question,,2026-08-13 17:20:00,Rohan15,MTR.G1.R36.A09.L1.B1,1,,PW,BKP2602019094,Default Vendor,PRIME260800025772,deepanshu2,Aniket Singh,55301,PWH
PWH20296,ERP-B2B-SALE-2026-23607,2026-08-13 15:11:00,2026-08-13 15:17:00,FOC,BKP2603019478,PW CBSE Question & Concept Bank (QCB) Class 10 Science Chapter-wise and Topic-wise Solved Questions By Samridhi Sharma For 2027 Board Exams with 50% Competency Based Question,,2026-08-13 17:17:00,Rohan15,MTR.G2.R11.A09.L1.B2,1,,PW,BKP2603019478,Default Vendor,PRIME260800025772,deepanshu2,Aniket Singh,55301,PWH
PWH20296,ERP-B2B-SALE-2026-23607,2026-08-13 15:11:00,2026-08-13 15:17:00,FOC,BKP2603020049,"PW CBSE Class 12 PYQs PCME - Past 10 Years Solved Papers For 2027 Board Exams | Delhi & Outside Delhi Papers Covered | Physics, Chemistry, Maths, English",,2026-08-13 17:22:00,Rohan15,MTR.G1.R11.A10.L4.B2,1,,PW,BKP2603020049,Default Vendor,PRIME260800025772,deepanshu2,Aniket Singh,55301,PWH
PWH20296,ERP-B2B-SALE-2026-23607,2026-08-13 15:11:00,2026-08-13 15:17:00,FOC,BKP2604020971,PW NEET PYQ 39 Years Chemistry For 2027 Exam | PYQ Deja Vu | Additional PYQs from Re-NEET and Other States | Chapterwise and Topicwise Solutions (2026-1988) with Highlighted Must Revise Questions,,2026-08-13 17:03:00,Rohan15,MTR.G0.R22.A06.L4.B2,1,,PW,BKP2604020971,Default Vendor,PRIME260800025772,deepanshu2,Aniket Singh,55301,PWH
PWH20296,ERP-B2B-SALE-2026-23607,2026-08-13 15:11:00,2026-08-13 15:17:00,FOC,BKP2602019096,PW CBSE Question & Concept Bank (QCB) Class 12 Physics Chapter-wise and Topic-wise Solved Questions By Rakshak Sir For 2027 Board Exams with 50% Competency Based Question,,2026-08-13 17:21:00,Rohan15,MTR.G1.R21.A07.L1.B1,1,,PW,BKP2602019096,Default Vendor,PRIME260800025772,deepanshu2,Aniket Singh,55301,PWH
PWH20296,ERP-B2B-SALE-2026-23607,2026-08-13 15:11:00,2026-08-13 15:17:00,FOC,BKP2604020283,"PW ICSE Class 10 PYQs - Past 10 Years Solved Papers (2026-2016) For 2027 Exams | Physics, Chemistry, Maths, Biology, Economics, History & Civics, Geography, CA, English Paper 1 & 2",,2026-08-13 17:02:00,Rohan15,MTR.G0.R18.A12.L4.B2,1,,PW,BKP2604020283,Default Vendor,PRIME260800025772,deepanshu2,Aniket Singh,55301,PWH
PWH20296,ERP-B2B-SALE-2026-23607,2026-08-13 15:11:00,2026-08-13 15:17:00,FOC,BKP2509009063,PW CBSE Question & Concept Bank (QCB) Class 11 Accountancy Chapter-wise and Topic-wise Solved Questions For 2026 Exams with Competency Based Question,,2026-08-13 17:02:00,Rohan15,MTR.G0.R04.A05.L1.B2,1,,PW,BKP2509009063,Default Vendor,PRIME260800025772,deepanshu2,Aniket Singh,55301,PWH
PWH20296,ERP-B2B-SALE-2026-23607,2026-08-13 15:11:00,2026-08-13 15:17:00,FOC,BKP2604020287,PW ICSE Class 10 Question & Concept Bank Chemistry for 2027 | Chapterwise & Topicwise By Sanya Mam & Sunil Sir | Solved PYQs | 40% Competency & Application Based Practice Questions,,2026-08-13 17:20:00,Rohan15,MTR.G1.R36.A10.L4.B2,1,,PW,BKP2604020287,Default Vendor,PRIME260800025772,deepanshu2,Aniket Singh,55301,PWH
PWH20296,ERP-B2B-SALE-2026-23607,2026-08-13 15:11:00,2026-08-13 15:17:00,FOC,BKP2605021581,PW Objective NCERT Punch 5.0 Biology For NEET 2027 By Dr. Vipin Kumar Sharma l Updated with Most Probable NEET Potential Questions (NPQ) For End Time Preparation,,2026-08-13 17:17:00,Rohan15,MTR.G2.R02.A04.L1.B1,1,,PW,BKP2605021581,Default Vendor,PRIME260800025772,deepanshu2,Aniket Singh,55301,PWH
PWH20296,ERP-B2B-SALE-2026-23607,2026-08-13 15:11:00,2026-08-13 15:17:00,FOC,BKP2602019199,PW CBSE Class 9 Science Exploration New NCERT 2026-27 Question and Concept Bank with NCERT Textbook Solutions and Competency Based Questions By Akshya Tyagi Sir,,2026-08-13 17:15:00,Rohan15,MTR.G3.R26.A08.L1.B1,1,,PW,BKP2602019199,Default Vendor,PRIME260800025772,deepanshu2,Aniket Singh,55301,PWH
PWH20296,ERP-B2B-SALE-2026-23607,2026-08-13 15:11:00,2026-08-13 15:17:00,FOC,BKP2606076375,PW JEE Advanced 49 Years (2026-1978) with JEE Main 162 Sets Chemistry PYQs (2026-2019) | Chapterwise and Topicwise Solved Papers For JEE Main & Advanced 2027 Exams,,2026-08-13 17:16:00,Rohan15,MTR.G2.R01.A12.L1.B1,1,,PW,BKP2606076375,Default Vendor,PRIME260800025772,deepanshu2,Aniket Singh,55301,PWH
PWH20296,ERP-B2B-SALE-2026-23607,2026-08-13 15:11:00,2026-08-13 15:17:00,FOC,BKP2606023805,PW Concept & Question Bank Class 8 New NCERT Mathematics (Ganita Prakash I & II) Book for 2026 Exams| NCERT Based Theory & Questions with Solutions | Chapter-wise Practice Questions,,2026-08-13 17:03:00,Rohan15,MTR.G0.R23.A06.L4.B1,1,,PW,BKP2606023805,Default Vendor,PRIME260800025772,deepanshu2,Aniket Singh,55301,PWH
PWH20297,ERP-B2B-SALE-2026-23606,2026-08-13 15:10:00,2026-08-13 15:18:00,FOC,BKP2404012736,"NEET Mind Maps for Class 12th (Paperback) l Complete Coverage of Physics, Chemistry and Biology l Intractive Mind Maps, Important Concept & Formula",,2026-08-13 16:36:00,NarendraS,MTR.G3.R32.A12.L3.B1,1,,PW,BKP2404012736,Default Vendor,PRIME260800026449,deepanshu2,SANJAY TRADERS,55291,PWH
PWH20297,ERP-B2B-SALE-2026-23606,2026-08-13 15:10:00,2026-08-13 15:18:00,FOC,BKP2503007163,"Chemistry Med Easy | Notes, Formulas, Tips & Tricks for NEET/JEE & Board Exams | Pankaj Sir Chemistry Handwritten Notes",,2026-08-13 16:38:00,NarendraS,MTR.G3.R26.A10.L3.B2,1,,PW,BKP2503007163,Default Vendor,PRIME260800026449,deepanshu2,SANJAY TRADERS,55291,PWH
PWH20297,ERP-B2B-SALE-2026-23606,2026-08-13 15:10:00,2026-08-13 15:18:00,FOC,BKP2505007033,"CBSE Class 10 Mind Maps Book For 2026 Board Exams l Mathematics, Physics, Chemistry, Biology, English and Social Science | Simplified Concepts & Quick Revision",,2026-08-13 17:51:00,NarendraS,MTR.G1.R23.A11.L2.B2,1,,PW,BKP2505007033,Default Vendor,PRIME260800026449,deepanshu2,SANJAY TRADERS,55291,PWH
PWH20297,ERP-B2B-SALE-2026-23606,2026-08-13 15:10:00,2026-08-13 15:18:00,FOC,BKP2505006973,"PW SSC Mathematics Bilingual 6200+ Chapterwise & Topicwise TCS PYQs with Online Classes By Ravinder Sir | 20 Mock Tests with Video Solutions l SSC CGL, CHSL, GD Constable, MTS For 2025-26 Exams",,2026-08-13 17:56:00,NarendraS,MTR.G0.R38.A04.L3.B2,1,,PW,BKP2505006973,Default Vendor,PRIME260800026449,deepanshu2,SANJAY TRADERS,55291,PWH
PWH20297,ERP-B2B-SALE-2026-23606,2026-08-13 15:10:00,2026-08-13 15:18:00,FOC,BKP2504007223,"Class 12 Board The Catalyst For Chemistry with Most Relevant Practice Questions Booklet By Om Pandey | Handwritten Notes | Detailed Theory, Competency Based Questions, PYQs for Exam 2025",,2026-08-13 17:55:00,NarendraS,MTR.G0.R45.A01.L1.B2,1,,PW,BKP2504007223,Default Vendor,PRIME260800026449,deepanshu2,SANJAY TRADERS,55291,PWH
PWH20297,ERP-B2B-SALE-2026-23606,2026-08-13 15:10:00,2026-08-13 15:18:00,FOC,BKP2509007224,EaJEE Handwritten Notes For Mathematics Class 11 JEE Main & Advanced By Tarun Khandelwal (T.K. Sir) | Chapterwise and Topicwise Questions | Handpicked PYQs,,2026-08-13 17:50:00,NarendraS,MTR.G1.R34.A11.L1.B1,1,,PW,BKP2509007224,Default Vendor,PRIME260800026449,deepanshu2,SANJAY TRADERS,55291,PWH
PWH20297,ERP-B2B-SALE-2026-23606,2026-08-13 15:10:00,2026-08-13 15:18:00,FOC,BKP2512848941,"ONLYIAS UPSC Prelims Specific Book for CSAT (Hindi) For Civil Services Exam 2026 | Covered Concept-Based Theory, PYQs, Practice Questions",,2026-08-13 17:57:00,NarendraS,MTR.G0.R36.A07.L3.B1,1,,PW,BKP2512848941,Default Vendor,PRIME260800026449,deepanshu2,SANJAY TRADERS,55291,PWH
PWH20297,ERP-B2B-SALE-2026-23606,2026-08-13 15:10:00,2026-08-13 15:18:00,FOC,BKP2512124927,PW CAT PYQ 9 Years Chapterwise & Topicwise Previous Years Solved Questions (2025-2017) and 5 Mock Papers (CBT Mode) with Detailed Explanations | Included Mind Maps & Trend Analysis,,2026-08-13 17:59:00,NarendraS,MTR.G0.R17.A04.L1.B1,1,,PW,BKP2512124927,Default Vendor,PRIME260800026449,deepanshu2,SANJAY TRADERS,55291,PWH
PWH20297,ERP-B2B-SALE-2026-23606,2026-08-13 15:10:00,2026-08-13 15:18:00,FOC,BKP2601010315,ICSE Victory Class 10th Module Chemistry Edition 2026,,2026-08-13 18:12:00,NarendraS,SPR.R21.A1.L1.B4,1,,PW,BKP2601010315,Default Vendor,PRIME260800026449,deepanshu2,SANJAY TRADERS,55291,PWH
PWH20297,ERP-B2B-SALE-2026-23606,2026-08-13 15:10:00,2026-08-13 15:18:00,FOC,BKP2603020048,"PW CBSE Class 12 PYQs PCBE - Past 10 Years Solved Papers For 2027 Board Exams | Delhi & Outside Delhi Papers Covered | Physics, Chemistry, Biology, English",,2026-08-13 17:51:00,NarendraS,MTR.G1.R19.A09.L1.B2,1,,PW,BKP2603020048,Default Vendor,PRIME260800026449,deepanshu2,SANJAY TRADERS,55291,PWH
PWH20297,ERP-B2B-SALE-2026-23606,2026-08-13 15:10:00,2026-08-13 15:18:00,FOC,BKP2603019653,PW CTET Paper 1 (Class 1 – 5) 24 Previous Year Solved Papers 2026-2011 Hindi Edition | Includes CDP Revision Notes | 5 Practice Sets | 5 OMR Sheets | PYQ Questions,,2026-08-13 16:37:00,NarendraS,MTR.G3.R31.A08.L4.B2,1,,PW,BKP2603019653,Default Vendor,PRIME260800026449,deepanshu2,SANJAY TRADERS,55291,PWH
PWH20297,ERP-B2B-SALE-2026-23606,2026-08-13 15:10:00,2026-08-13 15:18:00,FOC,BKP2602909300,PW All in One IBPS Clerk 2026 Book Prelims & Mains Exams | Chapterwise Theory and Exercises | 12 Previous Year Solved Papers PYQ Till Oct 2025 and 15 Online CBT Tests English Edition,,2026-08-13 16:36:00,NarendraS,MTR.G3.R32.A09.L3.B1,1,,PW,BKP2602909300,Default Vendor,PRIME260800026449,deepanshu2,SANJAY TRADERS,55291,PWH
PWH20297,ERP-B2B-SALE-2026-23606,2026-08-13 15:10:00,2026-08-13 15:18:00,FOC,BKP2604020312,PW ICSE Class 10 Question & Concept Bank Mathematics for 2027 | Chapterwise & Topicwise By Shivangi Mam & Devansh Sir | Solved PYQs | 40% Competency & Application Based Practice Questions,,2026-08-13 16:39:00,NarendraS,MTR.G3.R18.A05.L3.B2,1,,PW,BKP2604020312,Default Vendor,PRIME260800026449,deepanshu2,SANJAY TRADERS,55291,PWH
PWH20297,ERP-B2B-SALE-2026-23606,2026-08-13 15:10:00,2026-08-13 15:18:00,FOC,BKP2509009063,PW CBSE Question & Concept Bank (QCB) Class 11 Accountancy Chapter-wise and Topic-wise Solved Questions For 2026 Exams with Competency Based Question,,2026-08-13 17:59:00,NarendraS,MTR.G0.R04.A05.L1.B2,1,,PW,BKP2509009063,Default Vendor,PRIME260800026449,deepanshu2,SANJAY TRADERS,55291,PWH
PWH20297,ERP-B2B-SALE-2026-23606,2026-08-13 15:10:00,2026-08-13 15:18:00,FOC,BKP2605021525,PW SSC CHSL PYQ (10+2) 20 Year-wise Previous Year Solved Papers PYQ (2026-2018) Tier 1 & 2 | 2100+ PYQ Questions with Solutions | 15 Online Mock Tests | Exam 2026-27 English Medium,,2026-08-13 17:40:00,NarendraS,MTR.G2.R09.A09.L4.B2,1,,PW,BKP2605021525,Default Vendor,PRIME260800027416,deepanshu2,SANJAY TRADERS,55291,PWH
PWH20298,ERP-B2B-SALE-2026-23605,2026-08-13 15:09:00,2026-08-13 15:18:00,FOC,BKP2601010315,ICSE Victory Class 10th Module Chemistry Edition 2026,,2026-08-13 17:23:00,NarendraS,SPR.R21.A1.L1.B4,1,,PW,BKP2601010315,Default Vendor,PRIME260800026450,deepanshu2,Jacob Sir,55289,PWH
PWH20298,ERP-B2B-SALE-2026-23605,2026-08-13 15:09:00,2026-08-13 15:18:00,FOC,BKP2601018260,ICSE Victory Class 10th Module English Language,,2026-08-13 17:13:00,NarendraS,SPR.R16.A9.L1.B1,1,,PW,BKP2601018260,Default Vendor,PRIME260800026450,deepanshu2,Jacob Sir,55289,PWH
PWH20298,ERP-B2B-SALE-2026-23605,2026-08-13 15:09:00,2026-08-13 15:18:00,FOC,BKP2601018261,ICSE Victory Class-10th Module PHYSICS Edition 2026,,2026-08-13 16:47:00,NarendraS,MTR.G3.R25.A01.L4.B1,1,,PW,BKP2601018261,Default Vendor,PRIME260800026450,deepanshu2,Jacob Sir,55289,PWH
PWH20298,ERP-B2B-SALE-2026-23605,2026-08-13 15:09:00,2026-08-13 15:18:00,FOC,BKP2601018262,ICSE Victory Class-10th Module Geography Edition 2026,,2026-08-13 17:15:00,NarendraS,SPR.R19.A2.L1.B4,1,,PW,BKP2601018262,Default Vendor,PRIME260800026450,deepanshu2,Jacob Sir,55289,PWH
PWH20298,ERP-B2B-SALE-2026-23605,2026-08-13 15:09:00,2026-08-13 15:18:00,FOC,BKP2601018264,ICSE Victory History & Civics Module Class-10th-2026,,2026-08-13 16:50:00,NarendraS,MTR.G3.R08.A03.L2.B2,1,,PW,BKP2601018264,Default Vendor,PRIME260800026450,deepanshu2,Jacob Sir,55289,PWH
PWH20298,ERP-B2B-SALE-2026-23605,2026-08-13 15:09:00,2026-08-13 15:18:00,FOC,BKP2601018265,ICSE Victory Class-10th Module Mathematics Edition 2026,,2026-08-13 16:45:00,NarendraS,MTR.G3.R41.A10.L4.B2,1,,PW,BKP2601018265,Default Vendor,PRIME260800026450,deepanshu2,Jacob Sir,55289,PWH
PWH20298,ERP-B2B-SALE-2026-23605,2026-08-13 15:09:00,2026-08-13 15:18:00,FOC,BKP2601018266,ICSE Victory Class-10th Module Literature in English Edition 2026,,2026-08-13 17:05:00,NarendraS,SPR.R1.A13.L1.B2,1,,PW,BKP2601018266,Default Vendor,PRIME260800026450,deepanshu2,Jacob Sir,55289,PWH
PWH20298,ERP-B2B-SALE-2026-23605,2026-08-13 15:09:00,2026-08-13 15:18:00,FOC,BKP2601938700,ICSE Radiant Class-9th Module Physics Edition 2026,,2026-08-13 17:19:00,NarendraS,SPR.R25.A3.L0.B4,1,,PW,BKP2601938700,Default Vendor,PRIME260800026450,deepanshu2,Jacob Sir,55289,PWH
PWH20298,ERP-B2B-SALE-2026-23605,2026-08-13 15:09:00,2026-08-13 15:18:00,FOC,BKP2601018267,ICSE Radiant Class-9th Module Chemistry Edition 2026ICSE Radiant Class-9th Module Chemistry Edition 2026,,2026-08-13 17:18:00,NarendraS,SPR.R25.A1.L1.B3,1,,PW,BKP2601018267,Default Vendor,PRIME260800026450,deepanshu2,Jacob Sir,55289,PWH
PWH20298,ERP-B2B-SALE-2026-23605,2026-08-13 15:09:00,2026-08-13 15:18:00,FOC,BKP2601018268,ICSE Radiant Class-9th Module Biology Edition 2026,,2026-08-13 17:00:00,NarendraS,MTR.G0.R46.A03.L3.B1,1,,PW,BKP2601018268,Default Vendor,PRIME260800026450,deepanshu2,Jacob Sir,55289,PWH
PWH20298,ERP-B2B-SALE-2026-23605,2026-08-13 15:09:00,2026-08-13 15:18:00,FOC,BKP2601018269,ICSE Radiant Class-9th Module English Language Paper-1 Edition 2026,,2026-08-13 17:06:00,NarendraS,SPR.R4.A4.L1.B2,1,,PW,BKP2601018269,Default Vendor,PRIME260800026450,deepanshu2,Jacob Sir,55289,PWH
PWH20298,ERP-B2B-SALE-2026-23605,2026-08-13 15:09:00,2026-08-13 15:18:00,FOC,BKP2601018270,ICSE Radiant Class-9th Module History and Civics Edition 2026,,2026-08-13 17:16:00,NarendraS,SPR.R22.A7.L1.B4,1,,PW,BKP2601018270,Default Vendor,PRIME260800026450,deepanshu2,Jacob Sir,55289,PWH
PWH20298,ERP-B2B-SALE-2026-23605,2026-08-13 15:09:00,2026-08-13 15:18:00,FOC,BKP2601018271,ICSE Radiant Class-9th Module Literature in English Paper-2 Edition 2026,,2026-08-13 16:46:00,NarendraS,MTR.G3.R26.A01.L2.B1,1,,PW,BKP2601018271,Default Vendor,PRIME260800026450,deepanshu2,Jacob Sir,55289,PWH
PWH20298,ERP-B2B-SALE-2026-23605,2026-08-13 15:09:00,2026-08-13 15:18:00,FOC,BKP2601018272,ICSE Radiant Class-9th Module Geography Edition 2026,,2026-08-13 16:47:00,NarendraS,MTR.G3.R20.A07.L4.B2,1,,PW,BKP2601018272,Default Vendor,PRIME260800026450,deepanshu2,Jacob Sir,55289,PWH
PWH20298,ERP-B2B-SALE-2026-23605,2026-08-13 15:09:00,2026-08-13 15:18:00,FOC,BKP2604020294,PW ICSE Class 10 Question & Concept Bank Economics for 2027 Exam | Chapterwise & Topicwise By Kunal Sir & Sameer Sir | Solved PYQs | 40% Competency & Application Based Practice Questions,,2026-08-13 16:56:00,NarendraS,MTR.G1.R40.A10.L3.B1,1,,PW,BKP2604020294,Default Vendor,PRIME260800026450,deepanshu2,Jacob Sir,55289,PWH
PWH20298,ERP-B2B-SALE-2026-23605,2026-08-13 15:09:00,2026-08-13 15:18:00,FOC,BKP2601018273,ICSE Radiant Class-9th Module Mathematics Edition 2026,,2026-08-13 17:11:00,NarendraS,SPR.R13.A2.L0.B1,1,,PW,BKP2601018273,Default Vendor,PRIME260800026450,deepanshu2,Jacob Sir,55289,PWH
PWH20298,ERP-B2B-SALE-2026-23605,2026-08-13 15:09:00,2026-08-13 15:18:00,FOC,BKP2604020295,PW ICSE Class 10 Question & Concept Bank English Paper 2 (Literature) for 2027 | Chapterwise & Topicwise By Nupur Sharma | Narrative/ Poetic Sketch & Devices | Important Practice Questions,,2026-08-13 16:54:00,NarendraS,MTR.G2.R05.A06.L4.B1,1,,PW,BKP2604020295,Default Vendor,PRIME260800026450,deepanshu2,Jacob Sir,55289,PWH
PWH20298,ERP-B2B-SALE-2026-23605,2026-08-13 15:09:00,2026-08-13 15:18:00,FOC,BKP2604020312,PW ICSE Class 10 Question & Concept Bank Mathematics for 2027 | Chapterwise & Topicwise By Shivangi Mam & Devansh Sir | Solved PYQs | 40% Competency & Application Based Practice Questions,,2026-08-13 16:48:00,NarendraS,MTR.G3.R18.A05.L3.B2,1,,PW,BKP2604020312,Default Vendor,PRIME260800026450,deepanshu2,Jacob Sir,55289,PWH
PWH20298,ERP-B2B-SALE-2026-23605,2026-08-13 15:09:00,2026-08-13 15:18:00,FOC,BKP2604020285,"PW ICSE Class 10 Question & Concept Bank English Paper 1 (Language) for 2027 Exam | Chapterwise & Topicwise By Nupur Sharma | Reading, Writing & Grammar Skills | Important Practice Questions",,2026-08-13 17:10:00,NarendraS,SPR.R13.A10.L0.B3,1,,PW,BKP2604020285,Default Vendor,PRIME260800026450,deepanshu2,Jacob Sir,55289,PWH
PWH20298,ERP-B2B-SALE-2026-23605,2026-08-13 15:09:00,2026-08-13 15:18:00,FOC,BKP2604020283,"PW ICSE Class 10 PYQs - Past 10 Years Solved Papers (2026-2016) For 2027 Exams | Physics, Chemistry, Maths, Biology, Economics, History & Civics, Geography, CA, English Paper 1 & 2",,2026-08-13 17:03:00,NarendraS,MTR.G0.R18.A12.L4.B2,1,,PW,BKP2604020283,Default Vendor,PRIME260800026450,deepanshu2,Jacob Sir,55289,PWH
PWH20298,ERP-B2B-SALE-2026-23605,2026-08-13 15:09:00,2026-08-13 15:18:00,FOC,BKP2604020287,PW ICSE Class 10 Question & Concept Bank Chemistry for 2027 | Chapterwise & Topicwise By Sanya Mam & Sunil Sir | Solved PYQs | 40% Competency & Application Based Practice Questions,,2026-08-13 16:56:00,NarendraS,MTR.G1.R36.A10.L4.B2,1,,PW,BKP2604020287,Default Vendor,PRIME260800026450,deepanshu2,Jacob Sir,55289,PWH
PWH20298,ERP-B2B-SALE-2026-23605,2026-08-13 15:09:00,2026-08-13 15:18:00,FOC,BKP2604020297,PW ICSE Class 10 Question & Concept Bank History and Civics for 2027 Exam | Chapterwise & Topicwise By Kunal Sir & Sameer Sir | Solved PYQs | 40% Competency & Application Based Practice Questions,,2026-08-13 17:09:00,NarendraS,SPR.R13.A12.L1.B3,1,,PW,BKP2604020297,Default Vendor,PRIME260800026450,deepanshu2,Jacob Sir,55289,PWH
PWH20298,ERP-B2B-SALE-2026-23605,2026-08-13 15:09:00,2026-08-13 15:18:00,FOC,BKP2604020293,PW ICSE Class 10 Question & Concept Bank Biology 2027 Chapterwise & Topicwise By Upasana Mam & Yogita Mam | Solved PYQs | 40% Competency & Application Based Practice Questions,,2026-08-13 16:54:00,NarendraS,MTR.G2.R10.A10.L4.B2,1,,PW,BKP2604020293,Default Vendor,PRIME260800026450,deepanshu2,Jacob Sir,55289,PWH
PWH20302,ERP-B2B-SALE-2026-23598,2026-08-13 14:34:00,2026-08-13 15:18:00,FOC,BKP2606022910,"Half Yearly Current Affairs Magazine Vol. 1 January to June 2026 Hindi Edition | For SSC, Banking, Teaching, Railway, Defence and Other Competitive Exams 2026-27",,2026-08-13 17:55:00,Rohan15,SPR.R26.A12.L0.B1,1,,PW,BKP2606022910,Default Vendor,PRIME260800025771,deepanshu2,NOIDA ONE,55318,PWH
PWH20303,ERP-B2B-SALE-2026-23596,2026-08-13 14:09:00,2026-08-13 15:18:00,FOC,BKP2505007033,"CBSE Class 10 Mind Maps Book For 2026 Board Exams l Mathematics, Physics, Chemistry, Biology, English and Social Science | Simplified Concepts & Quick Revision",,2026-08-13 16:37:00,Rohan15,MTR.G1.R23.A11.L2.B2,1,,PW,BKP2505007033,Default Vendor,PRIME260800025768,deepanshu2,Sagar Kulkarni,55279,PWH
PWH20303,ERP-B2B-SALE-2026-23596,2026-08-13 14:09:00,2026-08-13 15:18:00,FOC,BKP2602418406,PW CBSE Class 11 Question & Concept Bank (QCB) Mathematics Chapter-wclass 11 maths question bankise and Topic-wise Solved Questions For 2027 Exams with Competency Based Question,,2026-08-13 16:20:00,Rohan15,SPR.R20.A7.L1.B4,1,,PW,BKP2602418406,Default Vendor,PRIME260800025768,deepanshu2,Sagar Kulkarni,55279,PWH
PWH20303,ERP-B2B-SALE-2026-23596,2026-08-13 14:09:00,2026-08-13 15:18:00,FOC,BKP2602019093,PW CBSE Class 11 Question & Concept Bank (QCB) Physics Chapter-wise and Topic-wise Solved Questions For 2027 Exams with Competency Based Question,,2026-08-13 16:41:00,Rohan15,MTR.G1.R04.A08.L4.B2,1,,PW,BKP2602019093,Default Vendor,PRIME260800025768,deepanshu2,Sagar Kulkarni,55279,PWH
PWH20303,ERP-B2B-SALE-2026-23596,2026-08-13 14:09:00,2026-08-13 15:18:00,FOC,BKP2602019095,PW CBSE Class 11 Question & Concept Bank (QCB) Biology Chapter-wise and Topic-wise Solved Questions For 2027 Exams with Competency Based Question,,2026-08-13 16:43:00,Rohan15,MTR.G0.R02.A12.L2.B2,1,,PW,BKP2602019095,Default Vendor,PRIME260800025768,deepanshu2,Sagar Kulkarni,55279,PWH
PWH20303,ERP-B2B-SALE-2026-23596,2026-08-13 14:09:00,2026-08-13 15:18:00,FOC,BKP2602019094,PW CBSE Class 11 Question & Concept Bank (QCB) Chemistry Chapter-wise and Topic-wise Solved Questions For 2027 with Competency Based Question,,2026-08-13 16:36:00,Rohan15,MTR.G1.R36.A09.L1.B1,1,,PW,BKP2602019094,Default Vendor,PRIME260800025768,deepanshu2,Sagar Kulkarni,55279,PWH
PWH20303,ERP-B2B-SALE-2026-23596,2026-08-13 14:09:00,2026-08-13 15:18:00,FOC,BKP2603019478,PW CBSE Question & Concept Bank (QCB) Class 10 Science Chapter-wise and Topic-wise Solved Questions By Samridhi Sharma For 2027 Board Exams with 50% Competency Based Question,,2026-08-13 16:30:00,Rohan15,MTR.G2.R11.A09.L1.B2,1,,PW,BKP2603019478,Default Vendor,PRIME260800025768,deepanshu2,Sagar Kulkarni,55279,PWH
PWH20303,ERP-B2B-SALE-2026-23596,2026-08-13 14:09:00,2026-08-13 15:18:00,FOC,BKP2603019477,PW CBSE Question & Concept Bank (QCB) Class 10 Social Science Chapter-wise and Topic-wise Solved Questions By Siddarth Sharma & Ujjavala Punj For 2027 Board Exams with 50% Competency Based Question,,2026-08-13 16:48:00,Rohan15,MTR.G0.R16.A05.L3.B2,1,,PW,BKP2603019477,Default Vendor,PRIME260800025768,deepanshu2,Sagar Kulkarni,55279,PWH
PWH20303,ERP-B2B-SALE-2026-23596,2026-08-13 14:09:00,2026-08-13 15:18:00,FOC,BKP2603741359,PW CBSE Question & Concept Bank (QCB) Class 10 English Language & Literature Chapter-wise and Topic-wise Solved Questions For 2027 Board Exams with 50% Competency Based Question,,2026-08-13 16:29:00,Rohan15,MTR.G2.R10.A07.L1.B2,1,,PW,BKP2603741359,Default Vendor,PRIME260800025768,deepanshu2,Sagar Kulkarni,55279,PWH
PWH20303,ERP-B2B-SALE-2026-23596,2026-08-13 14:09:00,2026-08-13 15:18:00,FOC,BKP2603216361,PW CBSE Question & Concept Bank (QCB) Class 10 Basic Maths Chapter-wise and Topic-wise Solved Questions For 2027 Board Exams with 50% Competency Based Question,,2026-08-13 16:28:00,Rohan15,MTR.G2.R46.A10.L4.B1,1,,PW,BKP2603216361,Default Vendor,PRIME260800025768,deepanshu2,Sagar Kulkarni,55279,PWH
PWH20303,ERP-B2B-SALE-2026-23596,2026-08-13 14:09:00,2026-08-13 15:18:00,FOC,BKP2601018261,ICSE Victory Class-10th Module PHYSICS Edition 2026,,2026-08-13 16:24:00,Rohan15,MTR.G3.R25.A01.L4.B1,1,,PW,BKP2601018261,Default Vendor,PRIME260800025768,deepanshu2,Sagar Kulkarni,55279,PWH
PWH20303,ERP-B2B-SALE-2026-23596,2026-08-13 14:09:00,2026-08-13 15:18:00,FOC,BKP2601018265,ICSE Victory Class-10th Module Mathematics Edition 2026,,2026-08-13 16:27:00,Rohan15,MTR.G3.R41.A10.L4.B2,1,,PW,BKP2601018265,Default Vendor,PRIME260800025768,deepanshu2,Sagar Kulkarni,55279,PWH
PWH20303,ERP-B2B-SALE-2026-23596,2026-08-13 14:09:00,2026-08-13 15:18:00,FOC,BKP2603020049,"PW CBSE Class 12 PYQs PCME - Past 10 Years Solved Papers For 2027 Board Exams | Delhi & Outside Delhi Papers Covered | Physics, Chemistry, Maths, English",,2026-08-13 16:39:00,Rohan15,MTR.G1.R11.A10.L4.B2,1,,PW,BKP2603020049,Default Vendor,PRIME260800025768,deepanshu2,Sagar Kulkarni,55279,PWH
PWH20303,ERP-B2B-SALE-2026-23596,2026-08-13 14:09:00,2026-08-13 15:18:00,FOC,BKP2603020048,"PW CBSE Class 12 PYQs PCBE - Past 10 Years Solved Papers For 2027 Board Exams | Delhi & Outside Delhi Papers Covered | Physics, Chemistry, Biology, English",,2026-08-13 16:38:00,Rohan15,MTR.G1.R19.A09.L1.B2,1,,PW,BKP2603020048,Default Vendor,PRIME260800025768,deepanshu2,Sagar Kulkarni,55279,PWH
PWH20303,ERP-B2B-SALE-2026-23596,2026-08-13 14:09:00,2026-08-13 15:18:00,FOC,BKP2604020239,Cbse class 10 past 10 year chapterwise pyqs for Maths,,2026-08-13 16:43:00,Rohan15,MTR.G0.R01.A11.L4.B1,1,,PW,BKP2604020239,Default Vendor,PRIME260800025768,deepanshu2,Sagar Kulkarni,55279,PWH
PWH20303,ERP-B2B-SALE-2026-23596,2026-08-13 14:09:00,2026-08-13 15:18:00,FOC,BKP2604020312,PW ICSE Class 10 Question & Concept Bank Mathematics for 2027 | Chapterwise & Topicwise By Shivangi Mam & Devansh Sir | Solved PYQs | 40% Competency & Application Based Practice Questions,,2026-08-13 16:24:00,Rohan15,MTR.G3.R18.A05.L3.B2,1,,PW,BKP2604020312,Default Vendor,PRIME260800025768,deepanshu2,Sagar Kulkarni,55279,PWH
PWH20303,ERP-B2B-SALE-2026-23596,2026-08-13 14:09:00,2026-08-13 15:18:00,FOC,BKP2604020285,"PW ICSE Class 10 Question & Concept Bank English Paper 1 (Language) for 2027 Exam | Chapterwise & Topicwise By Nupur Sharma | Reading, Writing & Grammar Skills | Important Practice Questions",,2026-08-13 16:21:00,Rohan15,SPR.R13.A10.L0.B3,1,,PW,BKP2604020285,Default Vendor,PRIME260800025768,deepanshu2,Sagar Kulkarni,55279,PWH
PWH20303,ERP-B2B-SALE-2026-23596,2026-08-13 14:09:00,2026-08-13 15:18:00,FOC,BKP2604020283,"PW ICSE Class 10 PYQs - Past 10 Years Solved Papers (2026-2016) For 2027 Exams | Physics, Chemistry, Maths, Biology, Economics, History & Civics, Geography, CA, English Paper 1 & 2",,2026-08-13 16:49:00,Rohan15,MTR.G0.R18.A12.L4.B2,1,,PW,BKP2604020283,Default Vendor,PRIME260800025768,deepanshu2,Sagar Kulkarni,55279,PWH
PWH20303,ERP-B2B-SALE-2026-23596,2026-08-13 14:09:00,2026-08-13 15:18:00,FOC,BKP2509009063,PW CBSE Question & Concept Bank (QCB) Class 11 Accountancy Chapter-wise and Topic-wise Solved Questions For 2026 Exams with Competency Based Question,,2026-08-13 16:53:00,Rohan15,MTR.G0.R04.A05.L1.B2,1,,PW,BKP2509009063,Default Vendor,PRIME260800025768,deepanshu2,Sagar Kulkarni,55279,PWH
PWH20303,ERP-B2B-SALE-2026-23596,2026-08-13 14:09:00,2026-08-13 15:18:00,FOC,BKP2604020287,PW ICSE Class 10 Question & Concept Bank Chemistry for 2027 | Chapterwise & Topicwise By Sanya Mam & Sunil Sir | Solved PYQs | 40% Competency & Application Based Practice Questions,,2026-08-13 16:36:00,Rohan15,MTR.G1.R36.A10.L4.B2,1,,PW,BKP2604020287,Default Vendor,PRIME260800025768,deepanshu2,Sagar Kulkarni,55279,PWH
PWH20303,ERP-B2B-SALE-2026-23596,2026-08-13 14:09:00,2026-08-13 15:18:00,FOC,BKP2604020294,PW ICSE Class 10 Question & Concept Bank Economics for 2027 Exam | Chapterwise & Topicwise By Kunal Sir & Sameer Sir | Solved PYQs | 40% Competency & Application Based Practice Questions,,2026-08-13 16:35:00,Rohan15,MTR.G1.R40.A10.L3.B1,1,,PW,BKP2604020294,Default Vendor,PRIME260800025768,deepanshu2,Sagar Kulkarni,55279,PWH
PWH20303,ERP-B2B-SALE-2026-23596,2026-08-13 14:09:00,2026-08-13 15:18:00,FOC,BKP2602019196,PW CBSE Class 9 English Kaveri New NCERT 2026-27 Question and Concept Bank with NCERT Textbook Solutions and Competency Based Questions,,2026-08-13 16:33:00,Rohan15,MTR.G2.R01.A09.L3.B1,1,,PW,BKP2602019196,Default Vendor,PRIME260800025768,deepanshu2,Sagar Kulkarni,55279,PWH
PWH20303,ERP-B2B-SALE-2026-23596,2026-08-13 14:09:00,2026-08-13 15:18:00,FOC,BKP2602019199,PW CBSE Class 9 Science Exploration New NCERT 2026-27 Question and Concept Bank with NCERT Textbook Solutions and Competency Based Questions By Akshya Tyagi Sir,,2026-08-13 16:25:00,Rohan15,MTR.G3.R26.A08.L1.B1,1,,PW,BKP2602019199,Default Vendor,PRIME260800025768,deepanshu2,Sagar Kulkarni,55279,PWH
PWH20303,ERP-B2B-SALE-2026-23596,2026-08-13 14:09:00,2026-08-13 15:18:00,FOC,BKP2604020293,PW ICSE Class 10 Question & Concept Bank Biology 2027 Chapterwise & Topicwise By Upasana Mam & Yogita Mam | Solved PYQs | 40% Competency & Application Based Practice Questions,,2026-08-13 16:31:00,Rohan15,MTR.G2.R10.A10.L4.B2,1,,PW,BKP2604020293,Default Vendor,PRIME260800025768,deepanshu2,Sagar Kulkarni,55279,PWH
PWH20303,ERP-B2B-SALE-2026-23596,2026-08-13 14:09:00,2026-08-13 15:18:00,FOC,BKP2606531186,"PW Concept & Question Bank Class 8 New NCERT English (Poorvi) for 2026 Exams| NCERT Exercises with Detailed Solutions | Literature & Language (Reading, Writing & Grammar) Practice Questions",,2026-08-13 16:51:00,Rohan15,MTR.G0.R43.A05.L3.B2,1,,PW,BKP2606531186,Default Vendor,PRIME260800025768,deepanshu2,Sagar Kulkarni,55279,PWH
PWH20303,ERP-B2B-SALE-2026-23596,2026-08-13 14:09:00,2026-08-13 15:18:00,FOC,BKP2606023804,"PW Concept & Question Bank Class 8 New NCERT Science (Curiosity) Book for 2026 Exams| NCERT Based Theory, Diagrams & Activities| NCERT Question Bank with Competency Based Practice Questions",,2026-08-13 16:35:00,Rohan15,MTR.G1.R36.A05.L4.B1,1,,PW,BKP2606023804,Default Vendor,PRIME260800025768,deepanshu2,Sagar Kulkarni,55279,PWH
PWH20303,ERP-B2B-SALE-2026-23596,2026-08-13 14:09:00,2026-08-13 15:18:00,FOC,BKP2606023805,PW Concept & Question Bank Class 8 New NCERT Mathematics (Ganita Prakash I & II) Book for 2026 Exams| NCERT Based Theory & Questions with Solutions | Chapter-wise Practice Questions,,2026-08-13 16:49:00,Rohan15,MTR.G0.R23.A06.L4.B1,1,,PW,BKP2606023805,Default Vendor,PRIME260800025768,deepanshu2,Sagar Kulkarni,55279,PWH
PWH20303,ERP-B2B-SALE-2026-23596,2026-08-13 14:09:00,2026-08-13 15:18:00,FOC,BKP2606023806,"PW Concept & Question Bank Class 8 New NCERT Social Science (Exploring Society: India & Beyond) Part 1 For 2026 Exams | NCERT Based Theory, Diagrams & Activities with Competency Based Question Bank",,2026-08-13 16:31:00,Rohan15,MTR.G2.R03.A12.L4.B2,1,,PW,BKP2606023806,Default Vendor,PRIME260800025768,deepanshu2,Sagar Kulkarni,55279,PWH
PWH20305,ERP-B2B-SALE-2026-23594,2026-08-13 14:03:00,2026-08-13 15:18:00,FOC,BKP2601010315,ICSE Victory Class 10th Module Chemistry Edition 2026,,2026-08-13 17:44:00,SumitPal,SPR.R21.A1.L1.B4,1,,PW,BKP2601010315,Default Vendor,PRIME260800024473,deepanshu2,M Saha,55288,PWH
PWH20305,ERP-B2B-SALE-2026-23594,2026-08-13 14:03:00,2026-08-13 15:18:00,FOC,BKP2601018260,ICSE Victory Class 10th Module English Language,,2026-08-13 18:07:00,SumitPal,SPR.R16.A9.L1.B1,1,,PW,BKP2601018260,Default Vendor,PRIME260800024473,deepanshu2,M Saha,55288,PWH
PWH20305,ERP-B2B-SALE-2026-23594,2026-08-13 14:03:00,2026-08-13 15:18:00,FOC,BKP2601018261,ICSE Victory Class-10th Module PHYSICS Edition 2026,,2026-08-13 16:45:00,SumitPal,MTR.G3.R25.A01.L4.B1,1,,PW,BKP2601018261,Default Vendor,PRIME260800024473,deepanshu2,M Saha,55288,PWH
PWH20305,ERP-B2B-SALE-2026-23594,2026-08-13 14:03:00,2026-08-13 15:18:00,FOC,BKP2601018262,ICSE Victory Class-10th Module Geography Edition 2026,,2026-08-13 17:38:00,SumitPal,SPR.R19.A2.L1.B4,1,,PW,BKP2601018262,Default Vendor,PRIME260800024473,deepanshu2,M Saha,55288,PWH
PWH20305,ERP-B2B-SALE-2026-23594,2026-08-13 14:03:00,2026-08-13 15:18:00,FOC,BKP2601018264,ICSE Victory History & Civics Module Class-10th-2026,,2026-08-13 16:50:00,SumitPal,MTR.G3.R08.A03.L2.B2,1,,PW,BKP2601018264,Default Vendor,PRIME260800024473,deepanshu2,M Saha,55288,PWH
PWH20305,ERP-B2B-SALE-2026-23594,2026-08-13 14:03:00,2026-08-13 15:18:00,FOC,BKP2601018265,ICSE Victory Class-10th Module Mathematics Edition 2026,,2026-08-13 16:39:00,SumitPal,MTR.G3.R41.A10.L4.B2,1,,PW,BKP2601018265,Default Vendor,PRIME260800024473,deepanshu2,M Saha,55288,PWH
PWH20305,ERP-B2B-SALE-2026-23594,2026-08-13 14:03:00,2026-08-13 15:18:00,FOC,BKP2601018266,ICSE Victory Class-10th Module Literature in English Edition 2026,,2026-08-13 17:27:00,SumitPal,SPR.R1.A13.L1.B2,1,,PW,BKP2601018266,Default Vendor,PRIME260800024473,deepanshu2,M Saha,55288,PWH
PWH20305,ERP-B2B-SALE-2026-23594,2026-08-13 14:03:00,2026-08-13 15:18:00,FOC,BKP2601938700,ICSE Radiant Class-9th Module Physics Edition 2026,,2026-08-13 17:57:00,SumitPal,SPR.R25.A3.L0.B4,1,,PW,BKP2601938700,Default Vendor,PRIME260800024473,deepanshu2,M Saha,55288,PWH
PWH20305,ERP-B2B-SALE-2026-23594,2026-08-13 14:03:00,2026-08-13 15:18:00,FOC,BKP2601018267,ICSE Radiant Class-9th Module Chemistry Edition 2026ICSE Radiant Class-9th Module Chemistry Edition 2026,,2026-08-13 17:46:00,SumitPal,SPR.R25.A1.L1.B3,1,,PW,BKP2601018267,Default Vendor,PRIME260800024473,deepanshu2,M Saha,55288,PWH
PWH20305,ERP-B2B-SALE-2026-23594,2026-08-13 14:03:00,2026-08-13 15:18:00,FOC,BKP2601018268,ICSE Radiant Class-9th Module Biology Edition 2026,,2026-08-13 17:17:00,SumitPal,MTR.G0.R46.A03.L3.B1,1,,PW,BKP2601018268,Default Vendor,PRIME260800024473,deepanshu2,M Saha,55288,PWH
PWH20305,ERP-B2B-SALE-2026-23594,2026-08-13 14:03:00,2026-08-13 15:18:00,FOC,BKP2601018269,ICSE Radiant Class-9th Module English Language Paper-1 Edition 2026,,2026-08-13 17:30:00,SumitPal,SPR.R4.A4.L1.B2,1,,PW,BKP2601018269,Default Vendor,PRIME260800024473,deepanshu2,M Saha,55288,PWH
PWH20305,ERP-B2B-SALE-2026-23594,2026-08-13 14:03:00,2026-08-13 15:18:00,FOC,BKP2601018270,ICSE Radiant Class-9th Module History and Civics Edition 2026,,2026-08-13 17:40:00,SumitPal,SPR.R22.A7.L1.B4,1,,PW,BKP2601018270,Default Vendor,PRIME260500053599,deepanshu2,M Saha,55288,PWH
PWH20305,ERP-B2B-SALE-2026-23594,2026-08-13 14:03:00,2026-08-13 15:18:00,FOC,BKP2601018271,ICSE Radiant Class-9th Module Literature in English Paper-2 Edition 2026,,2026-08-13 16:42:00,SumitPal,MTR.G3.R26.A01.L2.B1,1,,PW,BKP2601018271,Default Vendor,PRIME260800024473,deepanshu2,M Saha,55288,PWH
PWH20305,ERP-B2B-SALE-2026-23594,2026-08-13 14:03:00,2026-08-13 15:18:00,FOC,BKP2601018272,ICSE Radiant Class-9th Module Geography Edition 2026,,2026-08-13 16:47:00,SumitPal,MTR.G3.R20.A07.L4.B2,1,,PW,BKP2601018272,Default Vendor,PRIME260800024473,deepanshu2,M Saha,55288,PWH
PWH20305,ERP-B2B-SALE-2026-23594,2026-08-13 14:03:00,2026-08-13 15:18:00,FOC,BKP2601018273,ICSE Radiant Class-9th Module Mathematics Edition 2026,,2026-08-13 17:35:00,SumitPal,SPR.R13.A2.L0.B1,1,,PW,BKP2601018273,Default Vendor,PRIME260800024473,deepanshu2,M Saha,55288,PWH
PWH20305,ERP-B2B-SALE-2026-23594,2026-08-13 14:03:00,2026-08-13 15:18:00,FOC,BKP2604020295,PW ICSE Class 10 Question & Concept Bank English Paper 2 (Literature) for 2027 | Chapterwise & Topicwise By Nupur Sharma | Narrative/ Poetic Sketch & Devices | Important Practice Questions,,2026-08-13 16:55:00,SumitPal,MTR.G2.R05.A06.L4.B1,1,,PW,BKP2604020295,Default Vendor,PRIME260800024473,deepanshu2,M Saha,55288,PWH
PWH20305,ERP-B2B-SALE-2026-23594,2026-08-13 14:03:00,2026-08-13 15:18:00,FOC,BKP2604020312,PW ICSE Class 10 Question & Concept Bank Mathematics for 2027 | Chapterwise & Topicwise By Shivangi Mam & Devansh Sir | Solved PYQs | 40% Competency & Application Based Practice Questions,,2026-08-13 16:49:00,SumitPal,MTR.G3.R18.A05.L3.B2,1,,PW,BKP2604020312,Default Vendor,PRIME260800024473,deepanshu2,M Saha,55288,PWH
PWH20305,ERP-B2B-SALE-2026-23594,2026-08-13 14:03:00,2026-08-13 15:18:00,FOC,BKP2604020285,"PW ICSE Class 10 Question & Concept Bank English Paper 1 (Language) for 2027 Exam | Chapterwise & Topicwise By Nupur Sharma | Reading, Writing & Grammar Skills | Important Practice Questions",,2026-08-13 17:33:00,SumitPal,SPR.R13.A10.L0.B3,1,,PW,BKP2604020285,Default Vendor,PRIME260800024473,deepanshu2,M Saha,55288,PWH
PWH20305,ERP-B2B-SALE-2026-23594,2026-08-13 14:03:00,2026-08-13 15:18:00,FOC,BKP2604020283,"PW ICSE Class 10 PYQs - Past 10 Years Solved Papers (2026-2016) For 2027 Exams | Physics, Chemistry, Maths, Biology, Economics, History & Civics, Geography, CA, English Paper 1 & 2",,2026-08-13 17:17:00,SumitPal,MTR.G0.R18.A12.L4.B2,1,,PW,BKP2604020283,Default Vendor,PRIME260800024473,deepanshu2,M Saha,55288,PWH
PWH20305,ERP-B2B-SALE-2026-23594,2026-08-13 14:03:00,2026-08-13 15:18:00,FOC,BKP2604020287,PW ICSE Class 10 Question & Concept Bank Chemistry for 2027 | Chapterwise & Topicwise By Sanya Mam & Sunil Sir | Solved PYQs | 40% Competency & Application Based Practice Questions,,2026-08-13 17:10:00,SumitPal,MTR.G1.R36.A10.L4.B2,1,,PW,BKP2604020287,Default Vendor,PRIME260800024473,deepanshu2,M Saha,55288,PWH
PWH20305,ERP-B2B-SALE-2026-23594,2026-08-13 14:03:00,2026-08-13 15:18:00,FOC,BKP2604020294,PW ICSE Class 10 Question & Concept Bank Economics for 2027 Exam | Chapterwise & Topicwise By Kunal Sir & Sameer Sir | Solved PYQs | 40% Competency & Application Based Practice Questions,,2026-08-13 17:10:00,SumitPal,MTR.G1.R40.A10.L3.B1,1,,PW,BKP2604020294,Default Vendor,PRIME260800024473,deepanshu2,M Saha,55288,PWH
PWH20305,ERP-B2B-SALE-2026-23594,2026-08-13 14:03:00,2026-08-13 15:18:00,FOC,BKP2604020297,PW ICSE Class 10 Question & Concept Bank History and Civics for 2027 Exam | Chapterwise & Topicwise By Kunal Sir & Sameer Sir | Solved PYQs | 40% Competency & Application Based Practice Questions,,2026-08-13 18:05:00,SumitPal,SPR.R13.A12.L1.B3,1,,PW,BKP2604020297,Default Vendor,PRIME260800024473,deepanshu2,M Saha,55288,PWH
PWH20305,ERP-B2B-SALE-2026-23594,2026-08-13 14:03:00,2026-08-13 15:18:00,FOC,BKP2604020293,PW ICSE Class 10 Question & Concept Bank Biology 2027 Chapterwise & Topicwise By Upasana Mam & Yogita Mam | Solved PYQs | 40% Competency & Application Based Practice Questions,,2026-08-13 16:56:00,SumitPal,MTR.G2.R10.A10.L4.B2,1,,PW,BKP2604020293,Default Vendor,PRIME260800024473,deepanshu2,M Saha,55288,PWH
PWH20306,ERP-B2B-SALE-2026-23593,2026-08-13 14:01:00,2026-08-13 15:18:00,FOC,BKP2602019196,PW CBSE Class 9 English Kaveri New NCERT 2026-27 Question and Concept Bank with NCERT Textbook Solutions and Competency Based Questions,,2026-08-13 16:58:00,SumitPal,MTR.G2.R01.A09.L3.B1,5,,PW,BKP2602019196,Default Vendor,PRIME260800024472,deepanshu2,Anuj Kumar.,55285,PWH
PWH20306,ERP-B2B-SALE-2026-23593,2026-08-13 14:01:00,2026-08-13 15:18:00,FOC,BKP2602019199,PW CBSE Class 9 Science Exploration New NCERT 2026-27 Question and Concept Bank with NCERT Textbook Solutions and Competency Based Questions By Akshya Tyagi Sir,,2026-08-13 16:41:00,SumitPal,MTR.G3.R26.A08.L1.B1,5,,PW,BKP2602019199,Default Vendor,PRIME260800024472,deepanshu2,Anuj Kumar.,55285,PWH
PWH20306,ERP-B2B-SALE-2026-23593,2026-08-13 14:01:00,2026-08-13 15:18:00,FOC,BKP2606076375,PW JEE Advanced 49 Years (2026-1978) with JEE Main 162 Sets Chemistry PYQs (2026-2019) | Chapterwise and Topicwise Solved Papers For JEE Main & Advanced 2027 Exams,,2026-08-13 16:58:00,SumitPal,MTR.G2.R01.A12.L1.B1,5,,PW,BKP2606076375,Default Vendor,PRIME260800024472,deepanshu2,Anuj Kumar.,55285,PWH
PWH20306,ERP-B2B-SALE-2026-23593,2026-08-13 14:01:00,2026-08-13 15:18:00,FOC,BKP2606022749,JEE Advanced 49 Years (2026-1978) with JEE Main 162 Sets Maths PYQs (2026-2019) | Chapterwise and Topicwise Solved Papers For JEE Main & Advanced 2027 Exams,,2026-08-13 17:00:00,SumitPal,MTR.G2.R07.A05.L4.B2,5,,PW,BKP2606022749,Default Vendor,PRIME260800024472,deepanshu2,Anuj Kumar.,55285,PWH
PWH20306,ERP-B2B-SALE-2026-23593,2026-08-13 14:01:00,2026-08-13 15:18:00,FOC,BKP2606022750,PW JEE Advanced 49 Years (2026-1978) with JEE Main 162 Sets Physics PYQs (2026-2019) | Chapterwise and Topicwise Solved Papers For JEE Main & Advanced 2027 Exams,,2026-08-13 17:24:00,SumitPal,MTR.G0.R04.A08.L1.B2,5,,PW,BKP2606022750,Default Vendor,PRIME260800024472,deepanshu2,Anuj Kumar.,55285,PWH
PWH20307,ERP-B2B-SALE-2026-23592,2026-08-13 13:58:00,2026-08-13 15:18:00,FOC,BKP2602019208,PW IBPS Clerk PYQ - 27 Year-wise Prelims & Mains Previous Year Solved Papers Till Nov 2025 with 15 Online CBT Tests For Exam 2026-27 | 3750 PYQs | English Edition,,2026-08-13 17:43:00,NarendraS,MTR.G2.R08.A11.L2.B1,1,,PW,BKP2602019208,Default Vendor,PRIME260800026451,deepanshu2,Kajal Kumari,55290,PWH
PWH20307,ERP-B2B-SALE-2026-23592,2026-08-13 13:58:00,2026-08-13 15:18:00,FOC,BKP2602019200,PW IBPS PO PYQ - 27 Year-wise Prelims & Mains Previous Year Solved Papers Till Oct 2025 with 15 Online CBT Tests for Exam 2026-27 | 3250 PYQs | English Edition,,2026-08-13 18:06:00,NarendraS,MTR.G0.R14.A01.L3.B2,1,,PW,BKP2602019200,Default Vendor,PRIME260800026451,deepanshu2,Kajal Kumari,55290,PWH
PWH20307,ERP-B2B-SALE-2026-23592,2026-08-13 13:58:00,2026-08-13 15:18:00,FOC,BKP2602779269,PW 24 SBI PO Prelims & Mains Previous Year Solved Papers (Till Sept 2025) with 15 Online CBT Tests For 2026 Exam | 3075+ PYQ Questions | Fully Solved,,2026-08-13 18:08:00,NarendraS,MTR.G0.R03.A01.L4.B1,1,,PW,BKP2602779269,Default Vendor,PRIME260800026451,deepanshu2,Kajal Kumari,55290,PWH
PWH20307,ERP-B2B-SALE-2026-23592,2026-08-13 13:58:00,2026-08-13 15:18:00,FOC,BKP2602019192,PW 24 SBI Clerk PYQ - Prelims & Mains Previous Year Solved Papers (Till Nov 2025) with 15 Online CBT Tests For 2026 Exam | 3500 PYQ Questions | Fully Solved,,2026-08-13 16:43:00,NarendraS,MTR.G3.R03.A07.L2.B2,1,,PW,BKP2602019192,Default Vendor,PRIME260800026451,deepanshu2,Kajal Kumari,55290,PWH
PWH20307,ERP-B2B-SALE-2026-23592,2026-08-13 13:58:00,2026-08-13 15:18:00,FOC,BKP2603019883,"SSC Game Changer General Awareness (Hindi) 8350+ PYQ For 2026 Exams | Chapter, Topic & Exam-wise Previous Year Solved Questions | For CGL, CHSL, MTS, CPO, GD, Delhi Police, Steno",,2026-08-13 18:08:00,NarendraS,MTR.G0.R08.A01.L4.B1,1,,PW,BKP2603019883,Default Vendor,PRIME260800026451,deepanshu2,Kajal Kumari,55290,PWH
PWH20307,ERP-B2B-SALE-2026-23592,2026-08-13 13:58:00,2026-08-13 15:18:00,FOC,BKP2603019885,"SSC Game Changer Reasoning (Hindi) 6800+ PYQ For 2026 Exams | Chapter, Topic & Exam-wise Previous Year Solved Questions | For CGL, CHSL, MTS, CPO, GD, Delhi Police, Steno",,2026-08-13 18:03:00,NarendraS,MTR.G0.R28.A03.L4.B1,1,,PW,BKP2603019885,Default Vendor,PRIME260800026451,deepanshu2,Kajal Kumari,55290,PWH
PWH20307,ERP-B2B-SALE-2026-23592,2026-08-13 13:58:00,2026-08-13 15:18:00,FOC,BKP2603019881,"PW SSC Game Changer Reasoning PYQ 7050+ For 2026 Exams | Chapter, Topic & Exam-wise Previous Year Solved Questions | For CGL, CHSL, MTS, CPO, GD, Delhi Police, Steno",,2026-08-13 18:09:00,NarendraS,MTR.G0.R03.A04.L2.B1,1,,PW,BKP2603019881,Default Vendor,PRIME260800026451,deepanshu2,Kajal Kumari,55290,PWH
PWH20307,ERP-B2B-SALE-2026-23592,2026-08-13 13:58:00,2026-08-13 15:18:00,FOC,BKP2603019884,"SSC Game Changer Maths (Hindi) 7750+ PYQ For 2026 Exams | Chapter, Topic & Exam-wise Previous Year Solved Questions | For CGL, CHSL, MTS, CPO, GD, Delhi Police, Steno",,2026-08-13 18:07:00,NarendraS,MTR.G0.R09.A07.L1.B1,1,,PW,BKP2603019884,Default Vendor,PRIME260800026451,deepanshu2,Kajal Kumari,55290,PWH
PWH20307,ERP-B2B-SALE-2026-23592,2026-08-13 13:58:00,2026-08-13 15:18:00,FOC,BKP2604020384,"PW GK Pulse General Knowledge Book with 1000+ One liner PYQs (Hindi Edition) By Krati Mam | UPSC (NDA, CDS, EPFO, CAPF) SSC, Railway, Other Competitive Exams 2026-27",,2026-08-13 17:48:00,NarendraS,MTR.G1.R17.A06.L3.B1,1,,PW,BKP2604020384,Default Vendor,PRIME260800026451,deepanshu2,Kajal Kumari,55290,PWH
PWH20307,ERP-B2B-SALE-2026-23592,2026-08-13 13:58:00,2026-08-13 15:18:00,FOC,BKP2603019878,"PW SSC Game Changer General Awareness PYQ  8350+ MCQs For 2026 Exams | Chapter, Topic & Exam-wise Previous Year Solved Questions | For CGL, CHSL, MTS, CPO, GD, Delhi Police, Steno",,2026-08-13 17:47:00,NarendraS,MTR.G1.R44.A04.L4.B1,1,,PW,BKP2603019878,Default Vendor,PRIME260800026451,deepanshu2,Kajal Kumari,55290,PWH
PWH20307,ERP-B2B-SALE-2026-23592,2026-08-13 13:58:00,2026-08-13 15:18:00,FOC,BKP2603019882,"PW SSC Game Changer English PYQ 7550+ MCQs For 2026 Exams | Chapter, Topic & Exam-wise Previous Year Solved Questions | For CGL, CHSL, MTS, CPO, GD, Delhi Police, Steno",,2026-08-13 18:05:00,NarendraS,MTR.G0.R19.A12.L3.B2,1,,PW,BKP2603019882,Default Vendor,PRIME260800026451,deepanshu2,Kajal Kumari,55290,PWH
PWH20307,ERP-B2B-SALE-2026-23592,2026-08-13 13:58:00,2026-08-13 15:18:00,FOC,BKP2603019880,"PW SSC Game Changer Maths PYQ 7750+ MCQs For 2026 Exams | Chapter, Topic & Exam-wise Previous Year Solved Questions | For CGL, CHSL, MTS, CPO, GD, Delhi Police, Steno",,2026-08-13 18:02:00,NarendraS,MTR.G0.R30.A08.L3.B1,1,,PW,BKP2603019880,Default Vendor,PRIME260800026451,deepanshu2,Kajal Kumari,55290,PWH
PWH20307,ERP-B2B-SALE-2026-23592,2026-08-13 13:58:00,2026-08-13 15:18:00,FOC,BKP2604020429,"PW Banking Game Changer English Language Prepnotes & 3000+ PYQs By Anchal Ma'am For 2026-27 Exams | Chapterwise Theory with 15 Online CBT Tests | IBPS PO & Clerk, SBI PO & Clerk, RRB PO & Clerk Exams",,2026-08-13 17:44:00,NarendraS,MTR.G2.R14.A12.L4.B2,1,,PW,BKP2604020429,Default Vendor,PRIME260800026451,deepanshu2,Kajal Kumari,55290,PWH
PWH20307,ERP-B2B-SALE-2026-23592,2026-08-13 13:58:00,2026-08-13 15:18:00,FOC,BKP2604020428,"PW Banking Game Changer Reasoning Ability Prepnotes & 3000+ PYQs By Sachin Sir For 2026-27 Exams | Chapterwise Theory with 15 Online CBT Tests | IBPS PO & Clerk, SBI PO & Clerk, RRB PO & Clerk Exams",,2026-08-13 16:41:00,NarendraS,MTR.G3.R42.A05.L3.B2,1,,PW,BKP2604020428,Default Vendor,PRIME260800026451,deepanshu2,Kajal Kumari,55290,PWH
PWH20307,ERP-B2B-SALE-2026-23592,2026-08-13 13:58:00,2026-08-13 15:18:00,FOC,BKP2602909300,PW All in One IBPS Clerk 2026 Book Prelims & Mains Exams | Chapterwise Theory and Exercises | 12 Previous Year Solved Papers PYQ Till Oct 2025 and 15 Online CBT Tests English Edition,,2026-08-13 16:42:00,NarendraS,MTR.G3.R32.A09.L3.B1,1,,PW,BKP2602909300,Default Vendor,PRIME260800026451,deepanshu2,Kajal Kumari,55290,PWH
PWH20307,ERP-B2B-SALE-2026-23592,2026-08-13 13:58:00,2026-08-13 15:18:00,FOC,BKP2604020430,"Banking Game Changer Banking Awareness Prepnotes & 3000+ PYQs By Shushmita Mam For 2026-27 Exams | Chapterwise Theory with 15 Online CBT Tests | IBPS PO & Clerk, SBI PO & Clerk, RRB PO & Clerk Exams",,2026-08-13 18:01:00,NarendraS,MTR.G0.R45.A09.L3.B2,1,,PW,BKP2604020430,Default Vendor,PRIME260800026451,deepanshu2,Kajal Kumari,55290,PWH
PWH20307,ERP-B2B-SALE-2026-23592,2026-08-13 13:58:00,2026-08-13 15:18:00,FOC,BKP2604120560,"Banking Game Changer Quantitative Aptitude Prepnotes & 3000+ PYQs By Sumit Sir For 2026-27 Exams | Chapterwise Theory with 15 Online CBT Tests | IBPS PO & Clerk, SBI PO & Clerk, RRB PO & Clerk Exams",,2026-08-13 18:03:00,NarendraS,MTR.G0.R27.A04.L3.B2,1,,PW,BKP2604120560,Default Vendor,PRIME260800026451,deepanshu2,Kajal Kumari,55290,PWH
PWH20308,ERP-B2B-SALE-2026-23591,2026-08-13 13:56:00,2026-08-13 15:18:00,FOC,BKP2601010315,ICSE Victory Class 10th Module Chemistry Edition 2026,,2026-08-13 17:44:00,SumitPal,SPR.R21.A1.L1.B4,1,,PW,BKP2601010315,Default Vendor,PRIME260800024474,deepanshu2,Sima Ali,55287,PWH
PWH20308,ERP-B2B-SALE-2026-23591,2026-08-13 13:56:00,2026-08-13 15:18:00,FOC,BKP2601018260,ICSE Victory Class 10th Module English Language,,2026-08-13 18:10:00,SumitPal,SPR.R16.A9.L1.B1,1,,PW,BKP2601018260,Default Vendor,PRIME260800024474,deepanshu2,Sima Ali,55287,PWH
PWH20308,ERP-B2B-SALE-2026-23591,2026-08-13 13:56:00,2026-08-13 15:18:00,FOC,BKP2601018261,ICSE Victory Class-10th Module PHYSICS Edition 2026,,2026-08-13 16:44:00,SumitPal,MTR.G3.R25.A01.L4.B1,1,,PW,BKP2601018261,Default Vendor,PRIME260800024474,deepanshu2,Sima Ali,55287,PWH
PWH20308,ERP-B2B-SALE-2026-23591,2026-08-13 13:56:00,2026-08-13 15:18:00,FOC,BKP2601018262,ICSE Victory Class-10th Module Geography Edition 2026,,2026-08-13 17:38:00,SumitPal,SPR.R19.A2.L1.B4,1,,PW,BKP2601018262,Default Vendor,PRIME260800024474,deepanshu2,Sima Ali,55287,PWH
PWH20308,ERP-B2B-SALE-2026-23591,2026-08-13 13:56:00,2026-08-13 15:18:00,FOC,BKP2601018264,ICSE Victory History & Civics Module Class-10th-2026,,2026-08-13 16:50:00,SumitPal,MTR.G3.R08.A03.L2.B2,1,,PW,BKP2601018264,Default Vendor,PRIME260800024474,deepanshu2,Sima Ali,55287,PWH
PWH20308,ERP-B2B-SALE-2026-23591,2026-08-13 13:56:00,2026-08-13 15:18:00,FOC,BKP2601018265,ICSE Victory Class-10th Module Mathematics Edition 2026,,2026-08-13 16:37:00,SumitPal,MTR.G3.R41.A10.L4.B2,1,,PW,BKP2601018265,Default Vendor,PRIME260800024474,deepanshu2,Sima Ali,55287,PWH
PWH20308,ERP-B2B-SALE-2026-23591,2026-08-13 13:56:00,2026-08-13 15:18:00,FOC,BKP2601018266,ICSE Victory Class-10th Module Literature in English Edition 2026,,2026-08-13 17:28:00,SumitPal,SPR.R1.A13.L1.B2,1,,PW,BKP2601018266,Default Vendor,PRIME260800024474,deepanshu2,Sima Ali,55287,PWH
PWH20308,ERP-B2B-SALE-2026-23591,2026-08-13 13:56:00,2026-08-13 15:18:00,FOC,BKP2601938700,ICSE Radiant Class-9th Module Physics Edition 2026,,2026-08-13 17:56:00,SumitPal,SPR.R25.A3.L0.B4,1,,PW,BKP2601938700,Default Vendor,PRIME260800024474,deepanshu2,Sima Ali,55287,PWH
PWH20308,ERP-B2B-SALE-2026-23591,2026-08-13 13:56:00,2026-08-13 15:18:00,FOC,BKP2601018267,ICSE Radiant Class-9th Module Chemistry Edition 2026ICSE Radiant Class-9th Module Chemistry Edition 2026,,2026-08-13 17:47:00,SumitPal,SPR.R25.A1.L1.B3,1,,PW,BKP2601018267,Default Vendor,PRIME260800024474,deepanshu2,Sima Ali,55287,PWH
PWH20308,ERP-B2B-SALE-2026-23591,2026-08-13 13:56:00,2026-08-13 15:18:00,FOC,BKP2601018268,ICSE Radiant Class-9th Module Biology Edition 2026,,2026-08-13 17:17:00,SumitPal,MTR.G0.R46.A03.L3.B1,1,,PW,BKP2601018268,Default Vendor,PRIME260800024474,deepanshu2,Sima Ali,55287,PWH
PWH20308,ERP-B2B-SALE-2026-23591,2026-08-13 13:56:00,2026-08-13 15:18:00,FOC,BKP2601018269,ICSE Radiant Class-9th Module English Language Paper-1 Edition 2026,,2026-08-13 17:29:00,SumitPal,SPR.R4.A4.L1.B2,1,,PW,BKP2601018269,Default Vendor,PRIME260800024474,deepanshu2,Sima Ali,55287,PWH
PWH20308,ERP-B2B-SALE-2026-23591,2026-08-13 13:56:00,2026-08-13 15:18:00,FOC,BKP2601018270,ICSE Radiant Class-9th Module History and Civics Edition 2026,,2026-08-13 17:40:00,SumitPal,SPR.R22.A7.L1.B4,1,,PW,BKP2601018270,Default Vendor,PRIME260800024474,deepanshu2,Sima Ali,55287,PWH
PWH20308,ERP-B2B-SALE-2026-23591,2026-08-13 13:56:00,2026-08-13 15:18:00,FOC,BKP2601018271,ICSE Radiant Class-9th Module Literature in English Paper-2 Edition 2026,,2026-08-13 16:43:00,SumitPal,MTR.G3.R26.A01.L2.B1,1,,PW,BKP2601018271,Default Vendor,PRIME260800024474,deepanshu2,Sima Ali,55287,PWH
PWH20308,ERP-B2B-SALE-2026-23591,2026-08-13 13:56:00,2026-08-13 15:18:00,FOC,BKP2601018272,ICSE Radiant Class-9th Module Geography Edition 2026,,2026-08-13 16:48:00,SumitPal,MTR.G3.R20.A07.L4.B2,1,,PW,BKP2601018272,Default Vendor,PRIME260800024474,deepanshu2,Sima Ali,55287,PWH
PWH20308,ERP-B2B-SALE-2026-23591,2026-08-13 13:56:00,2026-08-13 15:18:00,FOC,BKP2601018273,ICSE Radiant Class-9th Module Mathematics Edition 2026,,2026-08-13 17:34:00,SumitPal,SPR.R13.A2.L0.B1,1,,PW,BKP2601018273,Default Vendor,PRIME260800024474,deepanshu2,Sima Ali,55287,PWH
PWH20308,ERP-B2B-SALE-2026-23591,2026-08-13 13:56:00,2026-08-13 15:18:00,FOC,BKP2604020295,PW ICSE Class 10 Question & Concept Bank English Paper 2 (Literature) for 2027 | Chapterwise & Topicwise By Nupur Sharma | Narrative/ Poetic Sketch & Devices | Important Practice Questions,,2026-08-13 16:57:00,SumitPal,MTR.G2.R05.A06.L4.B1,1,,PW,BKP2604020295,Default Vendor,PRIME260800024474,deepanshu2,Sima Ali,55287,PWH
PWH20308,ERP-B2B-SALE-2026-23591,2026-08-13 13:56:00,2026-08-13 15:18:00,FOC,BKP2604020312,PW ICSE Class 10 Question & Concept Bank Mathematics for 2027 | Chapterwise & Topicwise By Shivangi Mam & Devansh Sir | Solved PYQs | 40% Competency & Application Based Practice Questions,,2026-08-13 16:48:00,SumitPal,MTR.G3.R18.A05.L3.B2,1,,PW,BKP2604020312,Default Vendor,PRIME260800024474,deepanshu2,Sima Ali,55287,PWH
PWH20308,ERP-B2B-SALE-2026-23591,2026-08-13 13:56:00,2026-08-13 15:18:00,FOC,BKP2604020285,"PW ICSE Class 10 Question & Concept Bank English Paper 1 (Language) for 2027 Exam | Chapterwise & Topicwise By Nupur Sharma | Reading, Writing & Grammar Skills | Important Practice Questions",,2026-08-13 17:34:00,SumitPal,SPR.R13.A10.L0.B3,1,,PW,BKP2604020285,Default Vendor,PRIME260800024474,deepanshu2,Sima Ali,55287,PWH
PWH20308,ERP-B2B-SALE-2026-23591,2026-08-13 13:56:00,2026-08-13 15:18:00,FOC,BKP2604020283,"PW ICSE Class 10 PYQs - Past 10 Years Solved Papers (2026-2016) For 2027 Exams | Physics, Chemistry, Maths, Biology, Economics, History & Civics, Geography, CA, English Paper 1 & 2",,2026-08-13 17:18:00,SumitPal,MTR.G0.R18.A12.L4.B2,1,,PW,BKP2604020283,Default Vendor,PRIME260800024474,deepanshu2,Sima Ali,55287,PWH
PWH20308,ERP-B2B-SALE-2026-23591,2026-08-13 13:56:00,2026-08-13 15:18:00,FOC,BKP2604020287,PW ICSE Class 10 Question & Concept Bank Chemistry for 2027 | Chapterwise & Topicwise By Sanya Mam & Sunil Sir | Solved PYQs | 40% Competency & Application Based Practice Questions,,2026-08-13 17:09:00,SumitPal,MTR.G1.R36.A10.L4.B2,1,,PW,BKP2604020287,Default Vendor,PRIME260800024474,deepanshu2,Sima Ali,55287,PWH
PWH20308,ERP-B2B-SALE-2026-23591,2026-08-13 13:56:00,2026-08-13 15:18:00,FOC,BKP2604020294,PW ICSE Class 10 Question & Concept Bank Economics for 2027 Exam | Chapterwise & Topicwise By Kunal Sir & Sameer Sir | Solved PYQs | 40% Competency & Application Based Practice Questions,,2026-08-13 17:09:00,SumitPal,MTR.G1.R40.A10.L3.B1,1,,PW,BKP2604020294,Default Vendor,PRIME260800024474,deepanshu2,Sima Ali,55287,PWH
PWH20308,ERP-B2B-SALE-2026-23591,2026-08-13 13:56:00,2026-08-13 15:18:00,FOC,BKP2604020297,PW ICSE Class 10 Question & Concept Bank History and Civics for 2027 Exam | Chapterwise & Topicwise By Kunal Sir & Sameer Sir | Solved PYQs | 40% Competency & Application Based Practice Questions,,2026-08-13 18:12:00,SumitPal,SPR.R13.A12.L1.B3,1,,PW,BKP2604020297,Default Vendor,PRIME260800024474,deepanshu2,Sima Ali,55287,PWH
PWH20308,ERP-B2B-SALE-2026-23591,2026-08-13 13:56:00,2026-08-13 15:18:00,FOC,BKP2604020293,PW ICSE Class 10 Question & Concept Bank Biology 2027 Chapterwise & Topicwise By Upasana Mam & Yogita Mam | Solved PYQs | 40% Competency & Application Based Practice Questions,,2026-08-13 16:56:00,SumitPal,MTR.G2.R10.A10.L4.B2,1,,PW,BKP2604020293,Default Vendor,PRIME260800024474,deepanshu2,Sima Ali,55287,PWH
PWH20309,ERP-B2B-SALE-2026-23597,2026-08-13 14:32:00,2026-08-13 15:35:00,STO,BKP2603019878,"PW SSC Game Changer General Awareness PYQ  8350+ MCQs For 2026 Exams | Chapter, Topic & Exam-wise Previous Year Solved Questions | For CGL, CHSL, MTS, CPO, GD, Delhi Police, Steno",,2026-08-13 16:19:00,Sajid002,SPR.R13.A11.L1.B3,12,,PW,BKP2603019878,Default Vendor,PRIME260800027529,NarendraS,PHYSICSWALLAH LIMITED,55262,PWH
PWH20309,ERP-B2B-SALE-2026-23597,2026-08-13 14:32:00,2026-08-13 15:35:00,STO,BKP2603019878,"PW SSC Game Changer General Awareness PYQ  8350+ MCQs For 2026 Exams | Chapter, Topic & Exam-wise Previous Year Solved Questions | For CGL, CHSL, MTS, CPO, GD, Delhi Police, Steno",,2026-08-13 16:28:00,Sajid002,SPR.R13.A11.L1.B3,12,,PW,BKP2603019878,Default Vendor,PRIME260800027531,NarendraS,PHYSICSWALLAH LIMITED,55262,PWH
PWH20309,ERP-B2B-SALE-2026-23597,2026-08-13 14:32:00,2026-08-13 15:35:00,STO,BKP2603019878,"PW SSC Game Changer General Awareness PYQ  8350+ MCQs For 2026 Exams | Chapter, Topic & Exam-wise Previous Year Solved Questions | For CGL, CHSL, MTS, CPO, GD, Delhi Police, Steno",,2026-08-13 16:41:00,Sajid002,SPR.R13.A11.L1.B3,12,,PW,BKP2603019878,Default Vendor,PRIME260800027525,NarendraS,PHYSICSWALLAH LIMITED,55262,PWH
PWH20309,ERP-B2B-SALE-2026-23597,2026-08-13 14:32:00,2026-08-13 15:35:00,STO,BKP2603019878,"PW SSC Game Changer General Awareness PYQ  8350+ MCQs For 2026 Exams | Chapter, Topic & Exam-wise Previous Year Solved Questions | For CGL, CHSL, MTS, CPO, GD, Delhi Police, Steno",,2026-08-13 16:22:00,Sajid002,SPR.R13.A11.L1.B3,12,,PW,BKP2603019878,Default Vendor,PRIME260800027527,NarendraS,PHYSICSWALLAH LIMITED,55262,PWH
PWH20309,ERP-B2B-SALE-2026-23597,2026-08-13 14:32:00,2026-08-13 15:35:00,STO,BKP2603019878,"PW SSC Game Changer General Awareness PYQ  8350+ MCQs For 2026 Exams | Chapter, Topic & Exam-wise Previous Year Solved Questions | For CGL, CHSL, MTS, CPO, GD, Delhi Police, Steno",,2026-08-13 16:22:00,Sajid002,SPR.R13.A11.L1.B3,12,,PW,BKP2603019878,Default Vendor,PRIME260800027530,NarendraS,PHYSICSWALLAH LIMITED,55262,PWH
PWH20309,ERP-B2B-SALE-2026-23597,2026-08-13 14:32:00,2026-08-13 15:35:00,STO,BKP2603019878,"PW SSC Game Changer General Awareness PYQ  8350+ MCQs For 2026 Exams | Chapter, Topic & Exam-wise Previous Year Solved Questions | For CGL, CHSL, MTS, CPO, GD, Delhi Police, Steno",,2026-08-13 16:21:00,Sajid002,SPR.R13.A11.L1.B3,12,,PW,BKP2603019878,Default Vendor,PRIME260800027528,NarendraS,PHYSICSWALLAH LIMITED,55262,PWH
PWH20309,ERP-B2B-SALE-2026-23597,2026-08-13 14:32:00,2026-08-13 15:35:00,STO,BKP2603019878,"PW SSC Game Changer General Awareness PYQ  8350+ MCQs For 2026 Exams | Chapter, Topic & Exam-wise Previous Year Solved Questions | For CGL, CHSL, MTS, CPO, GD, Delhi Police, Steno",,2026-08-13 16:38:00,Sajid002,MTR.G1.R44.A04.L4.B1,8,,PW,BKP2603019878,Default Vendor,PRIME260800027526,NarendraS,PHYSICSWALLAH LIMITED,55262,PWH
PWH20309,ERP-B2B-SALE-2026-23597,2026-08-13 14:32:00,2026-08-13 15:35:00,STO,BKP2603019880,"PW SSC Game Changer Maths PYQ 7750+ MCQs For 2026 Exams | Chapter, Topic & Exam-wise Previous Year Solved Questions | For CGL, CHSL, MTS, CPO, GD, Delhi Police, Steno",,2026-08-13 16:35:00,Sajid002,MTR.G0.R30.A08.L3.B1,6,,PW,BKP2603019880,Default Vendor,PRIME260800027532,NarendraS,PHYSICSWALLAH LIMITED,55262,PWH
PWH20309,ERP-B2B-SALE-2026-23597,2026-08-13 14:32:00,2026-08-13 15:35:00,STO,BKP2603019880,"PW SSC Game Changer Maths PYQ 7750+ MCQs For 2026 Exams | Chapter, Topic & Exam-wise Previous Year Solved Questions | For CGL, CHSL, MTS, CPO, GD, Delhi Police, Steno",,2026-08-13 16:35:00,Sajid002,MTR.G0.R30.A08.L3.B1,12,,PW,BKP2603019880,Default Vendor,PRIME260800027534,NarendraS,PHYSICSWALLAH LIMITED,55262,PWH
PWH20309,ERP-B2B-SALE-2026-23597,2026-08-13 14:32:00,2026-08-13 15:35:00,STO,BKP2603019880,"PW SSC Game Changer Maths PYQ 7750+ MCQs For 2026 Exams | Chapter, Topic & Exam-wise Previous Year Solved Questions | For CGL, CHSL, MTS, CPO, GD, Delhi Police, Steno",,2026-08-13 16:35:00,Sajid002,MTR.G0.R30.A08.L3.B1,12,,PW,BKP2603019880,Default Vendor,PRIME260800027533,NarendraS,PHYSICSWALLAH LIMITED,55262,PWH
PWH20311,ERP-B2B-SALE-2026-23587,2026-08-13 12:44:00,2026-08-13 16:01:00,STO,BKP2606022749,JEE Advanced 49 Years (2026-1978) with JEE Main 162 Sets Maths PYQs (2026-2019) | Chapterwise and Topicwise Solved Papers For JEE Main & Advanced 2027 Exams,,2026-08-13 21:02:00,Bharat21,MTR.G2.R07.A05.L4.B2,25,,PW,BKP2606022749,Default Vendor,PRIME260800026896,Hemant01,PHYSICSWALLAH LIMITED,55280,PWH
PWH20311,ERP-B2B-SALE-2026-23587,2026-08-13 12:44:00,2026-08-13 16:01:00,STO,BKP2606076375,PW JEE Advanced 49 Years (2026-1978) with JEE Main 162 Sets Chemistry PYQs (2026-2019) | Chapterwise and Topicwise Solved Papers For JEE Main & Advanced 2027 Exams,,2026-08-13 22:15:00,Bharat21,SPR.R25.A14.L2.B1,10,,PW,BKP2606076375,Default Vendor,PRIME260800026896,Hemant01,PHYSICSWALLAH LIMITED,55280,PWH
PWH20311,ERP-B2B-SALE-2026-23587,2026-08-13 12:44:00,2026-08-13 16:01:00,STO,BKP2606076375,PW JEE Advanced 49 Years (2026-1978) with JEE Main 162 Sets Chemistry PYQs (2026-2019) | Chapterwise and Topicwise Solved Papers For JEE Main & Advanced 2027 Exams,,2026-08-13 22:15:00,Bharat21,SPR.R25.A14.L2.B1,10,,PW,BKP2606076375,Default Vendor,PRIME260800026896,Hemant01,PHYSICSWALLAH LIMITED,55280,PWH
PWH20311,ERP-B2B-SALE-2026-23587,2026-08-13 12:44:00,2026-08-13 16:01:00,STO,BKP2606076375,PW JEE Advanced 49 Years (2026-1978) with JEE Main 162 Sets Chemistry PYQs (2026-2019) | Chapterwise and Topicwise Solved Papers For JEE Main & Advanced 2027 Exams,,2026-08-13 21:04:00,Bharat21,MTR.G2.R01.A12.L1.B1,5,,PW,BKP2606076375,Default Vendor,PRIME260800026896,Hemant01,PHYSICSWALLAH LIMITED,55280,PWH
PWH20311,ERP-B2B-SALE-2026-23587,2026-08-13 12:44:00,2026-08-13 16:01:00,STO,BKP2606022750,PW JEE Advanced 49 Years (2026-1978) with JEE Main 162 Sets Physics PYQs (2026-2019) | Chapterwise and Topicwise Solved Papers For JEE Main & Advanced 2027 Exams,,2026-08-13 22:28:00,Bharat21,SPR.R3.A3.L2.B1,10,,PW,BKP2606022750,Default Vendor,PRIME260800026896,Hemant01,PHYSICSWALLAH LIMITED,55280,PWH
PWH20311,ERP-B2B-SALE-2026-23587,2026-08-13 12:44:00,2026-08-13 16:01:00,STO,BKP2606022750,PW JEE Advanced 49 Years (2026-1978) with JEE Main 162 Sets Physics PYQs (2026-2019) | Chapterwise and Topicwise Solved Papers For JEE Main & Advanced 2027 Exams,,2026-08-13 22:29:00,Bharat21,SPR.R3.A3.L2.B1,10,,PW,BKP2606022750,Default Vendor,PRIME260800026896,Hemant01,PHYSICSWALLAH LIMITED,55280,PWH
PWH20311,ERP-B2B-SALE-2026-23587,2026-08-13 12:44:00,2026-08-13 16:01:00,STO,BKP2606022750,PW JEE Advanced 49 Years (2026-1978) with JEE Main 162 Sets Physics PYQs (2026-2019) | Chapterwise and Topicwise Solved Papers For JEE Main & Advanced 2027 Exams,,2026-08-13 21:51:00,Bharat21,MTR.G0.R04.A08.L1.B2,5,,PW,BKP2606022750,Default Vendor,PRIME260800026896,Hemant01,PHYSICSWALLAH LIMITED,55280,PWH
PWH20312,ERP-B2B-SALE-2026-23578,2026-08-13 12:14:00,2026-08-13 16:01:00,Franchise Contract,BKP2601129429,"PW Lakshya For NEET Hindi Edition Class 12 Physics, Chemistry, Botany and Zoology Modules with Solutions Combo Set of 13 Books (2026 Edition)",Size,2026-08-13 23:02:00,Bharat21,GP_B2B,2,,PW,BKP2601129429,Default Vendor,PRIME260800026900,Hemant01,CHHINDWARA PATHSHALA,55358,PWH
PWH20313,ERP-B2B-SALE-2026-23579,2026-08-13 12:14:00,2026-08-13 16:01:00,STO,BKP2601129429,"PW Lakshya For NEET Hindi Edition Class 12 Physics, Chemistry, Botany and Zoology Modules with Solutions Combo Set of 13 Books (2026 Edition)",Size,2026-08-13 23:04:00,Bharat21,GP_B2B,2,,PW,BKP2601129429,Default Vendor,PRIME260800026895,Hemant01,PHYSICSWALLAH LIMITED,55282,PWH
PWH20314,ERP-B2B-SALE-2026-23580,2026-08-13 12:14:00,2026-08-13 16:01:00,Franchise Contract,BKP2601129429,"PW Lakshya For NEET Hindi Edition Class 12 Physics, Chemistry, Botany and Zoology Modules with Solutions Combo Set of 13 Books (2026 Edition)",Size,2026-08-13 23:02:00,Bharat21,GP_B2B,1,,PW,BKP2601129429,Default Vendor,PRIME260800026899,Hemant01,KORBA - CITY CENTER PATHSHALA,55358,PWH
PWH20314,ERP-B2B-SALE-2026-23580,2026-08-13 12:14:00,2026-08-13 16:01:00,Franchise Contract,BKP2601129429,"PW Lakshya For NEET Hindi Edition Class 12 Physics, Chemistry, Botany and Zoology Modules with Solutions Combo Set of 13 Books (2026 Edition)",Size,2026-08-13 23:03:00,Bharat21,GP_KIT_02,3,,PW,BKP2601129429,Default Vendor,PRIME260800026899,Hemant01,KORBA - CITY CENTER PATHSHALA,55358,PWH
PWH20315,ERP-B2B-SALE-2026-23581,2026-08-13 12:14:00,2026-08-13 16:01:00,STO,BKP2601129429,"PW Lakshya For NEET Hindi Edition Class 12 Physics, Chemistry, Botany and Zoology Modules with Solutions Combo Set of 13 Books (2026 Edition)",Size,2026-08-13 23:05:00,Bharat21,GP_KIT_02,2,,PW,BKP2601129429,Default Vendor,PRIME260800026893,Hemant01,REWA PATHSHALA,55282,PWH
PWH20316,ERP-B2B-SALE-2026-23582,2026-08-13 12:14:00,2026-08-13 16:01:00,Franchise Contract,BKP2601129429,"PW Lakshya For NEET Hindi Edition Class 12 Physics, Chemistry, Botany and Zoology Modules with Solutions Combo Set of 13 Books (2026 Edition)",Size,2026-08-13 23:03:00,Bharat21,GP_KIT_02,2,,PW,BKP2601129429,Default Vendor,PRIME260800026898,Hemant01,SAGAR PATHSHALA,55358,PWH
PWH20317,ERP-B2B-SALE-2026-23583,2026-08-13 12:14:00,2026-08-13 16:01:00,Franchise Contract,BKP2601129429,"PW Lakshya For NEET Hindi Edition Class 12 Physics, Chemistry, Botany and Zoology Modules with Solutions Combo Set of 13 Books (2026 Edition)",Size,2026-08-13 23:03:00,Bharat21,GP_KIT_02,2,,PW,BKP2601129429,Default Vendor,PRIME260800026897,Hemant01,SAMASTIPUR PATHSHALA,55358,PWH
PWH20318,ERP-B2B-SALE-2026-23584,2026-08-13 12:14:00,2026-08-13 16:01:00,STO,BKP2601129429,"PW Lakshya For NEET Hindi Edition Class 12 Physics, Chemistry, Botany and Zoology Modules with Solutions Combo Set of 13 Books (2026 Edition)",Size,2026-08-13 23:05:00,Bharat21,GP_KIT_02,2,,PW,BKP2601129429,Default Vendor,PRIME260800026892,Hemant01,SATNA PATHSHALA,55282,PWH
PWH20319,ERP-B2B-SALE-2026-23570,2026-08-13 12:09:00,2026-08-13 16:01:00,STO,BKP2601606868,"Lakshya JEE Main & Advanced Hindi Edition Class 12 Physics, Chemistry and Mathematics Modules with Solutions Combo Set of 12 Books (2026 Edition)",Size,2026-08-13 21:43:00,Bharat21,MTR.G1.R26.A06.L1.B2,2,,PW,BKP2601606868,Default Vendor,PRIME260800026891,Hemant01,BIJNOR PATHSHALA,55283,PWH
PWH20320,ERP-B2B-SALE-2026-23571,2026-08-13 12:09:00,2026-08-13 16:01:00,STO,BKP2601606868,"Lakshya JEE Main & Advanced Hindi Edition Class 12 Physics, Chemistry and Mathematics Modules with Solutions Combo Set of 12 Books (2026 Edition)",Size,2026-08-13 21:43:00,Bharat21,MTR.G1.R26.A06.L1.B2,2,,PW,BKP2601606868,Default Vendor,PRIME260800026890,Hemant01,DEORIA PATHSHALA,55283,PWH
PWH20321,ERP-B2B-SALE-2026-23572,2026-08-13 12:09:00,2026-08-13 16:01:00,STO,BKP2601606868,"Lakshya JEE Main & Advanced Hindi Edition Class 12 Physics, Chemistry and Mathematics Modules with Solutions Combo Set of 12 Books (2026 Edition)",Size,2026-08-13 21:43:00,Bharat21,MTR.G1.R26.A06.L1.B2,2,,PW,BKP2601606868,Default Vendor,PRIME260800026888,Hemant01,GHAZIPUR PATHSHALA,55283,PWH
PWH20322,ERP-B2B-SALE-2026-23573,2026-08-13 12:09:00,2026-08-13 16:01:00,Franchise Contract,BKP2601606868,"Lakshya JEE Main & Advanced Hindi Edition Class 12 Physics, Chemistry and Mathematics Modules with Solutions Combo Set of 12 Books (2026 Edition)",Size,2026-08-13 21:38:00,Bharat21,MTR.G1.R26.A06.L1.B2,2,,PW,BKP2601606868,Default Vendor,PRIME260800026903,Hemant01,KORBA - CITY CENTER PATHSHALA,55359,PWH
PWH20323,ERP-B2B-SALE-2026-23574,2026-08-13 12:09:00,2026-08-13 16:01:00,Franchise Contract,BKP2601606868,"Lakshya JEE Main & Advanced Hindi Edition Class 12 Physics, Chemistry and Mathematics Modules with Solutions Combo Set of 12 Books (2026 Edition)",Size,2026-08-13 21:38:00,Bharat21,MTR.G1.R26.A06.L1.B2,3,,PW,BKP2601606868,Default Vendor,PRIME260800026902,Hemant01,RAIGARH PATHSHALA,55359,PWH
PWH20324,ERP-B2B-SALE-2026-23575,2026-08-13 12:09:00,2026-08-13 16:01:00,STO,BKP2601606868,"Lakshya JEE Main & Advanced Hindi Edition Class 12 Physics, Chemistry and Mathematics Modules with Solutions Combo Set of 12 Books (2026 Edition)",Size,2026-08-13 22:31:00,Bharat21,MTR.G1.R26.A06.L1.B2,1,,PW,BKP2601606868,Default Vendor,PRIME260800026887,Hemant01,REWA PATHSHALA,55283,PWH
PWH20324,ERP-B2B-SALE-2026-23575,2026-08-13 12:09:00,2026-08-13 16:01:00,STO,BKP2601606868,"Lakshya JEE Main & Advanced Hindi Edition Class 12 Physics, Chemistry and Mathematics Modules with Solutions Combo Set of 12 Books (2026 Edition)",Size,2026-08-13 21:08:00,Bharat21,MTR.G2.R33.A10.L2.B1,2,,PW,BKP2601606868,Default Vendor,PRIME260800026887,Hemant01,REWA PATHSHALA,55283,PWH
PWH20324,ERP-B2B-SALE-2026-23575,2026-08-13 12:09:00,2026-08-13 16:01:00,STO,BKP2601606868,"Lakshya JEE Main & Advanced Hindi Edition Class 12 Physics, Chemistry and Mathematics Modules with Solutions Combo Set of 12 Books (2026 Edition)",Size,2026-08-13 21:43:00,Bharat21,MTR.G1.R26.A06.L1.B2,1,,PW,BKP2601606868,Default Vendor,PRIME260800026887,Hemant01,REWA PATHSHALA,55283,PWH
PWH20325,ERP-B2B-SALE-2026-23576,2026-08-13 12:09:00,2026-08-13 16:01:00,Franchise Contract,BKP2601606868,"Lakshya JEE Main & Advanced Hindi Edition Class 12 Physics, Chemistry and Mathematics Modules with Solutions Combo Set of 12 Books (2026 Edition)",Size,2026-08-13 20:57:00,Bharat21,MTR.G2.R33.A10.L2.B1,2,,PW,BKP2601606868,Default Vendor,PRIME260800026901,Hemant01,SAMASTIPUR PATHSHALA,55359,PWH
PWH20327,ERP-B2B-SALE-2026-23563,2026-08-13 12:04:00,2026-08-13 16:03:00,STO,BKP2602158905,"PW Arjuna For NEET Hindi Class 11 Physics, Chemistry, Botany and Zoology Modules with Solutions Combo Set of 13 Books (2026 Edition)",Size,2026-08-13 21:10:00,Bharat21,MTR.G2.R27.A04.L2.B1,2,,PW,BKP2602158905,Default Vendor,PRIME260800026886,Hemant01,PHYSICSWALLAH LIMITED,55284,PWH
PWH20328,ERP-B2B-SALE-2026-23564,2026-08-13 12:04:00,2026-08-13 16:03:00,STO,BKP2602158905,"PW Arjuna For NEET Hindi Class 11 Physics, Chemistry, Botany and Zoology Modules with Solutions Combo Set of 13 Books (2026 Edition)",Size,2026-08-13 21:10:00,Bharat21,MTR.G2.R27.A04.L2.B1,2,,PW,BKP2602158905,Default Vendor,PRIME260800026885,Hemant01,REWA PATHSHALA,55284,PWH
PWH20329,ERP-B2B-SALE-2026-23565,2026-08-13 12:04:00,2026-08-13 16:03:00,Franchise Contract,BKP2602158905,"PW Arjuna For NEET Hindi Class 11 Physics, Chemistry, Botany and Zoology Modules with Solutions Combo Set of 13 Books (2026 Edition)",Size,2026-08-13 20:55:00,Bharat21,MTR.G2.R27.A04.L2.B1,1,,PW,BKP2602158905,Default Vendor,PRIME260800026778,Sunil23,SAGAR PATHSHALA,55360,PWH
PWH20329,ERP-B2B-SALE-2026-23565,2026-08-13 12:04:00,2026-08-13 16:03:00,Franchise Contract,BKP2602158905,"PW Arjuna For NEET Hindi Class 11 Physics, Chemistry, Botany and Zoology Modules with Solutions Combo Set of 13 Books (2026 Edition)",Size,2026-08-13 22:11:00,Bharat21,SPR.R29.A8.L1.B1,1,,PW,BKP2602158905,Default Vendor,PRIME260800026778,Sunil23,SAGAR PATHSHALA,55360,PWH
PWH20358,ERP-B2B-SALE-2026-23617,2026-08-13 15:54:00,2026-08-13 16:04:00,Third Party,ATV2405005547,"Montessori Toy Family Tree Game Kit for Kids Ages 4, 5, 6, 7, 8, 9, 10 Years with Clue Cards, Riddles & Wooden Blocks to learn 4 Generations | Board Games for Children and Adults",Size,2026-08-13 20:53:00,ANAS02,SPR.R20.UP.L1.B1,6,,PW,ATV2405005547,Default Vendor,PRIME260800026906,Princeob,ZEPTO MUMBAI WAREHOUSE,55310,PWH
PWH20358,ERP-B2B-SALE-2026-23617,2026-08-13 15:54:00,2026-08-13 16:04:00,Third Party,STT2307004685,White Board Marker-Blue,,2026-08-13 20:48:00,ANAS02,MTR.G1.R27.A01.L4.B1,40,,PW,STT2307004685,Default Vendor,PRIME260800027003,Princeob,ZEPTO MUMBAI WAREHOUSE,55310,PWH
PWH20358,ERP-B2B-SALE-2026-23617,2026-08-13 15:54:00,2026-08-13 16:04:00,Third Party,ATV2510017535,"Junior Science Kit  for Girls and Boys Age 4,5,6,7,8,9,10,11,12,13,14 Years Old, Science Kit for Kids for Birthday Gifts, 50+ Experiments of Color, Craft & Science",,2026-08-13 20:30:00,ANAS02,gp_kit_01,6,,PW,ATV2510017535,Default Vendor,PRIME260800026910,Princeob,ZEPTO MUMBAI WAREHOUSE,55310,PWH
PWH20358,ERP-B2B-SALE-2026-23617,2026-08-13 15:54:00,2026-08-13 16:04:00,Third Party,ATV2508005629,"PW CuriousJr. Electricity & Magnetism Science Project Kit for Boys & Girls Age 8, 9, 10, 11, 12, 13, 14 Years| STEM Learning | Educational Toy and Experiment Kit",,2026-08-13 20:37:00,ANAS02,CA.KIT.G0,6,,PW,ATV2508005629,Default Vendor,PRIME260800026992,Princeob,ZEPTO MUMBAI WAREHOUSE,55310,PWH
PWH20358,ERP-B2B-SALE-2026-23617,2026-08-13 15:54:00,2026-08-13 16:04:00,Third Party,ATV2502005548,"PW Science Kit for School Projects Age 8,9,10,11,12,13,14 & 15 Years Old | 25+ Science Experiments | Educational Learning STEM Toys | Science Gift Set for Girls & Boys",,2026-08-13 20:34:00,ANAS02,GP_KIT_08,12,,PW,ATV2502005548,Default Vendor,PRIME260800026916,Princeob,ZEPTO MUMBAI WAREHOUSE,55310,PWH
PWH20358,ERP-B2B-SALE-2026-23617,2026-08-13 15:54:00,2026-08-13 16:04:00,Third Party,ATV2509005635,"Curious Jr. Light, Shadow & Optical Instruments Project Kit for Kids Ages 8, 9, 10, 11, 12, 13, 14 Years | STEM Learning & Educational Toy, Kit| Kaleidoscope | Periscope | Pinhole camera",,2026-08-13 20:45:00,ANAS02,MTR.G2.R20.A05.L4.B2,6,,PW,ATV2509005635,Default Vendor,PRIME260800027004,Princeob,ZEPTO MUMBAI WAREHOUSE,55310,PWH
PWH20358,ERP-B2B-SALE-2026-23617,2026-08-13 15:54:00,2026-08-13 16:04:00,Third Party,ATV2509005637,"PW Ramayana Kit – The Tale of Ram & Sita for Kids, 6-in-1 Fun Activity & Family Board Game, Diwali Kit, Learn 100+ Ramayana Facts with Puzzles, Booklet, Family Tree, Gift for Kids Ages 8–14 Years",,2026-08-13 20:58:00,ANAS02,SPR.R16.A9.L6.B2,12,,PW,ATV2509005637,Default Vendor,PRIME260800026914,Princeob,ZEPTO MUMBAI WAREHOUSE,55310,PWH
PWH20358,ERP-B2B-SALE-2026-23617,2026-08-13 15:54:00,2026-08-13 16:04:00,Third Party,ATV2602019180,"PW Slime Kit for Girls and Boys Age 4,5,6,7,8,9,10,11,12,13,14 Years Old, Unicorn, Astronaut, Mermaid, Dinosaurs, Glitters and Perfume Slime Kit | Birthday Gifts for Boys and Girls",Size,2026-08-13 20:40:00,ANAS02,CA.MTR.G0.R10,12,,PW,ATV2602019180,Default Vendor,PRIME260800026909,Princeob,ZEPTO MUMBAI WAREHOUSE,55310,PWH
PWH20358,ERP-B2B-SALE-2026-23617,2026-08-13 15:54:00,2026-08-13 16:04:00,Third Party,STT2307004673,White Board Marker-Black,,2026-08-14 10:48:00,Abhi12,MTR.G2.R42.A03.L4.B2,60,,PW,STT2307004673,Default Vendor,PRIME260800027862,Princeob,ZEPTO MUMBAI WAREHOUSE,55310,PWH
PWH20358,ERP-B2B-SALE-2026-23617,2026-08-13 15:54:00,2026-08-13 16:04:00,Third Party,ATV2509005637,"PW Ramayana Kit – The Tale of Ram & Sita for Kids, 6-in-1 Fun Activity & Family Board Game, Diwali Kit, Learn 100+ Ramayana Facts with Puzzles, Booklet, Family Tree, Gift for Kids Ages 8–14 Years",,2026-08-13 20:58:00,ANAS02,SPR.R16.A9.L6.B2,12,,PW,ATV2509005637,Default Vendor,PRIME260800026915,Princeob,ZEPTO MUMBAI WAREHOUSE,55310,PWH
PWH20358,ERP-B2B-SALE-2026-23617,2026-08-13 15:54:00,2026-08-13 16:04:00,Third Party,ATV2510017535,"Junior Science Kit  for Girls and Boys Age 4,5,6,7,8,9,10,11,12,13,14 Years Old, Science Kit for Kids for Birthday Gifts, 50+ Experiments of Color, Craft & Science",,2026-08-13 20:30:00,ANAS02,gp_kit_01,12,,PW,ATV2510017535,Default Vendor,PRIME260800026913,Princeob,ZEPTO MUMBAI WAREHOUSE,55310,PWH
PWH20358,ERP-B2B-SALE-2026-23617,2026-08-13 15:54:00,2026-08-13 16:04:00,Third Party,ATV2510017535,"Junior Science Kit  for Girls and Boys Age 4,5,6,7,8,9,10,11,12,13,14 Years Old, Science Kit for Kids for Birthday Gifts, 50+ Experiments of Color, Craft & Science",,2026-08-13 20:30:00,ANAS02,gp_kit_01,12,,PW,ATV2510017535,Default Vendor,PRIME260800026912,Princeob,ZEPTO MUMBAI WAREHOUSE,55310,PWH
PWH20358,ERP-B2B-SALE-2026-23617,2026-08-13 15:54:00,2026-08-13 16:04:00,Third Party,ATV2510017535,"Junior Science Kit  for Girls and Boys Age 4,5,6,7,8,9,10,11,12,13,14 Years Old, Science Kit for Kids for Birthday Gifts, 50+ Experiments of Color, Craft & Science",,2026-08-13 20:30:00,ANAS02,gp_kit_01,12,,PW,ATV2510017535,Default Vendor,PRIME260800026911,Princeob,ZEPTO MUMBAI WAREHOUSE,55310,PWH
PWH20358,ERP-B2B-SALE-2026-23617,2026-08-13 15:54:00,2026-08-13 16:04:00,Third Party,ATV2602019180,"PW Slime Kit for Girls and Boys Age 4,5,6,7,8,9,10,11,12,13,14 Years Old, Unicorn, Astronaut, Mermaid, Dinosaurs, Glitters and Perfume Slime Kit | Birthday Gifts for Boys and Girls",Size,2026-08-13 20:40:00,ANAS02,CA.MTR.G0.R10,12,,PW,ATV2602019180,Default Vendor,PRIME260800026941,Princeob,ZEPTO MUMBAI WAREHOUSE,55310,PWH
PWH20358,ERP-B2B-SALE-2026-23617,2026-08-13 15:54:00,2026-08-13 16:04:00,Third Party,ATV2602019180,"PW Slime Kit for Girls and Boys Age 4,5,6,7,8,9,10,11,12,13,14 Years Old, Unicorn, Astronaut, Mermaid, Dinosaurs, Glitters and Perfume Slime Kit | Birthday Gifts for Boys and Girls",Size,2026-08-13 20:40:00,ANAS02,CA.MTR.G0.R10,12,,PW,ATV2602019180,Default Vendor,PRIME260800026942,Princeob,ZEPTO MUMBAI WAREHOUSE,55310,PWH
PWH20358,ERP-B2B-SALE-2026-23617,2026-08-13 15:54:00,2026-08-13 16:04:00,Third Party,ATV2602019180,"PW Slime Kit for Girls and Boys Age 4,5,6,7,8,9,10,11,12,13,14 Years Old, Unicorn, Astronaut, Mermaid, Dinosaurs, Glitters and Perfume Slime Kit | Birthday Gifts for Boys and Girls",Size,2026-08-13 20:40:00,ANAS02,CA.MTR.G0.R10,12,,PW,ATV2602019180,Default Vendor,PRIME260800026943,Princeob,ZEPTO MUMBAI WAREHOUSE,55310,PWH
PWH20358,ERP-B2B-SALE-2026-23617,2026-08-13 15:54:00,2026-08-13 16:04:00,Third Party,ATV2602019180,"PW Slime Kit for Girls and Boys Age 4,5,6,7,8,9,10,11,12,13,14 Years Old, Unicorn, Astronaut, Mermaid, Dinosaurs, Glitters and Perfume Slime Kit | Birthday Gifts for Boys and Girls",Size,2026-08-13 20:40:00,ANAS02,CA.MTR.G0.R10,12,,PW,ATV2602019180,Default Vendor,PRIME260800026944,Princeob,ZEPTO MUMBAI WAREHOUSE,55310,PWH
PWH20358,ERP-B2B-SALE-2026-23617,2026-08-13 15:54:00,2026-08-13 16:04:00,Third Party,ATV2602019180,"PW Slime Kit for Girls and Boys Age 4,5,6,7,8,9,10,11,12,13,14 Years Old, Unicorn, Astronaut, Mermaid, Dinosaurs, Glitters and Perfume Slime Kit | Birthday Gifts for Boys and Girls",Size,2026-08-13 20:40:00,ANAS02,CA.MTR.G0.R10,12,,PW,ATV2602019180,Default Vendor,PRIME260800026945,Princeob,ZEPTO MUMBAI WAREHOUSE,55310,PWH
PWH20358,ERP-B2B-SALE-2026-23617,2026-08-13 15:54:00,2026-08-13 16:04:00,Third Party,ATV2508005629,"PW CuriousJr. Electricity & Magnetism Science Project Kit for Boys & Girls Age 8, 9, 10, 11, 12, 13, 14 Years| STEM Learning | Educational Toy and Experiment Kit",,2026-08-13 20:37:00,ANAS02,CA.KIT.G0,12,,PW,ATV2508005629,Default Vendor,PRIME260800026990,Princeob,ZEPTO MUMBAI WAREHOUSE,55310,PWH
PWH20358,ERP-B2B-SALE-2026-23617,2026-08-13 15:54:00,2026-08-13 16:04:00,Third Party,ATV2508005629,"PW CuriousJr. Electricity & Magnetism Science Project Kit for Boys & Girls Age 8, 9, 10, 11, 12, 13, 14 Years| STEM Learning | Educational Toy and Experiment Kit",,2026-08-13 20:37:00,ANAS02,CA.KIT.G0,12,,PW,ATV2508005629,Default Vendor,PRIME260800026991,Princeob,ZEPTO MUMBAI WAREHOUSE,55310,PWH
PWH20358,ERP-B2B-SALE-2026-23617,2026-08-13 15:54:00,2026-08-14 11:26:00,Third Party,STT2310004881,Trigonal Pen (Set of 5),Size,2026-08-14 12:01:00,Vinodpal,GP_B2B,1,,PW,STT2310004881,Default Vendor,PRIME260800026906,Princeob,ZEPTO MUMBAI WAREHOUSE,55444,PWH
PWH20358,ERP-B2B-SALE-2026-23617,2026-08-13 15:54:00,2026-08-14 11:26:00,Third Party,STT2310004881,Trigonal Pen (Set of 5),Size,2026-08-14 12:01:00,Vinodpal,GP_B2B,59,,PW,STT2310004881,Default Vendor,PRIME260800026906,Princeob,ZEPTO MUMBAI WAREHOUSE,55444,PWH
PWH20359,ERP-B2B-SALE-2026-23616,2026-08-13 15:54:00,2026-08-13 16:04:00,Third Party,ATV2509005637,"PW Ramayana Kit – The Tale of Ram & Sita for Kids, 6-in-1 Fun Activity & Family Board Game, Diwali Kit, Learn 100+ Ramayana Facts with Puzzles, Booklet, Family Tree, Gift for Kids Ages 8–14 Years",,2026-08-13 22:51:00,Vinodpal,SPR.R16.A9.L6.B2,6,,PW,ATV2509005637,Default Vendor,PRIME260800026953,Princeob,ZEPTO CHENNAI WAREHOUSE,55313,PWH
PWH20359,ERP-B2B-SALE-2026-23616,2026-08-13 15:54:00,2026-08-13 16:04:00,Third Party,ATV2502005548,"PW Science Kit for School Projects Age 8,9,10,11,12,13,14 & 15 Years Old | 25+ Science Experiments | Educational Learning STEM Toys | Science Gift Set for Girls & Boys",,2026-08-13 22:46:00,Vinodpal,GP_KIT_08,12,,PW,ATV2502005548,Default Vendor,PRIME260800026952,Princeob,ZEPTO CHENNAI WAREHOUSE,55313,PWH
PWH20359,ERP-B2B-SALE-2026-23616,2026-08-13 15:54:00,2026-08-13 16:04:00,Third Party,STT2307004685,White Board Marker-Blue,,2026-08-13 22:31:00,Vinodpal,MTR.G1.R27.A01.L4.B1,60,,PW,STT2307004685,Default Vendor,PRIME260800026946,Princeob,ZEPTO CHENNAI WAREHOUSE,55313,PWH
PWH20359,ERP-B2B-SALE-2026-23616,2026-08-13 15:54:00,2026-08-13 16:04:00,Third Party,ATV2602019180,"PW Slime Kit for Girls and Boys Age 4,5,6,7,8,9,10,11,12,13,14 Years Old, Unicorn, Astronaut, Mermaid, Dinosaurs, Glitters and Perfume Slime Kit | Birthday Gifts for Boys and Girls",Size,2026-08-13 22:20:00,Vinodpal,CA.MTR.G0.R10,12,,PW,ATV2602019180,Default Vendor,PRIME260800026940,Princeob,ZEPTO CHENNAI WAREHOUSE,55313,PWH
PWH20359,ERP-B2B-SALE-2026-23616,2026-08-13 15:54:00,2026-08-13 16:04:00,Third Party,STT2307004673,White Board Marker-Black,,2026-08-14 11:12:00,SumitPal,MTR.G2.R42.A03.L4.B2,70,,PW,STT2307004673,Default Vendor,PRIME260800027635,Princeob,ZEPTO CHENNAI WAREHOUSE,55313,PWH
PWH20359,ERP-B2B-SALE-2026-23616,2026-08-13 15:54:00,2026-08-13 16:04:00,Third Party,ATV2510017535,"Junior Science Kit  for Girls and Boys Age 4,5,6,7,8,9,10,11,12,13,14 Years Old, Science Kit for Kids for Birthday Gifts, 50+ Experiments of Color, Craft & Science",,2026-08-13 22:43:00,Vinodpal,gp_kit_01,12,,PW,ATV2510017535,Default Vendor,PRIME260800026948,Princeob,ZEPTO CHENNAI WAREHOUSE,55313,PWH
PWH20359,ERP-B2B-SALE-2026-23616,2026-08-13 15:54:00,2026-08-13 16:04:00,Third Party,ATV2508005629,"PW CuriousJr. Electricity & Magnetism Science Project Kit for Boys & Girls Age 8, 9, 10, 11, 12, 13, 14 Years| STEM Learning | Educational Toy and Experiment Kit",,2026-08-13 22:23:00,Vinodpal,CA.MTR.G2.R10,6,,PW,ATV2508005629,Default Vendor,PRIME260800026830,Princeob,ZEPTO CHENNAI WAREHOUSE,55313,PWH
PWH20359,ERP-B2B-SALE-2026-23616,2026-08-13 15:54:00,2026-08-13 16:04:00,Third Party,ATV2504005541,"PW Mini Slime Kit for Girls and Boys Age 4,5,6,7,8,9,10,11,12,13,14 Years Old, Unicorn, Astronaut, Mermaid, Dinosaurs, Glitters and Perfume Slime Kit | Birthday Gifts for Boys and Girls",Size,2026-08-13 22:25:00,Vinodpal,CA.MTR.G1.R21,21,,PW,ATV2504005541,Default Vendor,PRIME260800026826,Princeob,ZEPTO CHENNAI WAREHOUSE,55313,PWH
PWH20359,ERP-B2B-SALE-2026-23616,2026-08-13 15:54:00,2026-08-13 16:04:00,Third Party,ATV2504005541,"PW Mini Slime Kit for Girls and Boys Age 4,5,6,7,8,9,10,11,12,13,14 Years Old, Unicorn, Astronaut, Mermaid, Dinosaurs, Glitters and Perfume Slime Kit | Birthday Gifts for Boys and Girls",Size,2026-08-13 22:25:00,Vinodpal,CA.MTR.G1.R21,21,,PW,ATV2504005541,Default Vendor,PRIME260800026825,Princeob,ZEPTO CHENNAI WAREHOUSE,55313,PWH
PWH20359,ERP-B2B-SALE-2026-23616,2026-08-13 15:54:00,2026-08-13 16:04:00,Third Party,ATV2508005629,"PW CuriousJr. Electricity & Magnetism Science Project Kit for Boys & Girls Age 8, 9, 10, 11, 12, 13, 14 Years| STEM Learning | Educational Toy and Experiment Kit",,2026-08-13 22:23:00,Vinodpal,CA.MTR.G2.R10,12,,PW,ATV2508005629,Default Vendor,PRIME260800026827,Princeob,ZEPTO CHENNAI WAREHOUSE,55313,PWH
PWH20359,ERP-B2B-SALE-2026-23616,2026-08-13 15:54:00,2026-08-13 16:04:00,Third Party,ATV2508005629,"PW CuriousJr. Electricity & Magnetism Science Project Kit for Boys & Girls Age 8, 9, 10, 11, 12, 13, 14 Years| STEM Learning | Educational Toy and Experiment Kit",,2026-08-13 22:23:00,Vinodpal,CA.MTR.G2.R10,12,,PW,ATV2508005629,Default Vendor,PRIME260800026828,Princeob,ZEPTO CHENNAI WAREHOUSE,55313,PWH
PWH20359,ERP-B2B-SALE-2026-23616,2026-08-13 15:54:00,2026-08-13 16:04:00,Third Party,ATV2508005629,"PW CuriousJr. Electricity & Magnetism Science Project Kit for Boys & Girls Age 8, 9, 10, 11, 12, 13, 14 Years| STEM Learning | Educational Toy and Experiment Kit",,2026-08-13 22:23:00,Vinodpal,CA.MTR.G2.R10,12,,PW,ATV2508005629,Default Vendor,PRIME260800026829,Princeob,ZEPTO CHENNAI WAREHOUSE,55313,PWH
PWH20359,ERP-B2B-SALE-2026-23616,2026-08-13 15:54:00,2026-08-13 16:04:00,Third Party,ATV2510017535,"Junior Science Kit  for Girls and Boys Age 4,5,6,7,8,9,10,11,12,13,14 Years Old, Science Kit for Kids for Birthday Gifts, 50+ Experiments of Color, Craft & Science",,2026-08-13 22:43:00,Vinodpal,gp_kit_01,12,,PW,ATV2510017535,Default Vendor,PRIME260800026951,Princeob,ZEPTO CHENNAI WAREHOUSE,55313,PWH
PWH20359,ERP-B2B-SALE-2026-23616,2026-08-13 15:54:00,2026-08-13 16:04:00,Third Party,ATV2510017535,"Junior Science Kit  for Girls and Boys Age 4,5,6,7,8,9,10,11,12,13,14 Years Old, Science Kit for Kids for Birthday Gifts, 50+ Experiments of Color, Craft & Science",,2026-08-13 22:43:00,Vinodpal,gp_kit_01,12,,PW,ATV2510017535,Default Vendor,PRIME260800026950,Princeob,ZEPTO CHENNAI WAREHOUSE,55313,PWH
PWH20359,ERP-B2B-SALE-2026-23616,2026-08-13 15:54:00,2026-08-13 16:04:00,Third Party,ATV2510017535,"Junior Science Kit  for Girls and Boys Age 4,5,6,7,8,9,10,11,12,13,14 Years Old, Science Kit for Kids for Birthday Gifts, 50+ Experiments of Color, Craft & Science",,2026-08-13 22:43:00,Vinodpal,gp_kit_01,12,,PW,ATV2510017535,Default Vendor,PRIME260800026949,Princeob,ZEPTO CHENNAI WAREHOUSE,55313,PWH
PWH20359,ERP-B2B-SALE-2026-23616,2026-08-13 15:54:00,2026-08-13 16:04:00,Third Party,STT2307004685,White Board Marker-Blue,,2026-08-13 22:31:00,Vinodpal,MTR.G1.R27.A01.L4.B1,60,,PW,STT2307004685,Default Vendor,PRIME260800026947,Princeob,ZEPTO CHENNAI WAREHOUSE,55313,PWH
PWH20359,ERP-B2B-SALE-2026-23616,2026-08-13 15:54:00,2026-08-13 16:04:00,Third Party,ATV2602019180,"PW Slime Kit for Girls and Boys Age 4,5,6,7,8,9,10,11,12,13,14 Years Old, Unicorn, Astronaut, Mermaid, Dinosaurs, Glitters and Perfume Slime Kit | Birthday Gifts for Boys and Girls",Size,2026-08-13 22:20:00,Vinodpal,CA.MTR.G0.R10,12,,PW,ATV2602019180,Default Vendor,PRIME260800026929,Princeob,ZEPTO CHENNAI WAREHOUSE,55313,PWH
PWH20359,ERP-B2B-SALE-2026-23616,2026-08-13 15:54:00,2026-08-13 16:04:00,Third Party,ATV2602019180,"PW Slime Kit for Girls and Boys Age 4,5,6,7,8,9,10,11,12,13,14 Years Old, Unicorn, Astronaut, Mermaid, Dinosaurs, Glitters and Perfume Slime Kit | Birthday Gifts for Boys and Girls",Size,2026-08-13 22:20:00,Vinodpal,CA.MTR.G0.R10,12,,PW,ATV2602019180,Default Vendor,PRIME260800026930,Princeob,ZEPTO CHENNAI WAREHOUSE,55313,PWH
PWH20359,ERP-B2B-SALE-2026-23616,2026-08-13 15:54:00,2026-08-13 16:04:00,Third Party,ATV2602019180,"PW Slime Kit for Girls and Boys Age 4,5,6,7,8,9,10,11,12,13,14 Years Old, Unicorn, Astronaut, Mermaid, Dinosaurs, Glitters and Perfume Slime Kit | Birthday Gifts for Boys and Girls",Size,2026-08-13 22:20:00,Vinodpal,CA.MTR.G0.R10,12,,PW,ATV2602019180,Default Vendor,PRIME260800026931,Princeob,ZEPTO CHENNAI WAREHOUSE,55313,PWH
PWH20359,ERP-B2B-SALE-2026-23616,2026-08-13 15:54:00,2026-08-13 16:04:00,Third Party,ATV2602019180,"PW Slime Kit for Girls and Boys Age 4,5,6,7,8,9,10,11,12,13,14 Years Old, Unicorn, Astronaut, Mermaid, Dinosaurs, Glitters and Perfume Slime Kit | Birthday Gifts for Boys and Girls",Size,2026-08-13 22:20:00,Vinodpal,CA.MTR.G0.R10,12,,PW,ATV2602019180,Default Vendor,PRIME260800026932,Princeob,ZEPTO CHENNAI WAREHOUSE,55313,PWH
PWH20359,ERP-B2B-SALE-2026-23616,2026-08-13 15:54:00,2026-08-13 16:04:00,Third Party,ATV2602019180,"PW Slime Kit for Girls and Boys Age 4,5,6,7,8,9,10,11,12,13,14 Years Old, Unicorn, Astronaut, Mermaid, Dinosaurs, Glitters and Perfume Slime Kit | Birthday Gifts for Boys and Girls",Size,2026-08-13 22:20:00,Vinodpal,CA.MTR.G0.R10,12,,PW,ATV2602019180,Default Vendor,PRIME260800026933,Princeob,ZEPTO CHENNAI WAREHOUSE,55313,PWH
PWH20359,ERP-B2B-SALE-2026-23616,2026-08-13 15:54:00,2026-08-13 16:04:00,Third Party,ATV2602019180,"PW Slime Kit for Girls and Boys Age 4,5,6,7,8,9,10,11,12,13,14 Years Old, Unicorn, Astronaut, Mermaid, Dinosaurs, Glitters and Perfume Slime Kit | Birthday Gifts for Boys and Girls",Size,2026-08-13 22:20:00,Vinodpal,CA.MTR.G0.R10,12,,PW,ATV2602019180,Default Vendor,PRIME260800026934,Princeob,ZEPTO CHENNAI WAREHOUSE,55313,PWH
PWH20359,ERP-B2B-SALE-2026-23616,2026-08-13 15:54:00,2026-08-13 16:04:00,Third Party,ATV2602019180,"PW Slime Kit for Girls and Boys Age 4,5,6,7,8,9,10,11,12,13,14 Years Old, Unicorn, Astronaut, Mermaid, Dinosaurs, Glitters and Perfume Slime Kit | Birthday Gifts for Boys and Girls",Size,2026-08-13 22:20:00,Vinodpal,CA.MTR.G0.R10,12,,PW,ATV2602019180,Default Vendor,PRIME260800026935,Princeob,ZEPTO CHENNAI WAREHOUSE,55313,PWH
PWH20359,ERP-B2B-SALE-2026-23616,2026-08-13 15:54:00,2026-08-13 16:04:00,Third Party,ATV2602019180,"PW Slime Kit for Girls and Boys Age 4,5,6,7,8,9,10,11,12,13,14 Years Old, Unicorn, Astronaut, Mermaid, Dinosaurs, Glitters and Perfume Slime Kit | Birthday Gifts for Boys and Girls",Size,2026-08-13 22:20:00,Vinodpal,CA.MTR.G0.R10,12,,PW,ATV2602019180,Default Vendor,PRIME260800026936,Princeob,ZEPTO CHENNAI WAREHOUSE,55313,PWH
PWH20359,ERP-B2B-SALE-2026-23616,2026-08-13 15:54:00,2026-08-13 16:04:00,Third Party,ATV2602019180,"PW Slime Kit for Girls and Boys Age 4,5,6,7,8,9,10,11,12,13,14 Years Old, Unicorn, Astronaut, Mermaid, Dinosaurs, Glitters and Perfume Slime Kit | Birthday Gifts for Boys and Girls",Size,2026-08-13 22:20:00,Vinodpal,CA.MTR.G0.R10,12,,PW,ATV2602019180,Default Vendor,PRIME260800026937,Princeob,ZEPTO CHENNAI WAREHOUSE,55313,PWH
PWH20359,ERP-B2B-SALE-2026-23616,2026-08-13 15:54:00,2026-08-13 16:04:00,Third Party,ATV2602019180,"PW Slime Kit for Girls and Boys Age 4,5,6,7,8,9,10,11,12,13,14 Years Old, Unicorn, Astronaut, Mermaid, Dinosaurs, Glitters and Perfume Slime Kit | Birthday Gifts for Boys and Girls",Size,2026-08-13 22:20:00,Vinodpal,CA.MTR.G0.R10,12,,PW,ATV2602019180,Default Vendor,PRIME260800026938,Princeob,ZEPTO CHENNAI WAREHOUSE,55313,PWH
PWH20359,ERP-B2B-SALE-2026-23616,2026-08-13 15:54:00,2026-08-13 16:04:00,Third Party,ATV2602019180,"PW Slime Kit for Girls and Boys Age 4,5,6,7,8,9,10,11,12,13,14 Years Old, Unicorn, Astronaut, Mermaid, Dinosaurs, Glitters and Perfume Slime Kit | Birthday Gifts for Boys and Girls",Size,2026-08-13 22:20:00,Vinodpal,CA.MTR.G0.R10,12,,PW,ATV2602019180,Default Vendor,PRIME260800026939,Princeob,ZEPTO CHENNAI WAREHOUSE,55313,PWH
PWH20359,ERP-B2B-SALE-2026-23616,2026-08-13 15:54:00,2026-08-13 16:04:00,Third Party,STT2307004673,White Board Marker-Black,,2026-08-14 11:12:00,SumitPal,MTR.G2.R42.A03.L4.B2,70,,PW,STT2307004673,Default Vendor,PRIME260800027636,Princeob,ZEPTO CHENNAI WAREHOUSE,55313,PWH
PWH20360,ERP-B2B-SALE-2026-23615,2026-08-13 15:54:00,2026-08-13 16:04:00,Third Party,ATV2504005541,"PW Mini Slime Kit for Girls and Boys Age 4,5,6,7,8,9,10,11,12,13,14 Years Old, Unicorn, Astronaut, Mermaid, Dinosaurs, Glitters and Perfume Slime Kit | Birthday Gifts for Boys and Girls",Size,2026-08-13 18:03:00,Saleem01,CA.MTR.G2.R12,18,,PW,ATV2504005541,Default Vendor,PRIME260800026802,Princeob,Zepto Private Limited,55314,PWH
PWH20360,ERP-B2B-SALE-2026-23615,2026-08-13 15:54:00,2026-08-13 16:04:00,Third Party,ATV2405005547,"Montessori Toy Family Tree Game Kit for Kids Ages 4, 5, 6, 7, 8, 9, 10 Years with Clue Cards, Riddles & Wooden Blocks to learn 4 Generations | Board Games for Children and Adults",Size,2026-08-13 18:44:00,Saleem01,SPR.R20.UP.L1.B1,12,,PW,ATV2405005547,Default Vendor,PRIME260800026809,Princeob,Zepto Private Limited,55314,PWH
PWH20360,ERP-B2B-SALE-2026-23615,2026-08-13 15:54:00,2026-08-13 16:04:00,Third Party,ATV2502005548,"PW Science Kit for School Projects Age 8,9,10,11,12,13,14 & 15 Years Old | 25+ Science Experiments | Educational Learning STEM Toys | Science Gift Set for Girls & Boys",,2026-08-13 18:26:00,Saleem01,GP_KIT_08,12,,PW,ATV2502005548,Default Vendor,PRIME260800026816,Ashu03,Zepto Private Limited,55314,PWH
PWH20360,ERP-B2B-SALE-2026-23615,2026-08-13 15:54:00,2026-08-13 16:04:00,Third Party,ATV2510017535,"Junior Science Kit  for Girls and Boys Age 4,5,6,7,8,9,10,11,12,13,14 Years Old, Science Kit for Kids for Birthday Gifts, 50+ Experiments of Color, Craft & Science",,2026-08-13 18:22:00,Saleem01,gp_kit_01,12,,PW,ATV2510017535,Default Vendor,PRIME260800026814,Ashu03,Zepto Private Limited,55314,PWH
PWH20360,ERP-B2B-SALE-2026-23615,2026-08-13 15:54:00,2026-08-13 16:04:00,Third Party,STT2307004742,PW Sticky Squares 3x3 Inch,,2026-08-13 17:54:00,Saleem01,MTR.G3.R22.A04.L2.B2,20,,PW,STT2307004742,Default Vendor,PRIME260800026832,Ashu03,Zepto Private Limited,55314,PWH
PWH20360,ERP-B2B-SALE-2026-23615,2026-08-13 15:54:00,2026-08-13 16:04:00,Third Party,ATV2511591235,"PW DIY Glow In the Dark Science Kit for Kids, 15+ Amazing Science Experiments, STEM Learning for 8-12 Years Old, Christmas Gift for Boys & Girls",,2026-08-13 18:17:00,Saleem01,CA.MTR.G0.R6,6,,PW,ATV2511591235,Default Vendor,PRIME260800026815,Ashu03,Zepto Private Limited,55314,PWH
PWH20360,ERP-B2B-SALE-2026-23615,2026-08-13 15:54:00,2026-08-13 16:04:00,Third Party,STT2307004685,White Board Marker-Blue,,2026-08-13 18:09:00,Saleem01,MTR.G1.R27.A01.L4.B1,50,,PW,STT2307004685,Default Vendor,PRIME260800026804,Princeob,Zepto Private Limited,55314,PWH
PWH20360,ERP-B2B-SALE-2026-23615,2026-08-13 15:54:00,2026-08-13 16:04:00,Third Party,ATV2602019180,"PW Slime Kit for Girls and Boys Age 4,5,6,7,8,9,10,11,12,13,14 Years Old, Unicorn, Astronaut, Mermaid, Dinosaurs, Glitters and Perfume Slime Kit | Birthday Gifts for Boys and Girls",Size,2026-08-13 18:17:00,Saleem01,CA.MTR.G0.R9,12,,PW,ATV2602019180,Default Vendor,PRIME260800026824,Ashu03,Zepto Private Limited,55314,PWH
PWH20360,ERP-B2B-SALE-2026-23615,2026-08-13 15:54:00,2026-08-13 16:04:00,Third Party,STT2307004673,White Board Marker-Black,,2026-08-13 17:40:00,Saleem01,MTR.G2.R42.A03.L4.B2,50,,PW,STT2307004673,Default Vendor,PRIME260800026808,Princeob,Zepto Private Limited,55314,PWH
PWH20360,ERP-B2B-SALE-2026-23615,2026-08-13 15:54:00,2026-08-13 16:04:00,Third Party,ATV2504005541,"PW Mini Slime Kit for Girls and Boys Age 4,5,6,7,8,9,10,11,12,13,14 Years Old, Unicorn, Astronaut, Mermaid, Dinosaurs, Glitters and Perfume Slime Kit | Birthday Gifts for Boys and Girls",Size,2026-08-13 18:03:00,Saleem01,CA.MTR.G2.R12,18,,PW,ATV2504005541,Default Vendor,PRIME260800026799,Princeob,Zepto Private Limited,55314,PWH
PWH20360,ERP-B2B-SALE-2026-23615,2026-08-13 15:54:00,2026-08-13 16:04:00,Third Party,ATV2504005541,"PW Mini Slime Kit for Girls and Boys Age 4,5,6,7,8,9,10,11,12,13,14 Years Old, Unicorn, Astronaut, Mermaid, Dinosaurs, Glitters and Perfume Slime Kit | Birthday Gifts for Boys and Girls",Size,2026-08-13 18:03:00,Saleem01,CA.MTR.G2.R12,18,,PW,ATV2504005541,Default Vendor,PRIME260800026800,Princeob,Zepto Private Limited,55314,PWH
PWH20360,ERP-B2B-SALE-2026-23615,2026-08-13 15:54:00,2026-08-13 16:04:00,Third Party,ATV2504005541,"PW Mini Slime Kit for Girls and Boys Age 4,5,6,7,8,9,10,11,12,13,14 Years Old, Unicorn, Astronaut, Mermaid, Dinosaurs, Glitters and Perfume Slime Kit | Birthday Gifts for Boys and Girls",Size,2026-08-13 18:03:00,Saleem01,CA.MTR.G2.R12,18,,PW,ATV2504005541,Default Vendor,PRIME260800026801,Princeob,Zepto Private Limited,55314,PWH
PWH20360,ERP-B2B-SALE-2026-23615,2026-08-13 15:54:00,2026-08-13 16:04:00,Third Party,STT2307004685,White Board Marker-Blue,,2026-08-13 18:09:00,Saleem01,MTR.G1.R27.A01.L4.B1,50,,PW,STT2307004685,Default Vendor,PRIME260800026803,Princeob,Zepto Private Limited,55314,PWH
PWH20360,ERP-B2B-SALE-2026-23615,2026-08-13 15:54:00,2026-08-13 16:04:00,Third Party,STT2307004673,White Board Marker-Black,,2026-08-13 17:40:00,Saleem01,MTR.G2.R42.A03.L4.B2,70,,PW,STT2307004673,Default Vendor,PRIME260800026805,Princeob,Zepto Private Limited,55314,PWH
PWH20360,ERP-B2B-SALE-2026-23615,2026-08-13 15:54:00,2026-08-13 16:04:00,Third Party,STT2307004673,White Board Marker-Black,,2026-08-13 17:40:00,Saleem01,MTR.G2.R42.A03.L4.B2,70,,PW,STT2307004673,Default Vendor,PRIME260800026806,Princeob,Zepto Private Limited,55314,PWH
PWH20360,ERP-B2B-SALE-2026-23615,2026-08-13 15:54:00,2026-08-13 16:04:00,Third Party,STT2307004673,White Board Marker-Black,,2026-08-13 17:40:00,Saleem01,MTR.G2.R42.A03.L4.B2,70,,PW,STT2307004673,Default Vendor,PRIME260800026807,Princeob,Zepto Private Limited,55314,PWH
PWH20360,ERP-B2B-SALE-2026-23615,2026-08-13 15:54:00,2026-08-13 16:04:00,Third Party,ATV2510017535,"Junior Science Kit  for Girls and Boys Age 4,5,6,7,8,9,10,11,12,13,14 Years Old, Science Kit for Kids for Birthday Gifts, 50+ Experiments of Color, Craft & Science",,2026-08-13 18:22:00,Saleem01,gp_kit_01,12,,PW,ATV2510017535,Default Vendor,PRIME260800026810,Ashu03,Zepto Private Limited,55314,PWH
PWH20360,ERP-B2B-SALE-2026-23615,2026-08-13 15:54:00,2026-08-13 16:04:00,Third Party,ATV2510017535,"Junior Science Kit  for Girls and Boys Age 4,5,6,7,8,9,10,11,12,13,14 Years Old, Science Kit for Kids for Birthday Gifts, 50+ Experiments of Color, Craft & Science",,2026-08-13 18:22:00,Saleem01,gp_kit_01,12,,PW,ATV2510017535,Default Vendor,PRIME260800026811,Ashu03,Zepto Private Limited,55314,PWH
PWH20360,ERP-B2B-SALE-2026-23615,2026-08-13 15:54:00,2026-08-13 16:04:00,Third Party,ATV2510017535,"Junior Science Kit  for Girls and Boys Age 4,5,6,7,8,9,10,11,12,13,14 Years Old, Science Kit for Kids for Birthday Gifts, 50+ Experiments of Color, Craft & Science",,2026-08-13 18:22:00,Saleem01,gp_kit_01,12,,PW,ATV2510017535,Default Vendor,PRIME260800026812,Ashu03,Zepto Private Limited,55314,PWH
PWH20360,ERP-B2B-SALE-2026-23615,2026-08-13 15:54:00,2026-08-13 16:04:00,Third Party,ATV2510017535,"Junior Science Kit  for Girls and Boys Age 4,5,6,7,8,9,10,11,12,13,14 Years Old, Science Kit for Kids for Birthday Gifts, 50+ Experiments of Color, Craft & Science",,2026-08-13 18:22:00,Saleem01,gp_kit_01,12,,PW,ATV2510017535,Default Vendor,PRIME260800026813,Ashu03,Zepto Private Limited,55314,PWH
PWH20360,ERP-B2B-SALE-2026-23615,2026-08-13 15:54:00,2026-08-13 16:04:00,Third Party,ATV2602019180,"PW Slime Kit for Girls and Boys Age 4,5,6,7,8,9,10,11,12,13,14 Years Old, Unicorn, Astronaut, Mermaid, Dinosaurs, Glitters and Perfume Slime Kit | Birthday Gifts for Boys and Girls",Size,2026-08-13 18:17:00,Saleem01,CA.MTR.G0.R9,12,,PW,ATV2602019180,Default Vendor,PRIME260800026817,Ashu03,Zepto Private Limited,55314,PWH
PWH20360,ERP-B2B-SALE-2026-23615,2026-08-13 15:54:00,2026-08-13 16:04:00,Third Party,ATV2602019180,"PW Slime Kit for Girls and Boys Age 4,5,6,7,8,9,10,11,12,13,14 Years Old, Unicorn, Astronaut, Mermaid, Dinosaurs, Glitters and Perfume Slime Kit | Birthday Gifts for Boys and Girls",Size,2026-08-13 18:17:00,Saleem01,CA.MTR.G0.R9,12,,PW,ATV2602019180,Default Vendor,PRIME260800026818,Ashu03,Zepto Private Limited,55314,PWH
PWH20360,ERP-B2B-SALE-2026-23615,2026-08-13 15:54:00,2026-08-13 16:04:00,Third Party,ATV2602019180,"PW Slime Kit for Girls and Boys Age 4,5,6,7,8,9,10,11,12,13,14 Years Old, Unicorn, Astronaut, Mermaid, Dinosaurs, Glitters and Perfume Slime Kit | Birthday Gifts for Boys and Girls",Size,2026-08-13 18:17:00,Saleem01,CA.MTR.G0.R9,12,,PW,ATV2602019180,Default Vendor,PRIME260800026819,Ashu03,Zepto Private Limited,55314,PWH
PWH20360,ERP-B2B-SALE-2026-23615,2026-08-13 15:54:00,2026-08-13 16:04:00,Third Party,ATV2602019180,"PW Slime Kit for Girls and Boys Age 4,5,6,7,8,9,10,11,12,13,14 Years Old, Unicorn, Astronaut, Mermaid, Dinosaurs, Glitters and Perfume Slime Kit | Birthday Gifts for Boys and Girls",Size,2026-08-13 18:17:00,Saleem01,CA.MTR.G0.R9,12,,PW,ATV2602019180,Default Vendor,PRIME260800026820,Ashu03,Zepto Private Limited,55314,PWH
PWH20360,ERP-B2B-SALE-2026-23615,2026-08-13 15:54:00,2026-08-13 16:04:00,Third Party,ATV2602019180,"PW Slime Kit for Girls and Boys Age 4,5,6,7,8,9,10,11,12,13,14 Years Old, Unicorn, Astronaut, Mermaid, Dinosaurs, Glitters and Perfume Slime Kit | Birthday Gifts for Boys and Girls",Size,2026-08-13 18:17:00,Saleem01,CA.MTR.G0.R9,12,,PW,ATV2602019180,Default Vendor,PRIME260800026821,Ashu03,Zepto Private Limited,55314,PWH
PWH20360,ERP-B2B-SALE-2026-23615,2026-08-13 15:54:00,2026-08-13 16:04:00,Third Party,ATV2602019180,"PW Slime Kit for Girls and Boys Age 4,5,6,7,8,9,10,11,12,13,14 Years Old, Unicorn, Astronaut, Mermaid, Dinosaurs, Glitters and Perfume Slime Kit | Birthday Gifts for Boys and Girls",Size,2026-08-13 18:17:00,Saleem01,CA.MTR.G0.R9,12,,PW,ATV2602019180,Default Vendor,PRIME260800026822,Princeob,Zepto Private Limited,55314,PWH
PWH20360,ERP-B2B-SALE-2026-23615,2026-08-13 15:54:00,2026-08-13 16:04:00,Third Party,ATV2602019180,"PW Slime Kit for Girls and Boys Age 4,5,6,7,8,9,10,11,12,13,14 Years Old, Unicorn, Astronaut, Mermaid, Dinosaurs, Glitters and Perfume Slime Kit | Birthday Gifts for Boys and Girls",Size,2026-08-13 18:17:00,Saleem01,CA.MTR.G0.R9,12,,PW,ATV2602019180,Default Vendor,PRIME260800026823,Ashu03,Zepto Private Limited,55314,PWH
PWH20360,ERP-B2B-SALE-2026-23615,2026-08-13 15:54:00,2026-08-14 11:25:00,Third Party,STT2310004881,Trigonal Pen (Set of 5),Size,2026-08-14 11:33:00,Vinodpal,GP_B2B,1,,PW,STT2310004881,Default Vendor,PRIME260800027637,Princeob,Zepto Private Limited,55443,PWH
PWH20360,ERP-B2B-SALE-2026-23615,2026-08-13 15:54:00,2026-08-14 11:25:00,Third Party,STT2310004881,Trigonal Pen (Set of 5),Size,2026-08-14 11:33:00,Vinodpal,GP_B2B,58,,PW,STT2310004881,Default Vendor,PRIME260800027637,Princeob,Zepto Private Limited,55443,PWH
PWH20360,ERP-B2B-SALE-2026-23615,2026-08-13 15:54:00,2026-08-14 11:25:00,Third Party,STT2310004881,Trigonal Pen (Set of 5),Size,2026-08-14 11:32:00,Vinodpal,GP_B2B,1,,PW,STT2310004881,Default Vendor,PRIME260800027637,Princeob,Zepto Private Limited,55443,PWH
PWH20361,ERP-B2B-SALE-2026-23614,2026-08-13 15:54:00,2026-08-13 16:05:00,Third Party,STT2311005114,PW Practice Spiral Notebook | 280 Pages | Ruled | Dr. APJ Abdul Kalam,,2026-08-13 21:53:00,Vinodpal,SPR.R2.A13.L3.B1,17,,PW,STT2311005114,Default Vendor,PRIME260800026923,Princeob,ZEPTO MUMBAI WAREHOUSE,55315,PWH
PWH20361,ERP-B2B-SALE-2026-23614,2026-08-13 15:54:00,2026-08-13 16:05:00,Third Party,STT2311005114,PW Practice Spiral Notebook | 280 Pages | Ruled | Dr. APJ Abdul Kalam,,2026-08-13 21:58:00,Vinodpal,SPR.R27.A6.L0.B2,1,,PW,STT2311005114,Default Vendor,PRIME260800026923,Princeob,ZEPTO MUMBAI WAREHOUSE,55315,PWH
PWH20361,ERP-B2B-SALE-2026-23614,2026-08-13 15:54:00,2026-08-13 16:05:00,Third Party,STT2311005114,PW Practice Spiral Notebook | 280 Pages | Ruled | Dr. APJ Abdul Kalam,,2026-08-13 21:52:00,Vinodpal,SPR.R2.A13.L3.B1,2,,PW,STT2311005114,Default Vendor,PRIME260800026922,Princeob,ZEPTO MUMBAI WAREHOUSE,55315,PWH
PWH20361,ERP-B2B-SALE-2026-23614,2026-08-13 15:54:00,2026-08-13 16:05:00,Third Party,ATV2402005538,"Kids Hindi Sulekh Varnamala l Hindi Handwriting Practice Book for Children Ages 1, 2, 3, 4, 5 Years",,2026-08-13 21:40:00,Vinodpal,MTR.G1.R20.A07.L3.B1,20,,PW,ATV2402005538,Default Vendor,PRIME260800026927,Princeob,ZEPTO MUMBAI WAREHOUSE,55315,PWH
PWH20361,ERP-B2B-SALE-2026-23614,2026-08-13 15:54:00,2026-08-13 16:05:00,Third Party,ATV2402005540,"Kids Color Time Coloring Books Set of 12 Books l Fun Activity for Children Ages 1, 2, 3, 4, 5 Years",,2026-08-13 21:36:00,Vinodpal,MTR.G1.R39.A12.L4.B1,20,,PW,ATV2402005540,Default Vendor,PRIME260800026922,Princeob,ZEPTO MUMBAI WAREHOUSE,55315,PWH
PWH20361,ERP-B2B-SALE-2026-23614,2026-08-13 15:54:00,2026-08-13 16:05:00,Third Party,ATV2402005514,"Kids First 1000 Words Book l 50 Topics with Engaging Picture Book for Early Learners and  Children Ages 1, 2, 3, 4, 5, 6 Years",,2026-08-13 21:35:00,Vinodpal,MTR.G1.R40.A03.L2.B2,20,,PW,ATV2402005514,Default Vendor,PRIME260800026925,Princeob,ZEPTO MUMBAI WAREHOUSE,55315,PWH
PWH20361,ERP-B2B-SALE-2026-23614,2026-08-13 15:54:00,2026-08-13 16:05:00,Third Party,STT2311004731,Practice Spiral Notebook | A4 - 297 x 210 mm | 280 Pages | Ruled | Different Covers | Best Quality Student Notebooks for School & College- Vikram Sarabhai,,2026-08-13 21:55:00,Vinodpal,SPR.R1.A12.L0.B3,15,,PW,STT2311004731,Default Vendor,PRIME260800026905,Princeob,ZEPTO MUMBAI WAREHOUSE,55315,PWH
PWH20361,ERP-B2B-SALE-2026-23614,2026-08-13 15:54:00,2026-08-13 16:05:00,Third Party,STT2311004731,Practice Spiral Notebook | A4 - 297 x 210 mm | 280 Pages | Ruled | Different Covers | Best Quality Student Notebooks for School & College- Vikram Sarabhai,,2026-08-13 21:55:00,Vinodpal,SPR.R1.A12.L0.B3,5,,PW,STT2311004731,Default Vendor,PRIME260800026905,Princeob,ZEPTO MUMBAI WAREHOUSE,55315,PWH
PWH20361,ERP-B2B-SALE-2026-23614,2026-08-13 15:54:00,2026-08-13 16:05:00,Third Party,BKP2503007163,"Chemistry Med Easy | Notes, Formulas, Tips & Tricks for NEET/JEE & Board Exams | Pankaj Sir Chemistry Handwritten Notes",,2026-08-13 21:31:00,Vinodpal,MTR.G3.R26.A10.L3.B2,20,,PW,BKP2503007163,Default Vendor,PRIME260800026926,Princeob,ZEPTO MUMBAI WAREHOUSE,55315,PWH
PWH20361,ERP-B2B-SALE-2026-23614,2026-08-13 15:54:00,2026-08-13 16:05:00,Third Party,STT2311005039,Practice Spiral Notebook | A4 - 297 x 210 mm | 280 Pages | Ruled | Different Covers | Best Quality Student Notebooks for School & College- CV Raman,,2026-08-13 22:00:00,Vinodpal,SPR.R17.A6.L1.B4,16,,PW,STT2311005039,Default Vendor,PRIME260800026904,Princeob,ZEPTO MUMBAI WAREHOUSE,55315,PWH
PWH20361,ERP-B2B-SALE-2026-23614,2026-08-13 15:54:00,2026-08-13 16:05:00,Third Party,STT2311005039,Practice Spiral Notebook | A4 - 297 x 210 mm | 280 Pages | Ruled | Different Covers | Best Quality Student Notebooks for School & College- CV Raman,,2026-08-13 22:02:00,Vinodpal,SPR.R17.A6.L1.B4,4,,PW,STT2311005039,Default Vendor,PRIME260800026904,Princeob,ZEPTO MUMBAI WAREHOUSE,55315,PWH
PWH20361,ERP-B2B-SALE-2026-23614,2026-08-13 15:54:00,2026-08-13 16:05:00,Third Party,ATV2402005569,"Kids 100+ Copy Coloring Activity Book l Copy Coloring Books for Children Ages 1, 2, 3, 4, 5 Years",,2026-08-13 21:50:00,Vinodpal,SPR.R2.UP.L3.B2,20,,PW,ATV2402005569,Default Vendor,PRIME260800026917,Princeob,ZEPTO MUMBAI WAREHOUSE,55315,PWH
PWH20361,ERP-B2B-SALE-2026-23614,2026-08-13 15:54:00,2026-08-13 16:05:00,Third Party,ATV2402005569,"Kids 100+ Copy Coloring Activity Book l Copy Coloring Books for Children Ages 1, 2, 3, 4, 5 Years",,2026-08-13 21:37:00,Vinodpal,MTR.G1.R29.A07.L4.B1,6,,PW,ATV2402005569,Default Vendor,PRIME260800026919,Princeob,ZEPTO MUMBAI WAREHOUSE,55315,PWH
PWH20361,ERP-B2B-SALE-2026-23614,2026-08-13 15:54:00,2026-08-13 16:05:00,Third Party,ATV2402005549,"Kids First 4 in 1 Padded Board Book l Colors, Shapes, Alphabet, Numbers l Early Learning Picture Book for Children Ages 1, 2, 3, 4, 5 Years",,2026-08-13 21:34:00,Vinodpal,MTR.G1.R43.A05.L4.B1,20,,PW,ATV2402005549,Default Vendor,PRIME260800026921,Princeob,ZEPTO MUMBAI WAREHOUSE,55315,PWH
PWH20361,ERP-B2B-SALE-2026-23614,2026-08-13 15:54:00,2026-08-13 16:05:00,Third Party,ATV2402005538,"Kids Hindi Sulekh Varnamala l Hindi Handwriting Practice Book for Children Ages 1, 2, 3, 4, 5 Years",,2026-08-13 21:40:00,Vinodpal,MTR.G1.R20.A07.L3.B1,20,,PW,ATV2402005538,Default Vendor,PRIME260800026928,Princeob,ZEPTO MUMBAI WAREHOUSE,55315,PWH
PWH20361,ERP-B2B-SALE-2026-23614,2026-08-13 15:54:00,2026-08-13 16:05:00,Third Party,STT2311005114,PW Practice Spiral Notebook | 280 Pages | Ruled | Dr. APJ Abdul Kalam,,2026-08-13 21:52:00,Vinodpal,SPR.R2.A13.L3.B1,20,,PW,STT2311005114,Default Vendor,PRIME260800026924,Princeob,ZEPTO MUMBAI WAREHOUSE,55315,PWH
PWH20361,ERP-B2B-SALE-2026-23614,2026-08-13 15:54:00,2026-08-13 16:05:00,Third Party,ATV2402005569,"Kids 100+ Copy Coloring Activity Book l Copy Coloring Books for Children Ages 1, 2, 3, 4, 5 Years",,2026-08-13 21:37:00,Vinodpal,MTR.G1.R29.A07.L4.B1,20,,PW,ATV2402005569,Default Vendor,PRIME260800026920,Princeob,ZEPTO MUMBAI WAREHOUSE,55315,PWH
PWH20361,ERP-B2B-SALE-2026-23614,2026-08-13 15:54:00,2026-08-13 16:05:00,Third Party,ATV2402005569,"Kids 100+ Copy Coloring Activity Book l Copy Coloring Books for Children Ages 1, 2, 3, 4, 5 Years",,2026-08-13 21:50:00,Vinodpal,SPR.R2.UP.L3.B2,14,,PW,ATV2402005569,Default Vendor,PRIME260800026919,Princeob,ZEPTO MUMBAI WAREHOUSE,55315,PWH
PWH20361,ERP-B2B-SALE-2026-23614,2026-08-13 15:54:00,2026-08-13 16:05:00,Third Party,ATV2402005569,"Kids 100+ Copy Coloring Activity Book l Copy Coloring Books for Children Ages 1, 2, 3, 4, 5 Years",,2026-08-13 21:50:00,Vinodpal,SPR.R2.UP.L3.B2,20,,PW,ATV2402005569,Default Vendor,PRIME260800026918,Princeob,ZEPTO MUMBAI WAREHOUSE,55315,PWH
PWH20362,ERP-B2B-SALE-2026-23613,2026-08-13 15:54:00,2026-08-13 16:05:00,Third Party,ATV2402005538,"Kids Hindi Sulekh Varnamala l Hindi Handwriting Practice Book for Children Ages 1, 2, 3, 4, 5 Years",,2026-08-13 17:41:00,vikasb2b,MTR.G1.R20.A07.L3.B1,20,,PW,ATV2402005538,Default Vendor,PRIME260800026835,Princeob,ZEPTO CHENNAI WAREHOUSE,55316,PWH
PWH20362,ERP-B2B-SALE-2026-23613,2026-08-13 15:54:00,2026-08-13 16:05:00,Third Party,ATV2402005569,"Kids 100+ Copy Coloring Activity Book l Copy Coloring Books for Children Ages 1, 2, 3, 4, 5 Years",,2026-08-13 17:32:00,vikasb2b,SPR.R2.UP.L3.B2,20,,PW,ATV2402005569,Default Vendor,PRIME260800026797,Princeob,ZEPTO CHENNAI WAREHOUSE,55316,PWH
PWH20362,ERP-B2B-SALE-2026-23613,2026-08-13 15:54:00,2026-08-13 16:05:00,Third Party,ATV2402005569,"Kids 100+ Copy Coloring Activity Book l Copy Coloring Books for Children Ages 1, 2, 3, 4, 5 Years",,2026-08-13 17:32:00,vikasb2b,SPR.R2.UP.L3.B2,6,,PW,ATV2402005569,Default Vendor,PRIME260800026795,Princeob,ZEPTO CHENNAI WAREHOUSE,55316,PWH
PWH20362,ERP-B2B-SALE-2026-23613,2026-08-13 15:54:00,2026-08-13 16:05:00,Third Party,ATV2402005569,"Kids 100+ Copy Coloring Activity Book l Copy Coloring Books for Children Ages 1, 2, 3, 4, 5 Years",,2026-08-13 17:40:00,vikasb2b,MTR.G1.R29.A07.L4.B1,12,,PW,ATV2402005569,Default Vendor,PRIME260800026792,Princeob,ZEPTO CHENNAI WAREHOUSE,55316,PWH
PWH20362,ERP-B2B-SALE-2026-23613,2026-08-13 15:54:00,2026-08-13 16:05:00,Third Party,STT2311004731,Practice Spiral Notebook | A4 - 297 x 210 mm | 280 Pages | Ruled | Different Covers | Best Quality Student Notebooks for School & College- Vikram Sarabhai,,2026-08-13 17:36:00,vikasb2b,SPR.R1.A12.L0.B3,20,,PW,STT2311004731,Default Vendor,PRIME260800026833,Princeob,ZEPTO CHENNAI WAREHOUSE,55316,PWH
PWH20362,ERP-B2B-SALE-2026-23613,2026-08-13 15:54:00,2026-08-13 16:05:00,Third Party,STT2311005114,PW Practice Spiral Notebook | 280 Pages | Ruled | Dr. APJ Abdul Kalam,,2026-08-13 17:29:00,vikasb2b,SPR.R2.A13.L3.B1,6,,PW,STT2311005114,Default Vendor,PRIME260800026789,Princeob,ZEPTO CHENNAI WAREHOUSE,55316,PWH
PWH20362,ERP-B2B-SALE-2026-23613,2026-08-13 15:54:00,2026-08-13 16:05:00,Third Party,STT2311005114,PW Practice Spiral Notebook | 280 Pages | Ruled | Dr. APJ Abdul Kalam,,2026-08-13 17:30:00,vikasb2b,SPR.R2.A13.L3.B1,14,,PW,STT2311005114,Default Vendor,PRIME260800026789,Princeob,ZEPTO CHENNAI WAREHOUSE,55316,PWH
PWH20362,ERP-B2B-SALE-2026-23613,2026-08-13 15:54:00,2026-08-13 16:05:00,Third Party,STT2502005112,A4 Size 300 Pages Spiral Binding Notebook  | Ruled Register Notebooks for Students & Office | Premium Quality Plastic cover Spiral Register for Writing & Note-Taking,,2026-08-13 17:43:00,vikasb2b,MTR.G0.R20.A06.L1.B1,12,,PW,STT2502005112,Default Vendor,PRIME260800026798,Princeob,ZEPTO CHENNAI WAREHOUSE,55316,PWH
PWH20362,ERP-B2B-SALE-2026-23613,2026-08-13 15:54:00,2026-08-13 16:05:00,Third Party,STT2502005112,A4 Size 300 Pages Spiral Binding Notebook  | Ruled Register Notebooks for Students & Office | Premium Quality Plastic cover Spiral Register for Writing & Note-Taking,,2026-08-13 17:44:00,vikasb2b,MTR.G0.R22.A02.L1.B1,8,,PW,STT2502005112,Default Vendor,PRIME260800026798,Princeob,ZEPTO CHENNAI WAREHOUSE,55316,PWH
PWH20362,ERP-B2B-SALE-2026-23613,2026-08-13 15:54:00,2026-08-13 16:05:00,Third Party,ATV2402005569,"Kids 100+ Copy Coloring Activity Book l Copy Coloring Books for Children Ages 1, 2, 3, 4, 5 Years",,2026-08-13 17:40:00,vikasb2b,MTR.G1.R29.A07.L4.B1,20,,PW,ATV2402005569,Default Vendor,PRIME260800026790,Princeob,ZEPTO CHENNAI WAREHOUSE,55316,PWH
PWH20362,ERP-B2B-SALE-2026-23613,2026-08-13 15:54:00,2026-08-13 16:05:00,Third Party,ATV2402005569,"Kids 100+ Copy Coloring Activity Book l Copy Coloring Books for Children Ages 1, 2, 3, 4, 5 Years",,2026-08-13 17:40:00,vikasb2b,MTR.G1.R29.A07.L4.B1,20,,PW,ATV2402005569,Default Vendor,PRIME260800026791,Princeob,ZEPTO CHENNAI WAREHOUSE,55316,PWH
PWH20362,ERP-B2B-SALE-2026-23613,2026-08-13 15:54:00,2026-08-13 16:05:00,Third Party,ATV2402005569,"Kids 100+ Copy Coloring Activity Book l Copy Coloring Books for Children Ages 1, 2, 3, 4, 5 Years",,2026-08-13 17:32:00,vikasb2b,SPR.R2.UP.L3.B2,8,,PW,ATV2402005569,Default Vendor,PRIME260800026792,Princeob,ZEPTO CHENNAI WAREHOUSE,55316,PWH
PWH20362,ERP-B2B-SALE-2026-23613,2026-08-13 15:54:00,2026-08-13 16:05:00,Third Party,ATV2402005569,"Kids 100+ Copy Coloring Activity Book l Copy Coloring Books for Children Ages 1, 2, 3, 4, 5 Years",,2026-08-13 17:32:00,vikasb2b,SPR.R2.UP.L3.B2,20,,PW,ATV2402005569,Default Vendor,PRIME260800026793,Princeob,ZEPTO CHENNAI WAREHOUSE,55316,PWH
PWH20362,ERP-B2B-SALE-2026-23613,2026-08-13 15:54:00,2026-08-13 16:05:00,Third Party,ATV2402005569,"Kids 100+ Copy Coloring Activity Book l Copy Coloring Books for Children Ages 1, 2, 3, 4, 5 Years",,2026-08-13 17:32:00,vikasb2b,SPR.R2.UP.L3.B2,20,,PW,ATV2402005569,Default Vendor,PRIME260800026794,Princeob,ZEPTO CHENNAI WAREHOUSE,55316,PWH
PWH20362,ERP-B2B-SALE-2026-23613,2026-08-13 15:54:00,2026-08-13 16:05:00,Third Party,ATV2402005569,"Kids 100+ Copy Coloring Activity Book l Copy Coloring Books for Children Ages 1, 2, 3, 4, 5 Years",,2026-08-13 17:32:00,vikasb2b,SPR.R2.UP.L3.B2,14,,PW,ATV2402005569,Default Vendor,PRIME260800026795,Princeob,ZEPTO CHENNAI WAREHOUSE,55316,PWH
PWH20362,ERP-B2B-SALE-2026-23613,2026-08-13 15:54:00,2026-08-13 16:05:00,Third Party,ATV2402005569,"Kids 100+ Copy Coloring Activity Book l Copy Coloring Books for Children Ages 1, 2, 3, 4, 5 Years",,2026-08-13 17:32:00,vikasb2b,SPR.R2.UP.L3.B2,20,,PW,ATV2402005569,Default Vendor,PRIME260800026796,Princeob,ZEPTO CHENNAI WAREHOUSE,55316,PWH
PWH20363,ERP-B2B-SALE-2026-23612,2026-08-13 15:53:00,2026-08-13 16:05:00,Third Party,ATV2402005569,"Kids 100+ Copy Coloring Activity Book l Copy Coloring Books for Children Ages 1, 2, 3, 4, 5 Years",,2026-08-13 17:34:00,deepakb2b,SPR.R2.UP.L3.B2,8,,PW,ATV2402005569,Default Vendor,PRIME260800026843,Princeob,Zepto Private Limited,55317,PWH
PWH20363,ERP-B2B-SALE-2026-23612,2026-08-13 15:53:00,2026-08-13 16:05:00,Third Party,ATV2402005569,"Kids 100+ Copy Coloring Activity Book l Copy Coloring Books for Children Ages 1, 2, 3, 4, 5 Years",,2026-08-13 17:33:00,deepakb2b,SPR.R2.UP.L3.B2,14,,PW,ATV2402005569,Default Vendor,PRIME260800026846,Princeob,Zepto Private Limited,55317,PWH
PWH20363,ERP-B2B-SALE-2026-23612,2026-08-13 15:53:00,2026-08-13 16:05:00,Third Party,ATV2402005569,"Kids 100+ Copy Coloring Activity Book l Copy Coloring Books for Children Ages 1, 2, 3, 4, 5 Years",,2026-08-13 17:58:00,deepakb2b,MTR.G1.R29.A07.L4.B1,18,,PW,ATV2402005569,Default Vendor,PRIME260800026841,Princeob,Zepto Private Limited,55317,PWH
PWH20363,ERP-B2B-SALE-2026-23612,2026-08-13 15:53:00,2026-08-13 16:05:00,Third Party,STT2311004731,Practice Spiral Notebook | A4 - 297 x 210 mm | 280 Pages | Ruled | Different Covers | Best Quality Student Notebooks for School & College- Vikram Sarabhai,,2026-08-13 17:37:00,deepakb2b,SPR.R1.A12.L0.B3,13,,PW,STT2311004731,Default Vendor,PRIME260800026838,Princeob,Zepto Private Limited,55317,PWH
PWH20363,ERP-B2B-SALE-2026-23612,2026-08-13 15:53:00,2026-08-13 16:05:00,Third Party,STT2311004731,Practice Spiral Notebook | A4 - 297 x 210 mm | 280 Pages | Ruled | Different Covers | Best Quality Student Notebooks for School & College- Vikram Sarabhai,,2026-08-13 17:40:00,deepakb2b,SPR.R1.A12.L0.B3,20,,PW,STT2311004731,Default Vendor,PRIME260800026837,Princeob,Zepto Private Limited,55317,PWH
PWH20363,ERP-B2B-SALE-2026-23612,2026-08-13 15:53:00,2026-08-13 16:05:00,Third Party,STT2502005112,A4 Size 300 Pages Spiral Binding Notebook  | Ruled Register Notebooks for Students & Office | Premium Quality Plastic cover Spiral Register for Writing & Note-Taking,,2026-08-13 17:50:00,deepakb2b,MTR.G0.R22.A02.L1.B1,20,,PW,STT2502005112,Default Vendor,PRIME260800026836,Princeob,Zepto Private Limited,55317,PWH
PWH20363,ERP-B2B-SALE-2026-23612,2026-08-13 15:53:00,2026-08-13 16:05:00,Third Party,ATV2402005535,"Kids Writing Time Pencil Control and Patterns Set of 4 Books l Capital Letters, Small Letters, Numbers, Patterns and Shapes Children Ages 1, 2, 3, 4, 5 Years",,2026-08-13 17:43:00,deepakb2b,MTR.G0.R01.A03.L3.B2,20,,PW,ATV2402005535,Default Vendor,PRIME260800026839,Princeob,Zepto Private Limited,55317,PWH
PWH20363,ERP-B2B-SALE-2026-23612,2026-08-13 15:53:00,2026-08-13 16:05:00,Third Party,ATV2402005514,"Kids First 1000 Words Book l 50 Topics with Engaging Picture Book for Early Learners and  Children Ages 1, 2, 3, 4, 5, 6 Years",,2026-08-13 17:54:00,deepakb2b,MTR.G1.R40.A03.L2.B2,20,,PW,ATV2402005514,Default Vendor,PRIME260800026840,Princeob,Zepto Private Limited,55317,PWH
PWH20363,ERP-B2B-SALE-2026-23612,2026-08-13 15:53:00,2026-08-13 16:05:00,Third Party,ATV2402005569,"Kids 100+ Copy Coloring Activity Book l Copy Coloring Books for Children Ages 1, 2, 3, 4, 5 Years",,2026-08-13 17:33:00,deepakb2b,SPR.R2.UP.L3.B2,20,,PW,ATV2402005569,Default Vendor,PRIME260800026848,Princeob,Zepto Private Limited,55317,PWH
PWH20363,ERP-B2B-SALE-2026-23612,2026-08-13 15:53:00,2026-08-13 16:05:00,Third Party,ATV2402005569,"Kids 100+ Copy Coloring Activity Book l Copy Coloring Books for Children Ages 1, 2, 3, 4, 5 Years",,2026-08-13 17:33:00,deepakb2b,SPR.R2.UP.L3.B2,20,,PW,ATV2402005569,Default Vendor,PRIME260800026847,Princeob,Zepto Private Limited,55317,PWH
PWH20363,ERP-B2B-SALE-2026-23612,2026-08-13 15:53:00,2026-08-13 16:05:00,Third Party,ATV2402005569,"Kids 100+ Copy Coloring Activity Book l Copy Coloring Books for Children Ages 1, 2, 3, 4, 5 Years",,2026-08-13 17:34:00,deepakb2b,SPR.R2.UP.L3.B2,6,,PW,ATV2402005569,Default Vendor,PRIME260800026846,Princeob,Zepto Private Limited,55317,PWH
PWH20363,ERP-B2B-SALE-2026-23612,2026-08-13 15:53:00,2026-08-13 16:05:00,Third Party,ATV2402005569,"Kids 100+ Copy Coloring Activity Book l Copy Coloring Books for Children Ages 1, 2, 3, 4, 5 Years",,2026-08-13 17:34:00,deepakb2b,SPR.R2.UP.L3.B2,20,,PW,ATV2402005569,Default Vendor,PRIME260800026845,Princeob,Zepto Private Limited,55317,PWH
PWH20363,ERP-B2B-SALE-2026-23612,2026-08-13 15:53:00,2026-08-13 16:05:00,Third Party,ATV2402005569,"Kids 100+ Copy Coloring Activity Book l Copy Coloring Books for Children Ages 1, 2, 3, 4, 5 Years",,2026-08-13 17:34:00,deepakb2b,SPR.R2.UP.L3.B2,20,,PW,ATV2402005569,Default Vendor,PRIME260800026844,Princeob,Zepto Private Limited,55317,PWH
PWH20363,ERP-B2B-SALE-2026-23612,2026-08-13 15:53:00,2026-08-13 16:05:00,Third Party,ATV2402005569,"Kids 100+ Copy Coloring Activity Book l Copy Coloring Books for Children Ages 1, 2, 3, 4, 5 Years",,2026-08-13 17:58:00,deepakb2b,MTR.G1.R29.A07.L4.B1,14,,PW,ATV2402005569,Default Vendor,PRIME260800026843,Princeob,Zepto Private Limited,55317,PWH
PWH20363,ERP-B2B-SALE-2026-23612,2026-08-13 15:53:00,2026-08-13 16:05:00,Third Party,ATV2402005569,"Kids 100+ Copy Coloring Activity Book l Copy Coloring Books for Children Ages 1, 2, 3, 4, 5 Years",,2026-08-13 17:58:00,deepakb2b,MTR.G1.R29.A07.L4.B1,20,,PW,ATV2402005569,Default Vendor,PRIME260800026842,Princeob,Zepto Private Limited,55317,PWH
PWH20363,ERP-B2B-SALE-2026-23612,2026-08-13 15:53:00,2026-08-13 16:05:00,Third Party,STT2311004731,Practice Spiral Notebook | A4 - 297 x 210 mm | 280 Pages | Ruled | Different Covers | Best Quality Student Notebooks for School & College- Vikram Sarabhai,,2026-08-13 17:40:00,deepakb2b,SPR.R1.A12.L0.B3,7,,PW,STT2311004731,Default Vendor,PRIME260800026838,Princeob,Zepto Private Limited,55317,PWH
PWH20371,ERP-B2B-SALE-2026-23634,2026-08-13 16:32:00,2026-08-13 16:43:00,Third Party,BKP2507007026,EaJEE Handwritten Notes For Organic Chemistry By Rohit Sir & SKC Sir For JEE Main & Advanced | Chapterwise and Topicwise Notes | Handpicked Practice Questions & PYQs,,2026-08-14 04:12:00,mohit5,MTR.G1.R11.A02.L2.B2,1,,PW,BKP2507007026,Default Vendor,PRIME260800027438,Sachin,Arora Book Depot_TEST PREP,55334,PWH
PWH20371,ERP-B2B-SALE-2026-23634,2026-08-13 16:32:00,2026-08-13 16:43:00,Third Party,BKP2507007026,EaJEE Handwritten Notes For Organic Chemistry By Rohit Sir & SKC Sir For JEE Main & Advanced | Chapterwise and Topicwise Notes | Handpicked Practice Questions & PYQs,,2026-08-14 03:54:00,mohit5,MTR.G2.R26.A02.L4.B1,1,,PW,BKP2507007026,Default Vendor,PRIME260800027438,Sachin,Arora Book Depot_TEST PREP,55334,PWH
PWH20371,ERP-B2B-SALE-2026-23634,2026-08-13 16:32:00,2026-08-13 16:43:00,Third Party,BKP2509006814,"All in One IBPS RRB PO Prelims & Mains (Officers Scale-l) Exams 2025-26 By Mayank Sir & Vidhu Sir | Chapterwise Theory, Practice Questions | 10 Past Year Papers (PYQ)",,2026-08-14 03:51:00,mohit5,MTR.G2.R48.A12.L1.B2,2,,PW,BKP2509006814,Default Vendor,PRIME260800027438,Sachin,Arora Book Depot_TEST PREP,55334,PWH
PWH20371,ERP-B2B-SALE-2026-23634,2026-08-13 16:32:00,2026-08-13 16:43:00,Third Party,BKP2602352555,"PW NTA 70 UGC NET Paper 1 (Teaching & Research Aptitude) Previous Year Solved Papers with Complete Chapter Notes I Unitwise and Topicwise | 18 Years PYQs upto June 2025 I NET, JRF, SET",,2026-08-14 03:55:00,mohit5,MTR.G2.R04.A03.L3.B2,2,,PW,BKP2602352555,Default Vendor,PRIME260800027438,Sachin,Arora Book Depot_TEST PREP,55334,PWH
PWH20371,ERP-B2B-SALE-2026-23634,2026-08-13 16:32:00,2026-08-13 16:43:00,Third Party,BKP2601695439,PW 33 SSC CGL PYQ (Combined Graduate Level) Tier 1 (Hindi) Previous Year Solved Papers (2025-2018) with 5 Online Mock Tests For 2026-2027 Exam | Yearwise PYQs | Fully Solved,,2026-08-14 03:17:00,mohit5,MTR.G0.R41.A09.L2.B2,5,,PW,BKP2601695439,Default Vendor,PRIME260800027438,Sachin,Arora Book Depot_TEST PREP,55334,PWH
PWH20371,ERP-B2B-SALE-2026-23634,2026-08-13 16:32:00,2026-08-13 16:43:00,Third Party,BKP2602221941,PW 33 SSC CGL PYQ (Combined Graduate Level) Tier 1 Previous Year Solved Papers (2025-2018) with 5 Online Mock Tests For 2026-27 Exam | Yearwise PYQs | Fully Solved | English Edition,,2026-08-14 03:28:00,mohit5,MTR.G3.R02.A08.L4.B2,3,,PW,BKP2602221941,Default Vendor,PRIME260800027438,Sachin,Arora Book Depot_TEST PREP,55334,PWH
PWH20371,ERP-B2B-SALE-2026-23634,2026-08-13 16:32:00,2026-08-13 16:43:00,Third Party,BKP2604020283,"PW ICSE Class 10 PYQs - Past 10 Years Solved Papers (2026-2016) For 2027 Exams | Physics, Chemistry, Maths, Biology, Economics, History & Civics, Geography, CA, English Paper 1 & 2",,2026-08-14 03:11:00,mohit5,MTR.G0.R18.A12.L4.B2,5,,PW,BKP2604020283,Default Vendor,PRIME260800027437,Sachin,Arora Book Depot_TEST PREP,55334,PWH
PWH20371,ERP-B2B-SALE-2026-23634,2026-08-13 16:32:00,2026-08-13 16:43:00,Third Party,BKP2602019145,"PW UGC NET History PYQ 12 Years (2014-2025)|Latest December Session Paper Covered|Chapterwise & Yearwise Previous Year Solved Papers For Phd Entrance, SET, GATE, CUET UG & PG",,2026-08-14 03:53:00,mohit5,MTR.G2.R21.A05.L3.B2,2,,PW,BKP2602019145,Default Vendor,PRIME260800027438,Sachin,Arora Book Depot_TEST PREP,55334,PWH
PWH20371,ERP-B2B-SALE-2026-23634,2026-08-13 16:32:00,2026-08-13 16:43:00,Third Party,BKP2603019598,"PW UGC NET English Literature PYQ 12 Years (2014-2025)|Latest December Session Paper Covered|Chapterwise & Yearwise Previous Year Solved Papers For Phd Entrance, SET, GATE, CUET UG & PG",,2026-08-14 03:57:00,mohit5,MTR.G2.R11.A12.L3.B1,2,,PW,BKP2603019598,Default Vendor,PRIME260800027438,Sachin,Arora Book Depot_TEST PREP,55334,PWH
PWH20371,ERP-B2B-SALE-2026-23634,2026-08-13 16:32:00,2026-08-13 16:43:00,Third Party,BKP2603019596,"PW UGC-NET Education PYQ 12 Years (2014-2025)|Latest December Session Paper Covered| Chapterwise & Yearwise Previous Year Solved Papers For Phd Entrance, SET, GATE, CUET UG & PG",,2026-08-14 03:14:00,mohit5,MTR.G0.R01.A08.L3.B1,2,,PW,BKP2603019596,Default Vendor,PRIME260800027437,Sachin,Arora Book Depot_TEST PREP,55334,PWH
PWH20371,ERP-B2B-SALE-2026-23634,2026-08-13 16:32:00,2026-08-13 16:43:00,Third Party,BKP2603019597,"PW UGC NET Economics PYQ 12 Years (2014-2025)|Latest December Session Paper Covered|Chapterwise & Yearwise Previous Year Solved Papers For Phd Entrance, SET, GATE, CUET UG & PG",,2026-08-14 03:25:00,mohit5,MTR.G3.R44.A03.L4.B2,1,,PW,BKP2603019597,Default Vendor,PRIME260800027437,Sachin,Arora Book Depot_TEST PREP,55334,PWH
PWH20371,ERP-B2B-SALE-2026-23634,2026-08-13 16:32:00,2026-08-13 16:43:00,Third Party,BKP2603019597,"PW UGC NET Economics PYQ 12 Years (2014-2025)|Latest December Session Paper Covered|Chapterwise & Yearwise Previous Year Solved Papers For Phd Entrance, SET, GATE, CUET UG & PG",,2026-08-14 03:25:00,mohit5,MTR.G3.R44.A03.L4.B2,1,,PW,BKP2603019597,Default Vendor,PRIME260800027438,Sachin,Arora Book Depot_TEST PREP,55334,PWH
PWH20372,ERP-B2B-SALE-2026-23635,2026-08-13 16:32:00,2026-08-13 16:43:00,Third Party,BKP2508007029,RRB JE (Junior Engineer) CBT-1 Exam 2025-26 | 20 Previous Year Solved Papers (2024 & 2019) PYQ with 10 Practice Sets on Latest Pattern English Medium,,2026-08-13 18:24:00,Tushant,MTR.G0.R34.A10.L4.B1,5,,PW,BKP2508007029,Default Vendor,PRIME260800028093,Tushant,Raj Book Distributor,55326,PWH
PWH20372,ERP-B2B-SALE-2026-23635,2026-08-13 16:32:00,2026-08-13 16:43:00,Third Party,BKP2512243498,"All in One RRB NTPC Graduate & Undergraduate CBT-1 Hindi 2026 Exams l Chapterwise Theory, Short Tricks and Exercises l 21 Past Year Papers (PYQs) 2016, 2021 & 2025 with 10 Practice Sets",,2026-08-13 18:27:00,Tushant,MTR.G0.R02.A09.L2.B1,1,,PW,BKP2512243498,Default Vendor,PRIME260800028094,Tushant,Raj Book Distributor,55326,PWH
PWH20372,ERP-B2B-SALE-2026-23635,2026-08-13 16:32:00,2026-08-13 16:43:00,Third Party,BKP2512431644,All in One for RRB NTPC CBT-1 Exam 2025-26 English 2nd Edition,,2026-08-13 18:29:00,Tushant,MTR.G0.R01.A03.L4.B1,10,,PW,BKP2512431644,Default Vendor,PRIME260800028093,Tushant,Raj Book Distributor,55326,PWH
PWH20372,ERP-B2B-SALE-2026-23635,2026-08-13 16:32:00,2026-08-13 16:43:00,Third Party,BKP2603019653,PW CTET Paper 1 (Class 1 – 5) 24 Previous Year Solved Papers 2026-2011 Hindi Edition | Includes CDP Revision Notes | 5 Practice Sets | 5 OMR Sheets | PYQ Questions,,2026-08-13 18:10:00,Tushant,MTR.G3.R31.A08.L4.B2,5,,PW,BKP2603019653,Default Vendor,PRIME260800028094,Tushant,Raj Book Distributor,55326,PWH
PWH20372,ERP-B2B-SALE-2026-23635,2026-08-13 16:32:00,2026-08-13 16:43:00,Third Party,BKP2603019653,PW CTET Paper 1 (Class 1 – 5) 24 Previous Year Solved Papers 2026-2011 Hindi Edition | Includes CDP Revision Notes | 5 Practice Sets | 5 OMR Sheets | PYQ Questions,,2026-08-13 18:10:00,Tushant,MTR.G3.R31.A09.L4.B2,5,,PW,BKP2603019653,Default Vendor,PRIME260800028094,Tushant,Raj Book Distributor,55326,PWH
PWH20372,ERP-B2B-SALE-2026-23635,2026-08-13 16:32:00,2026-08-13 16:43:00,Third Party,BKP2604020335,"RRB JE (Junior Engineer) CBT-1 PYQ Book For 2026-27 Exams | 25 Previous Year Solved Papers (2026, 2024 & 2019) with 10 Practice Sets on Latest Pattern English Medium",,2026-08-13 18:26:00,Tushant,MTR.G0.R08.A04.L2.B1,2,,PW,BKP2604020335,Default Vendor,PRIME260800028093,Tushant,Raj Book Distributor,55326,PWH
PWH20372,ERP-B2B-SALE-2026-23635,2026-08-13 16:32:00,2026-08-13 16:43:00,Third Party,BKP2604020336,"PW All in one RRB Assistant Loco Pilot (ALP) CBT-1 Book 2026 | Chapterwise Theory and Exercises | 20 Previous Solved Papers 2026, 2024 & 2018 (PYQs) and 15 Online CBT Tests",,2026-08-13 18:21:00,Tushant,MTR.G0.R35.A10.L3.B2,10,,PW,BKP2604020336,Default Vendor,PRIME260800028506,Tushant,Raj Book Distributor,55326,PWH
PWH20372,ERP-B2B-SALE-2026-23635,2026-08-13 16:32:00,2026-08-13 16:43:00,Third Party,BKP2604020337,"All in one RRB Assistant Loco Pilot (ALP) CBT-1 Book 2026 (Hindi Edition) | Chapterwise Theory and Exercises | 20 Previous Solved Papers 2026, 2024 & 2018 (PYQs) and 15 Online CBT Tests",,2026-08-13 18:31:00,Tushant,SPR.R5.A5.L1.B2,7,,PW,BKP2604020337,Default Vendor,PRIME260800028092,Tushant,Raj Book Distributor,55326,PWH
PWH20372,ERP-B2B-SALE-2026-23635,2026-08-13 16:32:00,2026-08-13 16:43:00,Third Party,BKP2605761717,"PW Physics Handbook For 2026-27 Exams | Highly Useful For NEET, JEE, CBSE Class 11-12 & Other Competitive Exams | Quick Revision Book | Important NCERT Lines",,2026-08-13 18:38:00,Tushant,SPR.R16.A10.L3.B2,7,,PW,BKP2605761717,Default Vendor,PRIME260800028092,Tushant,Raj Book Distributor,55326,PWH
PWH20372,ERP-B2B-SALE-2026-23635,2026-08-13 16:32:00,2026-08-13 16:43:00,Third Party,BKP2605761717,"PW Physics Handbook For 2026-27 Exams | Highly Useful For NEET, JEE, CBSE Class 11-12 & Other Competitive Exams | Quick Revision Book | Important NCERT Lines",,2026-08-13 18:12:00,Tushant,MTR.G1.R36.A12.L3.B1,3,,PW,BKP2605761717,Default Vendor,PRIME260800028507,Tushant,Raj Book Distributor,55326,PWH
PWH20372,ERP-B2B-SALE-2026-23635,2026-08-13 16:32:00,2026-08-13 16:43:00,Third Party,BKP2605022298,"PW Chemistry Handbook For 2026-27 Exams | Highly Useful For NEET, JEE, CBSE Class 11-12 & Other Competitive Exams | Quick Revision Book | Important NCERT Lines",,2026-08-13 18:04:00,Tushant,MTR.G2.R17.A04.L2.B2,10,,PW,BKP2605022298,Default Vendor,PRIME260800028507,Tushant,Raj Book Distributor,55326,PWH
PWH20372,ERP-B2B-SALE-2026-23635,2026-08-13 16:32:00,2026-08-13 16:43:00,Third Party,BKP2605022299,"PW Maths Handbook For 2026-27 Exams | Highly Useful For JEE, CBSE Class 11-12 & Other Competitive Exams | Quick Revision Book | Important NCERT Lines",,2026-08-13 18:07:00,Tushant,MTR.G3.R02.A12.L3.B1,1,,PW,BKP2605022299,Default Vendor,PRIME260800028094,Tushant,Raj Book Distributor,55326,PWH
PWH20372,ERP-B2B-SALE-2026-23635,2026-08-13 16:32:00,2026-08-13 16:43:00,Third Party,BKP2605022308,"PW Biology Handbook For 2026-27 Exams | Highly Useful For NEET, CBSE Class 11-12 & Other Competitive Exams | Quick Revision Book | Important NCERT Lines",,2026-08-13 18:05:00,Tushant,MTR.G2.R29.A11.L4.B1,10,,PW,BKP2605022308,Default Vendor,PRIME260800028094,Tushant,Raj Book Distributor,55326,PWH
PWH20372,ERP-B2B-SALE-2026-23635,2026-08-13 16:32:00,2026-08-13 16:43:00,Third Party,BKP2606022463,PW CTET Paper 2 Maths and Science PYQ Book | 24 Yearwise Previous Year Solved Papers PYQ (2026-2011) Class 6 - 8 For 2026 Exams | 5 Practice Sets and OMR Sheets | English Edition,,2026-08-13 18:16:00,Tushant,MTR.G1.R23.A12.L1.B2,10,,PW,BKP2606022463,Default Vendor,PRIME260800028506,Tushant,Raj Book Distributor,55326,PWH
PWH20372,ERP-B2B-SALE-2026-23635,2026-08-13 16:32:00,2026-08-13 16:43:00,Third Party,BKP2512243498,"All in One RRB NTPC Graduate & Undergraduate CBT-1 Hindi 2026 Exams l Chapterwise Theory, Short Tricks and Exercises l 21 Past Year Papers (PYQs) 2016, 2021 & 2025 with 10 Practice Sets",,2026-08-13 18:27:00,Tushant,MTR.G0.R02.A09.L2.B1,9,,PW,BKP2512243498,Default Vendor,PRIME260800028507,Tushant,Raj Book Distributor,55326,PWH
PWH20372,ERP-B2B-SALE-2026-23635,2026-08-13 16:32:00,2026-08-13 16:43:00,Third Party,BKP2604020335,"RRB JE (Junior Engineer) CBT-1 PYQ Book For 2026-27 Exams | 25 Previous Year Solved Papers (2026, 2024 & 2019) with 10 Practice Sets on Latest Pattern English Medium",,2026-08-13 18:26:00,Tushant,MTR.G0.R08.A04.L2.B1,3,,PW,BKP2604020335,Default Vendor,PRIME260800028094,Tushant,Raj Book Distributor,55326,PWH
PWH20372,ERP-B2B-SALE-2026-23635,2026-08-13 16:32:00,2026-08-13 16:43:00,Third Party,BKP2604020337,"All in one RRB Assistant Loco Pilot (ALP) CBT-1 Book 2026 (Hindi Edition) | Chapterwise Theory and Exercises | 20 Previous Solved Papers 2026, 2024 & 2018 (PYQs) and 15 Online CBT Tests",,2026-08-13 18:31:00,Tushant,SPR.R5.A5.L1.B2,3,,PW,BKP2604020337,Default Vendor,PRIME260800028093,Tushant,Raj Book Distributor,55326,PWH
PWH20373,ERP-B2B-SALE-2026-23636,2026-08-13 16:32:00,2026-08-13 16:43:00,Third Party,BKP2603019478,PW CBSE Question & Concept Bank (QCB) Class 10 Science Chapter-wise and Topic-wise Solved Questions By Samridhi Sharma For 2027 Board Exams with 50% Competency Based Question,,2026-08-14 03:40:00,Krishna09,MTR.G2.R09.A11.L1.B2,1,,PW,BKP2603019478,Default Vendor,PRIME260800021413,Tushant,Sapra Book Depot,55332,PWH
PWH20373,ERP-B2B-SALE-2026-23636,2026-08-13 16:32:00,2026-08-13 16:43:00,Third Party,BKP2603019478,PW CBSE Question & Concept Bank (QCB) Class 10 Science Chapter-wise and Topic-wise Solved Questions By Samridhi Sharma For 2027 Board Exams with 50% Competency Based Question,,2026-08-14 03:40:00,Krishna09,MTR.G2.R11.A09.L1.B2,3,,PW,BKP2603019478,Default Vendor,PRIME260800021414,Tushant,Sapra Book Depot,55332,PWH
PWH20373,ERP-B2B-SALE-2026-23636,2026-08-13 16:32:00,2026-08-13 16:43:00,Third Party,BKP2603019477,PW CBSE Question & Concept Bank (QCB) Class 10 Social Science Chapter-wise and Topic-wise Solved Questions By Siddarth Sharma & Ujjavala Punj For 2027 Board Exams with 50% Competency Based Question,,2026-08-14 03:18:00,Krishna09,MTR.G0.R16.A05.L3.B2,1,,PW,BKP2603019477,Default Vendor,PRIME260800021412,Tushant,Sapra Book Depot,55332,PWH
PWH20373,ERP-B2B-SALE-2026-23636,2026-08-13 16:32:00,2026-08-13 16:43:00,Third Party,BKP2603741359,PW CBSE Question & Concept Bank (QCB) Class 10 English Language & Literature Chapter-wise and Topic-wise Solved Questions For 2027 Board Exams with 50% Competency Based Question,,2026-08-14 03:21:00,Krishna09,MTR.G0.R35.A11.L1.B1,1,,PW,BKP2603741359,Default Vendor,PRIME260800021412,Tushant,Sapra Book Depot,55332,PWH
PWH20373,ERP-B2B-SALE-2026-23636,2026-08-13 16:32:00,2026-08-13 16:43:00,Third Party,BKP2603741359,PW CBSE Question & Concept Bank (QCB) Class 10 English Language & Literature Chapter-wise and Topic-wise Solved Questions For 2027 Board Exams with 50% Competency Based Question,,2026-08-14 03:41:00,Krishna09,MTR.G2.R10.A07.L1.B2,2,,PW,BKP2603741359,Default Vendor,PRIME260800021412,Tushant,Sapra Book Depot,55332,PWH
PWH20373,ERP-B2B-SALE-2026-23636,2026-08-13 16:32:00,2026-08-13 16:43:00,Third Party,BKP2603741359,PW CBSE Question & Concept Bank (QCB) Class 10 English Language & Literature Chapter-wise and Topic-wise Solved Questions For 2027 Board Exams with 50% Competency Based Question,,2026-08-14 03:42:00,Krishna09,MTR.G2.R13.A10.L1.B2,2,,PW,BKP2603741359,Default Vendor,PRIME260800021412,Tushant,Sapra Book Depot,55332,PWH
PWH20373,ERP-B2B-SALE-2026-23636,2026-08-13 16:32:00,2026-08-13 16:43:00,Third Party,BKP2603019608,"PW CBSE Class 10 PYQs - Past 10 Years Solved Papers For 2027 Board Exams | Delhi & Outside Delhi with Multiple Sets of 2026 | Science, Maths, Social Science, English | NCERT References",,2026-08-14 03:26:00,Krishna09,MTR.G3.R38.A02.L2.B1,5,,PW,BKP2603019608,Default Vendor,PRIME260800021413,Tushant,Sapra Book Depot,55332,PWH
PWH20373,ERP-B2B-SALE-2026-23636,2026-08-13 16:32:00,2026-08-13 16:43:00,Third Party,BKP2604685349,PW CBSE Question & Concept Bank (QCB) Class 10 Hindi-A Chapter-wise and Topic-wise Solved Questions For 2027 Exams with 50% Competency Based Question,,2026-08-14 03:47:00,Krishna09,MTR.G1.R27.A09.L4.B1,10,,PW,BKP2604685349,Default Vendor,PRIME260800021412,Tushant,Sapra Book Depot,55332,PWH
PWH20373,ERP-B2B-SALE-2026-23636,2026-08-13 16:32:00,2026-08-13 16:43:00,Third Party,BKP2604020238,"CBSE Class 10 English Language & Literature Chapter-wise, Topic-wise & Typewise 10 Years Solved PYQs (2026-2016) with 3 Multiple Sets of 2026 For 2027 Board Exams | Concept Maps, Competency Tagging",,2026-08-14 03:47:00,Krishna09,MTR.G1.R22.A01.L3.B2,5,,PW,BKP2604020238,Default Vendor,PRIME260800021413,Tushant,Sapra Book Depot,55332,PWH
PWH20373,ERP-B2B-SALE-2026-23636,2026-08-13 16:32:00,2026-08-13 16:43:00,Third Party,BKP2604020237,Cbse class 10 past 10 year chapterwise pyqs for Social Science,,2026-08-14 03:20:00,Krishna09,MTR.G0.R20.A12.L1.B1,5,,PW,BKP2604020237,Default Vendor,PRIME260800021412,Tushant,Sapra Book Depot,55332,PWH
PWH20373,ERP-B2B-SALE-2026-23636,2026-08-13 16:32:00,2026-08-13 16:43:00,Third Party,BKP2604437976,"PW CBSE Class 10 Science PYQ Chapter-wise, Topic-wise & Typewise 10 Years Solved PYQs (2026-2016) with 5 Multiple Sets of 2026 For 2027 Board Exams | Concept Maps, Competency Tagging, NCERT References",,2026-08-14 03:25:00,Krishna09,MTR.G3.R15.A08.L2.B2,5,,PW,BKP2604437976,Default Vendor,PRIME260800021412,Tushant,Sapra Book Depot,55332,PWH
PWH20373,ERP-B2B-SALE-2026-23636,2026-08-13 16:32:00,2026-08-13 16:43:00,Third Party,BKP2602019096,PW CBSE Question & Concept Bank (QCB) Class 12 Physics Chapter-wise and Topic-wise Solved Questions By Rakshak Sir For 2027 Board Exams with 50% Competency Based Question,,2026-08-14 03:46:00,Krishna09,MTR.G1.R21.A07.L1.B1,10,,PW,BKP2602019096,Default Vendor,PRIME260800021411,Tushant,Sapra Book Depot,55332,PWH
PWH20373,ERP-B2B-SALE-2026-23636,2026-08-13 16:32:00,2026-08-13 16:43:00,Third Party,BKP2602019196,PW CBSE Class 9 English Kaveri New NCERT 2026-27 Question and Concept Bank with NCERT Textbook Solutions and Competency Based Questions,,2026-08-14 03:38:00,Krishna09,MTR.G2.R01.A09.L3.B1,5,,PW,BKP2602019196,Default Vendor,PRIME260800021411,Tushant,Sapra Book Depot,55332,PWH
PWH20373,ERP-B2B-SALE-2026-23636,2026-08-13 16:32:00,2026-08-13 16:43:00,Third Party,BKP2602019199,PW CBSE Class 9 Science Exploration New NCERT 2026-27 Question and Concept Bank with NCERT Textbook Solutions and Competency Based Questions By Akshya Tyagi Sir,,2026-08-14 03:27:00,Krishna09,MTR.G3.R26.A08.L1.B1,5,,PW,BKP2602019199,Default Vendor,PRIME260800021413,Tushant,Sapra Book Depot,55332,PWH
PWH20373,ERP-B2B-SALE-2026-23636,2026-08-13 16:32:00,2026-08-13 16:43:00,Third Party,BKP2606844887,"PW New NCERT Class 9 Maths Ganita Manjari Part 1 Textbook Solutions with Mind Maps 2026-27 | Revision Book, Solved NCERT Intext Solutions and End Exercises",,2026-08-14 04:10:00,Krishna09,SPR.R3.A12.L1.B2,2,,PW,BKP2606844887,Default Vendor,PRIME260800021413,Tushant,Sapra Book Depot,55332,PWH
PWH20373,ERP-B2B-SALE-2026-23636,2026-08-13 16:32:00,2026-08-13 16:43:00,Third Party,BKP2606022950,"PW New NCERT Class 9 English Kaveri Textbook Solutions with Mind Maps 2026-27 | Revision Book, Solved NCERT Intext Solutions and End Exercises",,2026-08-14 04:08:00,Krishna09,SPR.R2.A9.L2.B1,5,,PW,BKP2606022950,Default Vendor,PRIME260800021413,Tushant,Sapra Book Depot,55332,PWH
PWH20373,ERP-B2B-SALE-2026-23636,2026-08-13 16:32:00,2026-08-13 16:43:00,Third Party,BKP2603019477,PW CBSE Question & Concept Bank (QCB) Class 10 Social Science Chapter-wise and Topic-wise Solved Questions By Siddarth Sharma & Ujjavala Punj For 2027 Board Exams with 50% Competency Based Question,,2026-08-14 03:18:00,Krishna09,MTR.G0.R16.A05.L3.B2,4,,PW,BKP2603019477,Default Vendor,PRIME260800021411,Tushant,Sapra Book Depot,55332,PWH
PWH20373,ERP-B2B-SALE-2026-23636,2026-08-13 16:32:00,2026-08-13 16:43:00,Third Party,BKP2606844887,"PW New NCERT Class 9 Maths Ganita Manjari Part 1 Textbook Solutions with Mind Maps 2026-27 | Revision Book, Solved NCERT Intext Solutions and End Exercises",,2026-08-14 04:10:00,Krishna09,SPR.R3.A12.L1.B2,3,,PW,BKP2606844887,Default Vendor,PRIME260800021412,Tushant,Sapra Book Depot,55332,PWH
PWH20373,ERP-B2B-SALE-2026-23636,2026-08-13 16:32:00,2026-08-13 16:43:00,Third Party,BKP2603019478,PW CBSE Question & Concept Bank (QCB) Class 10 Science Chapter-wise and Topic-wise Solved Questions By Samridhi Sharma For 2027 Board Exams with 50% Competency Based Question,,2026-08-14 03:40:00,Krishna09,MTR.G2.R11.A09.L1.B2,1,,PW,BKP2603019478,Default Vendor,PRIME260800021413,Tushant,Sapra Book Depot,55332,PWH
PWH20374,ERP-B2B-SALE-2026-23637,2026-08-13 16:32:00,2026-08-13 16:43:00,Third Party,BKP2605021581,PW Objective NCERT Punch 5.0 Biology For NEET 2027 By Dr. Vipin Kumar Sharma l Updated with Most Probable NEET Potential Questions (NPQ) For End Time Preparation,,2026-08-13 23:14:00,mohit5,SPR.R2.A1.L3.B2,8,,PW,BKP2605021581,Default Vendor,PRIME260800027458,Tushant,M/S Aman Book Stall,55344,PWH
PWH20374,ERP-B2B-SALE-2026-23637,2026-08-13 16:32:00,2026-08-13 16:43:00,Third Party,BKP2605021581,PW Objective NCERT Punch 5.0 Biology For NEET 2027 By Dr. Vipin Kumar Sharma l Updated with Most Probable NEET Potential Questions (NPQ) For End Time Preparation,,2026-08-13 23:13:00,mohit5,SPR.R2.A1.L3.B2,8,,PW,BKP2605021581,Default Vendor,PRIME260800027460,Tushant,M/S Aman Book Stall,55344,PWH
PWH20374,ERP-B2B-SALE-2026-23637,2026-08-13 16:32:00,2026-08-13 16:43:00,Third Party,BKP2605021581,PW Objective NCERT Punch 5.0 Biology For NEET 2027 By Dr. Vipin Kumar Sharma l Updated with Most Probable NEET Potential Questions (NPQ) For End Time Preparation,,2026-08-13 23:13:00,mohit5,SPR.R2.A1.L3.B2,6,,PW,BKP2605021581,Default Vendor,PRIME260800027459,Tushant,M/S Aman Book Stall,55344,PWH
PWH20374,ERP-B2B-SALE-2026-23637,2026-08-13 16:32:00,2026-08-13 16:43:00,Third Party,BKP2605021581,PW Objective NCERT Punch 5.0 Biology For NEET 2027 By Dr. Vipin Kumar Sharma l Updated with Most Probable NEET Potential Questions (NPQ) For End Time Preparation,,2026-08-13 23:01:00,mohit5,MTR.G2.R02.A04.L1.B1,3,,PW,BKP2605021581,Default Vendor,PRIME260800027461,Tushant,M/S Aman Book Stall,55344,PWH
PWH20374,ERP-B2B-SALE-2026-23637,2026-08-13 16:32:00,2026-08-13 16:43:00,Third Party,BKP2605021580,PW Objective NCERT Punch 5.0 Physics For NEET 2027 By Dr. Manish Raj (MR Sir) l Updated with Most Probable NEET Potential Questions (NPQ) For End Time Preparation,,2026-08-13 23:06:00,mohit5,SPR.R25.A11.L0.B2,10,,PW,BKP2605021580,Default Vendor,PRIME260800027462,Tushant,M/S Aman Book Stall,55344,PWH
PWH20374,ERP-B2B-SALE-2026-23637,2026-08-13 16:32:00,2026-08-13 16:43:00,Third Party,BKP2605021580,PW Objective NCERT Punch 5.0 Physics For NEET 2027 By Dr. Manish Raj (MR Sir) l Updated with Most Probable NEET Potential Questions (NPQ) For End Time Preparation,,2026-08-13 23:06:00,mohit5,SPR.R25.A11.L0.B2,10,,PW,BKP2605021580,Default Vendor,PRIME260800027463,Tushant,M/S Aman Book Stall,55344,PWH
PWH20374,ERP-B2B-SALE-2026-23637,2026-08-13 16:32:00,2026-08-13 16:43:00,Third Party,BKP2605021580,PW Objective NCERT Punch 5.0 Physics For NEET 2027 By Dr. Manish Raj (MR Sir) l Updated with Most Probable NEET Potential Questions (NPQ) For End Time Preparation,,2026-08-13 22:59:00,mohit5,MTR.G2.R25.A04.L4.B1,5,,PW,BKP2605021580,Default Vendor,PRIME260800027461,Tushant,M/S Aman Book Stall,55344,PWH
PWH20374,ERP-B2B-SALE-2026-23637,2026-08-13 16:32:00,2026-08-13 16:43:00,Third Party,BKP2605021582,PW Objective NCERT Punch 5.0 Chemistry For NEET 2027 By Pankaj Sijairya l Updated with Most Probable NEET Potential Questions (NPQ) For End Time Preparation,,2026-08-13 23:10:00,mohit5,SPR.R9.A12.L4.B1,12,,PW,BKP2605021582,Default Vendor,PRIME260800027465,Tushant,M/S Aman Book Stall,55344,PWH
PWH20374,ERP-B2B-SALE-2026-23637,2026-08-13 16:32:00,2026-08-13 16:43:00,Third Party,BKP2605021582,PW Objective NCERT Punch 5.0 Chemistry For NEET 2027 By Pankaj Sijairya l Updated with Most Probable NEET Potential Questions (NPQ) For End Time Preparation,,2026-08-13 23:10:00,mohit5,SPR.R9.A12.L4.B1,12,,PW,BKP2605021582,Default Vendor,PRIME260800027464,Tushant,M/S Aman Book Stall,55344,PWH
PWH20374,ERP-B2B-SALE-2026-23637,2026-08-13 16:32:00,2026-08-13 16:43:00,Third Party,BKP2605021582,PW Objective NCERT Punch 5.0 Chemistry For NEET 2027 By Pankaj Sijairya l Updated with Most Probable NEET Potential Questions (NPQ) For End Time Preparation,,2026-08-13 22:57:00,mohit5,MTR.G0.R46.A10.L4.B1,1,,PW,BKP2605021582,Default Vendor,PRIME260800027461,Tushant,M/S Aman Book Stall,55344,PWH
PWH20375,ERP-B2B-SALE-2026-23638,2026-08-13 16:32:00,2026-08-13 16:43:00,Third Party,BKP2309007187,"Physics Med Easy 2.0 Notes | Notes, Formulas, Mnemonics, Tips & Tricks for NEET/JEE & Board Exams | Dr. Manish Raj (MR Sir) Physics Handwritten Notes",,2026-08-14 01:21:00,ANAS02,SPR.R29.A8.L1.B4,1,,PW,BKP2309007187,Default Vendor,PRIME260800021426,Tushant,Stuti Book Agency_TEST PREP,55325,PWH
PWH20375,ERP-B2B-SALE-2026-23638,2026-08-13 16:32:00,2026-08-13 16:43:00,Third Party,BKP2309007187,"Physics Med Easy 2.0 Notes | Notes, Formulas, Mnemonics, Tips & Tricks for NEET/JEE & Board Exams | Dr. Manish Raj (MR Sir) Physics Handwritten Notes",,2026-08-14 03:21:00,ANAS02,MTR.G0.R10.A10.L2.B2,4,,PW,BKP2309007187,Default Vendor,PRIME260800021424,Tushant,Stuti Book Agency_TEST PREP,55325,PWH
PWH20375,ERP-B2B-SALE-2026-23638,2026-08-13 16:32:00,2026-08-13 16:43:00,Third Party,BKP2402007120,"Botany Med Easy Dr. Vipin Sharma Handwritten Notes | Flow Charts, Mindmaps, Mnemonics for NEET & Board Exams as per latest NMC NEET Syllabus",,2026-08-14 02:48:00,ANAS02,MTR.G1.R04.A02.L2.B2,11,,PW,BKP2402007120,Default Vendor,PRIME260800021416,Tushant,Stuti Book Agency_TEST PREP,55325,PWH
PWH20375,ERP-B2B-SALE-2026-23638,2026-08-13 16:32:00,2026-08-13 16:43:00,Third Party,BKP2503007173,PW EaJEE Handwritten Notes For Physical Chemistry By Faisal Razaq | Chapterwise and Topicwise 1200+ Questions | Complete JEE Main & Advanced Syllabus | Handpicked PYQs,,2026-08-14 02:45:00,ANAS02,MTR.G1.R24.A10.L2.B1,2,,PW,BKP2503007173,Default Vendor,PRIME260800021421,Tushant,Stuti Book Agency_TEST PREP,55325,PWH
PWH20375,ERP-B2B-SALE-2026-23638,2026-08-13 16:32:00,2026-08-13 16:43:00,Third Party,BKP2505006708,UPSC NDA/NA National Defence Academy & Naval Academy 10 Previous Year Solved Papers (PYQs) 2019-2025 & 10 Mock Tests with 20 OMR Sheets For NDA Exams 2025-2026,,2026-08-14 02:41:00,ANAS02,MTR.G1.R47.A09.L4.B1,3,,PW,BKP2505006708,Default Vendor,PRIME260800021417,Tushant,Stuti Book Agency_TEST PREP,55325,PWH
PWH20375,ERP-B2B-SALE-2026-23638,2026-08-13 16:32:00,2026-08-13 16:43:00,Third Party,BKP2503007163,"Chemistry Med Easy | Notes, Formulas, Tips & Tricks for NEET/JEE & Board Exams | Pankaj Sir Chemistry Handwritten Notes",,2026-08-14 03:18:00,ANAS02,MTR.G0.R02.A10.L3.B1,10,,PW,BKP2503007163,Default Vendor,PRIME260800021415,Tushant,Stuti Book Agency_TEST PREP,55325,PWH
PWH20375,ERP-B2B-SALE-2026-23638,2026-08-13 16:32:00,2026-08-13 16:43:00,Third Party,BKP2508007218,NEET Easy Handwritten Notes Inorganic Chemistry For NEET & JEE Main By Om Pandey | Chapterwise and Topicwise Questions | Backlog Killer Notes with Handpicked PYQs [paperback] Om Pandey,,2026-08-14 03:30:00,ANAS02,MTR.G0.R32.A11.L2.B2,3,,PW,BKP2508007218,Default Vendor,PRIME260800021424,Tushant,Stuti Book Agency_TEST PREP,55325,PWH
PWH20375,ERP-B2B-SALE-2026-23638,2026-08-13 16:32:00,2026-08-13 16:43:00,Third Party,BKP2509006814,"All in One IBPS RRB PO Prelims & Mains (Officers Scale-l) Exams 2025-26 By Mayank Sir & Vidhu Sir | Chapterwise Theory, Practice Questions | 10 Past Year Papers (PYQ)",,2026-08-14 02:26:00,ANAS02,MTR.G2.R48.A12.L1.B2,1,,PW,BKP2509006814,Default Vendor,PRIME260800021425,Tushant,Stuti Book Agency_TEST PREP,55325,PWH
PWH20375,ERP-B2B-SALE-2026-23638,2026-08-13 16:32:00,2026-08-13 16:43:00,Third Party,BKP2509006814,"All in One IBPS RRB PO Prelims & Mains (Officers Scale-l) Exams 2025-26 By Mayank Sir & Vidhu Sir | Chapterwise Theory, Practice Questions | 10 Past Year Papers (PYQ)",,2026-08-14 01:52:00,ANAS02,MTR.G3.R42.A02.L3.B2,1,,PW,BKP2509006814,Default Vendor,PRIME260800021425,Tushant,Stuti Book Agency_TEST PREP,55325,PWH
PWH20375,ERP-B2B-SALE-2026-23638,2026-08-13 16:32:00,2026-08-13 16:43:00,Third Party,BKP2503009023,"Class 12 Board The Catalyst For Biology with Most Relevant Practice Questions Booklet By Samapti Mam & Yashika Mam For 2026 Exam | Handwritten Notes | Detailed Theory, PYQs",,2026-08-14 01:17:00,ANAS02,SPR.R26.A8.L0.B4,1,,PW,BKP2503009023,Default Vendor,PRIME260800021426,Tushant,Stuti Book Agency_TEST PREP,55325,PWH
PWH20375,ERP-B2B-SALE-2026-23638,2026-08-13 16:32:00,2026-08-13 16:43:00,Third Party,BKP2503009023,"Class 12 Board The Catalyst For Biology with Most Relevant Practice Questions Booklet By Samapti Mam & Yashika Mam For 2026 Exam | Handwritten Notes | Detailed Theory, PYQs",,2026-08-14 01:17:00,ANAS02,SPR.R26.A8.L1.B4,1,,PW,BKP2503009023,Default Vendor,PRIME260800021426,Tushant,Stuti Book Agency_TEST PREP,55325,PWH
PWH20375,ERP-B2B-SALE-2026-23638,2026-08-13 16:32:00,2026-08-13 16:43:00,Third Party,BKP2503009023,"Class 12 Board The Catalyst For Biology with Most Relevant Practice Questions Booklet By Samapti Mam & Yashika Mam For 2026 Exam | Handwritten Notes | Detailed Theory, PYQs",,2026-08-14 01:33:00,ANAS02,SPR.R6.A3.L0.B2,1,,PW,BKP2503009023,Default Vendor,PRIME260800021426,Tushant,Stuti Book Agency_TEST PREP,55325,PWH
PWH20375,ERP-B2B-SALE-2026-23638,2026-08-13 16:32:00,2026-08-13 16:43:00,Third Party,BKP2510017435,"PW Shaurya NDA/NA General Ability Science Book with Latest 2025 Solved Paper | Physics, Chemistry, Biology For 2025-26 Exam",,2026-08-14 02:43:00,ANAS02,MTR.G1.R43.A09.L4.B1,2,,PW,BKP2510017435,Default Vendor,PRIME260800021417,Tushant,Stuti Book Agency_TEST PREP,55325,PWH
PWH20375,ERP-B2B-SALE-2026-23638,2026-08-13 16:32:00,2026-08-13 16:43:00,Third Party,BKP2512237185,"NEET Biology Immunity Booster Class 11 By Dr. Akanksha Agarwal (Gurumaa) For 2026 Exam | Handwritten Notes | NCERT Based Concepts, PYQs, Tips, Tricks, Flowcharts, Mind Maps & Quick Revision",,2026-08-14 03:22:00,ANAS02,MTR.G0.R16.A07.L2.B1,2,,PW,BKP2512237185,Default Vendor,PRIME260800021422,Tushant,Stuti Book Agency_TEST PREP,55325,PWH
PWH20375,ERP-B2B-SALE-2026-23638,2026-08-13 16:32:00,2026-08-13 16:43:00,Third Party,BKP2512198379,"PW CAT PYQ 28 Years Chapterwise & Topicwise Previous Years Solved Papers PYQ Book For 2026 Exams | 2500+ Questions, Mind Maps, Detailed Solutions, Trend Analysis",,2026-08-14 03:20:00,ANAS02,MTR.G0.R07.A09.L4.B1,1,,PW,BKP2512198379,Default Vendor,PRIME260800021419,Tushant,Stuti Book Agency_TEST PREP,55325,PWH
PWH20375,ERP-B2B-SALE-2026-23638,2026-08-13 16:32:00,2026-08-13 16:43:00,Third Party,BKP2601695439,PW 33 SSC CGL PYQ (Combined Graduate Level) Tier 1 (Hindi) Previous Year Solved Papers (2025-2018) with 5 Online Mock Tests For 2026-2027 Exam | Yearwise PYQs | Fully Solved,,2026-08-14 03:32:00,ANAS02,MTR.G0.R41.A09.L2.B2,5,,PW,BKP2601695439,Default Vendor,PRIME260800021416,Tushant,Stuti Book Agency_TEST PREP,55325,PWH
PWH20375,ERP-B2B-SALE-2026-23638,2026-08-13 16:32:00,2026-08-13 16:43:00,Third Party,BKP2602221941,PW 33 SSC CGL PYQ (Combined Graduate Level) Tier 1 Previous Year Solved Papers (2025-2018) with 5 Online Mock Tests For 2026-27 Exam | Yearwise PYQs | Fully Solved | English Edition,,2026-08-14 02:02:00,ANAS02,MTR.G3.R02.A08.L4.B2,7,,PW,BKP2602221941,Default Vendor,PRIME260800021421,Tushant,Stuti Book Agency_TEST PREP,55325,PWH
PWH20375,ERP-B2B-SALE-2026-23638,2026-08-13 16:32:00,2026-08-13 16:43:00,Third Party,BKP2512818704,"NEET Biology Immunity Booster Class 12 By Dr. Akanksha Agarwal (Gurumaa) For 2026 Exam | Handwritten Notes | NCERT Based Concepts, PYQs, Tips, Tricks, Flowcharts, Mind Maps & Quick Revision",,2026-08-14 03:29:00,ANAS02,MTR.G0.R32.A06.L1.B1,2,,PW,BKP2512818704,Default Vendor,PRIME260800021417,Tushant,Stuti Book Agency_TEST PREP,55325,PWH
PWH20375,ERP-B2B-SALE-2026-23638,2026-08-13 16:32:00,2026-08-13 16:43:00,Third Party,BKP2602019208,PW IBPS Clerk PYQ - 27 Year-wise Prelims & Mains Previous Year Solved Papers Till Nov 2025 with 15 Online CBT Tests For Exam 2026-27 | 3750 PYQs | English Edition,,2026-08-14 02:20:00,ANAS02,MTR.G2.R08.A11.L2.B1,3,,PW,BKP2602019208,Default Vendor,PRIME260800021424,Tushant,Stuti Book Agency_TEST PREP,55325,PWH
PWH20375,ERP-B2B-SALE-2026-23638,2026-08-13 16:32:00,2026-08-13 16:43:00,Third Party,BKP2602019200,PW IBPS PO PYQ - 27 Year-wise Prelims & Mains Previous Year Solved Papers Till Oct 2025 with 15 Online CBT Tests for Exam 2026-27 | 3250 PYQs | English Edition,,2026-08-14 03:22:00,ANAS02,MTR.G0.R14.A01.L3.B2,3,,PW,BKP2602019200,Default Vendor,PRIME260800021423,Tushant,Stuti Book Agency_TEST PREP,55325,PWH
PWH20375,ERP-B2B-SALE-2026-23638,2026-08-13 16:32:00,2026-08-13 16:43:00,Third Party,BKP2603019478,PW CBSE Question & Concept Bank (QCB) Class 10 Science Chapter-wise and Topic-wise Solved Questions By Samridhi Sharma For 2027 Board Exams with 50% Competency Based Question,,2026-08-14 02:23:00,ANAS02,MTR.G2.R11.A09.L1.B2,5,,PW,BKP2603019478,Default Vendor,PRIME260800021426,Tushant,Stuti Book Agency_TEST PREP,55325,PWH
PWH20375,ERP-B2B-SALE-2026-23638,2026-08-13 16:32:00,2026-08-13 16:43:00,Third Party,BKP2603019479,PW CBSE Question & Concept Bank (QCB) Class 10 Maths (Standard) Chapter-wise and Topic-wise Solved Questions By Ritik Mishra For 2027 Board Exams with 50% Competency Based Question,,2026-08-14 02:00:00,ANAS02,MTR.G3.R12.A06.L2.B1,2,,PW,BKP2603019479,Default Vendor,PRIME260800021423,Tushant,Stuti Book Agency_TEST PREP,55325,PWH
PWH20375,ERP-B2B-SALE-2026-23638,2026-08-13 16:32:00,2026-08-13 16:43:00,Third Party,BKP2603019477,PW CBSE Question & Concept Bank (QCB) Class 10 Social Science Chapter-wise and Topic-wise Solved Questions By Siddarth Sharma & Ujjavala Punj For 2027 Board Exams with 50% Competency Based Question,,2026-08-14 01:27:00,ANAS02,SPR.R11.A8.L0.B2,11,,PW,BKP2603019477,Default Vendor,PRIME260800028505,Tushant,Stuti Book Agency_TEST PREP,55325,PWH
PWH20375,ERP-B2B-SALE-2026-23638,2026-08-13 16:32:00,2026-08-13 16:43:00,Third Party,BKP2602664336,CLAT & AILET 14 Previous Years Solved Papers (2020-2026) Yearwise with Detailed Explanation For 2027 Exam,,2026-08-14 02:44:00,ANAS02,MTR.G1.R37.A05.L3.B2,3,,PW,BKP2602664336,Default Vendor,PRIME260800021417,Tushant,Stuti Book Agency_TEST PREP,55325,PWH
PWH20375,ERP-B2B-SALE-2026-23638,2026-08-13 16:32:00,2026-08-13 16:43:00,Third Party,BKP2602779269,PW 24 SBI PO Prelims & Mains Previous Year Solved Papers (Till Sept 2025) with 15 Online CBT Tests For 2026 Exam | 3075+ PYQ Questions | Fully Solved,,2026-08-14 03:19:00,ANAS02,MTR.G0.R03.A01.L4.B1,5,,PW,BKP2602779269,Default Vendor,PRIME260800021415,Tushant,Stuti Book Agency_TEST PREP,55325,PWH
PWH20375,ERP-B2B-SALE-2026-23638,2026-08-13 16:32:00,2026-08-13 16:43:00,Third Party,BKP2602019192,PW 24 SBI Clerk PYQ - Prelims & Mains Previous Year Solved Papers (Till Nov 2025) with 15 Online CBT Tests For 2026 Exam | 3500 PYQ Questions | Fully Solved,,2026-08-14 01:24:00,ANAS02,SPR.R18.A11.L2.B2,4,,PW,BKP2602019192,Default Vendor,PRIME260800028505,Tushant,Stuti Book Agency_TEST PREP,55325,PWH
PWH20375,ERP-B2B-SALE-2026-23638,2026-08-13 16:32:00,2026-08-13 16:43:00,Third Party,BKP2602019192,PW 24 SBI Clerk PYQ - Prelims & Mains Previous Year Solved Papers (Till Nov 2025) with 15 Online CBT Tests For 2026 Exam | 3500 PYQ Questions | Fully Solved,,2026-08-14 02:02:00,ANAS02,MTR.G3.R03.A07.L2.B2,1,,PW,BKP2602019192,Default Vendor,PRIME260800021421,Tushant,Stuti Book Agency_TEST PREP,55325,PWH
PWH20375,ERP-B2B-SALE-2026-23638,2026-08-13 16:32:00,2026-08-13 16:43:00,Third Party,BKP2603216361,PW CBSE Question & Concept Bank (QCB) Class 10 Basic Maths Chapter-wise and Topic-wise Solved Questions For 2027 Board Exams with 50% Competency Based Question,,2026-08-14 02:26:00,ANAS02,MTR.G2.R46.A10.L4.B1,2,,PW,BKP2603216361,Default Vendor,PRIME260800021421,Tushant,Stuti Book Agency_TEST PREP,55325,PWH
PWH20375,ERP-B2B-SALE-2026-23638,2026-08-13 16:32:00,2026-08-13 16:43:00,Third Party,BKP2604020480,PW JEE Main 8 Years (2019 - 2026) PYQs Chemistry Chapterwise and Topicwise | All 162 Sets Previous Years Solved Papers For JEE Main 2027 Exams | Concentrate on Relevance,,2026-08-14 02:47:00,ANAS02,MTR.G1.R12.A05.L4.B1,2,,PW,BKP2604020480,Default Vendor,PRIME260800021422,Tushant,Stuti Book Agency_TEST PREP,55325,PWH
PWH20375,ERP-B2B-SALE-2026-23638,2026-08-13 16:32:00,2026-08-13 16:43:00,Third Party,BKP2602019098,PW CBSE Question & Concept Bank (QCB) Class 12 Biology Chapter-wise and Topic-wise Solved Questions By Samridhi Mam & Aarushi Mam For 2027 Board Exams with 50% Competency Based Question,,2026-08-14 02:01:00,ANAS02,MTR.G3.R11.A06.L4.B2,5,,PW,BKP2602019098,Default Vendor,PRIME260800021419,Tushant,Stuti Book Agency_TEST PREP,55325,PWH
PWH20375,ERP-B2B-SALE-2026-23638,2026-08-13 16:32:00,2026-08-13 16:43:00,Third Party,BKP2604020239,Cbse class 10 past 10 year chapterwise pyqs for Maths,,2026-08-14 03:17:00,ANAS02,MTR.G0.R01.A11.L4.B1,2,,PW,BKP2604020239,Default Vendor,PRIME260800021416,Tushant,Stuti Book Agency_TEST PREP,55325,PWH
PWH20375,ERP-B2B-SALE-2026-23638,2026-08-13 16:32:00,2026-08-13 16:43:00,Third Party,BKP2604020238,"CBSE Class 10 English Language & Literature Chapter-wise, Topic-wise & Typewise 10 Years Solved PYQs (2026-2016) with 3 Multiple Sets of 2026 For 2027 Board Exams | Concept Maps, Competency Tagging",,2026-08-14 02:46:00,ANAS02,MTR.G1.R22.A01.L3.B2,5,,PW,BKP2604020238,Default Vendor,PRIME260800021417,Tushant,Stuti Book Agency_TEST PREP,55325,PWH
PWH20375,ERP-B2B-SALE-2026-23638,2026-08-13 16:32:00,2026-08-13 16:43:00,Third Party,BKP2604020237,Cbse class 10 past 10 year chapterwise pyqs for Social Science,,2026-08-14 03:25:00,ANAS02,MTR.G0.R20.A12.L1.B1,5,,PW,BKP2604020237,Default Vendor,PRIME260800021422,Tushant,Stuti Book Agency_TEST PREP,55325,PWH
PWH20375,ERP-B2B-SALE-2026-23638,2026-08-13 16:32:00,2026-08-13 16:43:00,Third Party,BKP2603019883,"SSC Game Changer General Awareness (Hindi) 8350+ PYQ For 2026 Exams | Chapter, Topic & Exam-wise Previous Year Solved Questions | For CGL, CHSL, MTS, CPO, GD, Delhi Police, Steno",,2026-08-14 03:20:00,ANAS02,MTR.G0.R08.A01.L4.B1,1,,PW,BKP2603019883,Default Vendor,PRIME260800021424,Tushant,Stuti Book Agency_TEST PREP,55325,PWH
PWH20375,ERP-B2B-SALE-2026-23638,2026-08-13 16:32:00,2026-08-13 16:43:00,Third Party,BKP2603019881,"PW SSC Game Changer Reasoning PYQ 7050+ For 2026 Exams | Chapter, Topic & Exam-wise Previous Year Solved Questions | For CGL, CHSL, MTS, CPO, GD, Delhi Police, Steno",,2026-08-14 03:18:00,ANAS02,MTR.G0.R03.A04.L2.B1,1,,PW,BKP2603019881,Default Vendor,PRIME260800021415,Tushant,Stuti Book Agency_TEST PREP,55325,PWH
PWH20375,ERP-B2B-SALE-2026-23638,2026-08-13 16:32:00,2026-08-13 16:43:00,Third Party,BKP2604191936,PW NEET PYQ 39 Years Biology For 2027 Exam | PYQ Deja Vu | Additional PYQs from Re-NEET and Other States | Chapterwise and Topicwise Solutions (2026-1988) with Highlighted Must Revise Questions,,2026-08-14 01:31:00,ANAS02,SPR.R7.A1.L2.B1,1,,PW,BKP2604191936,Default Vendor,PRIME260800028505,Tushant,Stuti Book Agency_TEST PREP,55325,PWH
PWH20375,ERP-B2B-SALE-2026-23638,2026-08-13 16:32:00,2026-08-13 16:43:00,Third Party,BKP2604191936,PW NEET PYQ 39 Years Biology For 2027 Exam | PYQ Deja Vu | Additional PYQs from Re-NEET and Other States | Chapterwise and Topicwise Solutions (2026-1988) with Highlighted Must Revise Questions,,2026-08-14 02:49:00,ANAS02,MTR.G1.R03.A03.L2.B2,6,,PW,BKP2604191936,Default Vendor,PRIME260800021416,Tushant,Stuti Book Agency_TEST PREP,55325,PWH
PWH20375,ERP-B2B-SALE-2026-23638,2026-08-13 16:32:00,2026-08-13 16:43:00,Third Party,BKP2604020970,PW NEET PYQ 39 Years Physics For 2027 Exam | PYQ Deja Vu | Additional PYQs from Re-NEET and Other States | Chapterwise and Topicwise Solutions (2026-1988) with Highlighted Must Revise Questions,,2026-08-14 03:25:00,ANAS02,MTR.G0.R20.A07.L3.B1,1,,PW,BKP2604020970,Default Vendor,PRIME260800021420,Tushant,Stuti Book Agency_TEST PREP,55325,PWH
PWH20375,ERP-B2B-SALE-2026-23638,2026-08-13 16:32:00,2026-08-13 16:43:00,Third Party,BKP2604020970,PW NEET PYQ 39 Years Physics For 2027 Exam | PYQ Deja Vu | Additional PYQs from Re-NEET and Other States | Chapterwise and Topicwise Solutions (2026-1988) with Highlighted Must Revise Questions,,2026-08-14 02:44:00,ANAS02,MTR.G1.R37.A06.L2.B1,1,,PW,BKP2604020970,Default Vendor,PRIME260800021420,Tushant,Stuti Book Agency_TEST PREP,55325,PWH
PWH20375,ERP-B2B-SALE-2026-23638,2026-08-13 16:32:00,2026-08-13 16:43:00,Third Party,BKP2604020970,PW NEET PYQ 39 Years Physics For 2027 Exam | PYQ Deja Vu | Additional PYQs from Re-NEET and Other States | Chapterwise and Topicwise Solutions (2026-1988) with Highlighted Must Revise Questions,,2026-08-14 02:01:00,ANAS02,MTR.G3.R02.A06.L4.B2,2,,PW,BKP2604020970,Default Vendor,PRIME260800021422,Tushant,Stuti Book Agency_TEST PREP,55325,PWH
PWH20375,ERP-B2B-SALE-2026-23638,2026-08-13 16:32:00,2026-08-13 16:43:00,Third Party,BKP2604020971,PW NEET PYQ 39 Years Chemistry For 2027 Exam | PYQ Deja Vu | Additional PYQs from Re-NEET and Other States | Chapterwise and Topicwise Solutions (2026-1988) with Highlighted Must Revise Questions,,2026-08-14 03:26:00,ANAS02,MTR.G0.R22.A06.L4.B2,1,,PW,BKP2604020971,Default Vendor,PRIME260800021417,Tushant,Stuti Book Agency_TEST PREP,55325,PWH
PWH20375,ERP-B2B-SALE-2026-23638,2026-08-13 16:32:00,2026-08-13 16:43:00,Third Party,BKP2604020971,PW NEET PYQ 39 Years Chemistry For 2027 Exam | PYQ Deja Vu | Additional PYQs from Re-NEET and Other States | Chapterwise and Topicwise Solutions (2026-1988) with Highlighted Must Revise Questions,,2026-08-14 02:42:00,ANAS02,MTR.G1.R47.A01.L3.B1,3,,PW,BKP2604020971,Default Vendor,PRIME260800021421,Tushant,Stuti Book Agency_TEST PREP,55325,PWH
PWH20375,ERP-B2B-SALE-2026-23638,2026-08-13 16:32:00,2026-08-13 16:43:00,Third Party,BKP2604020971,PW NEET PYQ 39 Years Chemistry For 2027 Exam | PYQ Deja Vu | Additional PYQs from Re-NEET and Other States | Chapterwise and Topicwise Solutions (2026-1988) with Highlighted Must Revise Questions,,2026-08-14 02:03:00,ANAS02,MTR.G3.R01.A07.L3.B1,3,,PW,BKP2604020971,Default Vendor,PRIME260800021421,Tushant,Stuti Book Agency_TEST PREP,55325,PWH
PWH20375,ERP-B2B-SALE-2026-23638,2026-08-13 16:32:00,2026-08-13 16:43:00,Third Party,BKP2604437976,"PW CBSE Class 10 Science PYQ Chapter-wise, Topic-wise & Typewise 10 Years Solved PYQs (2026-2016) with 5 Multiple Sets of 2026 For 2027 Board Exams | Concept Maps, Competency Tagging, NCERT References",,2026-08-14 01:59:00,ANAS02,MTR.G3.R15.A08.L2.B2,5,,PW,BKP2604437976,Default Vendor,PRIME260800021419,Tushant,Stuti Book Agency_TEST PREP,55325,PWH
PWH20375,ERP-B2B-SALE-2026-23638,2026-08-13 16:32:00,2026-08-13 16:43:00,Third Party,BKP2603019878,"PW SSC Game Changer General Awareness PYQ  8350+ MCQs For 2026 Exams | Chapter, Topic & Exam-wise Previous Year Solved Questions | For CGL, CHSL, MTS, CPO, GD, Delhi Police, Steno",,2026-08-14 02:42:00,ANAS02,MTR.G1.R44.A04.L4.B1,2,,PW,BKP2603019878,Default Vendor,PRIME260800021421,Tushant,Stuti Book Agency_TEST PREP,55325,PWH
PWH20375,ERP-B2B-SALE-2026-23638,2026-08-13 16:32:00,2026-08-13 16:43:00,Third Party,BKP2603019882,"PW SSC Game Changer English PYQ 7550+ MCQs For 2026 Exams | Chapter, Topic & Exam-wise Previous Year Solved Questions | For CGL, CHSL, MTS, CPO, GD, Delhi Police, Steno",,2026-08-14 03:24:00,ANAS02,MTR.G0.R19.A12.L3.B2,3,,PW,BKP2603019882,Default Vendor,PRIME260800021415,Tushant,Stuti Book Agency_TEST PREP,55325,PWH
PWH20375,ERP-B2B-SALE-2026-23638,2026-08-13 16:32:00,2026-08-13 16:43:00,Third Party,BKP2603019880,"PW SSC Game Changer Maths PYQ 7750+ MCQs For 2026 Exams | Chapter, Topic & Exam-wise Previous Year Solved Questions | For CGL, CHSL, MTS, CPO, GD, Delhi Police, Steno",,2026-08-14 03:29:00,ANAS02,MTR.G0.R30.A08.L3.B1,2,,PW,BKP2603019880,Default Vendor,PRIME260800021423,Tushant,Stuti Book Agency_TEST PREP,55325,PWH
PWH20375,ERP-B2B-SALE-2026-23638,2026-08-13 16:32:00,2026-08-13 16:43:00,Third Party,BKP2604020429,"PW Banking Game Changer English Language Prepnotes & 3000+ PYQs By Anchal Ma'am For 2026-27 Exams | Chapterwise Theory with 15 Online CBT Tests | IBPS PO & Clerk, SBI PO & Clerk, RRB PO & Clerk Exams",,2026-08-14 02:24:00,ANAS02,MTR.G2.R14.A12.L4.B2,3,,PW,BKP2604020429,Default Vendor,PRIME260800021418,Tushant,Stuti Book Agency_TEST PREP,55325,PWH
PWH20375,ERP-B2B-SALE-2026-23638,2026-08-13 16:32:00,2026-08-13 16:43:00,Third Party,BKP2604020428,"PW Banking Game Changer Reasoning Ability Prepnotes & 3000+ PYQs By Sachin Sir For 2026-27 Exams | Chapterwise Theory with 15 Online CBT Tests | IBPS PO & Clerk, SBI PO & Clerk, RRB PO & Clerk Exams",,2026-08-14 01:52:00,ANAS02,MTR.G3.R42.A05.L3.B2,3,,PW,BKP2604020428,Default Vendor,PRIME260800021425,Tushant,Stuti Book Agency_TEST PREP,55325,PWH
PWH20375,ERP-B2B-SALE-2026-23638,2026-08-13 16:32:00,2026-08-13 16:43:00,Third Party,BKP2602909300,PW All in One IBPS Clerk 2026 Book Prelims & Mains Exams | Chapterwise Theory and Exercises | 12 Previous Year Solved Papers PYQ Till Oct 2025 and 15 Online CBT Tests English Edition,,2026-08-14 01:54:00,ANAS02,MTR.G3.R32.A09.L3.B1,2,,PW,BKP2602909300,Default Vendor,PRIME260800021425,Tushant,Stuti Book Agency_TEST PREP,55325,PWH
PWH20375,ERP-B2B-SALE-2026-23638,2026-08-13 16:32:00,2026-08-13 16:43:00,Third Party,BKP2605021566,"PW NEET PYQ 14 Years (2026-2013) Chapterwise & Topicwise Solved Papers | Additional PYQs of Re-NEET of 2026 & 2024, 2023 Manipur & More | Past Year Questions with Detailed Solutions",,2026-08-14 02:47:00,ANAS02,MTR.G1.R20.A09.L4.B2,4,,PW,BKP2605021566,Default Vendor,PRIME260800021416,Tushant,Stuti Book Agency_TEST PREP,55325,PWH
PWH20375,ERP-B2B-SALE-2026-23638,2026-08-13 16:32:00,2026-08-13 16:43:00,Third Party,BKP2604020283,"PW ICSE Class 10 PYQs - Past 10 Years Solved Papers (2026-2016) For 2027 Exams | Physics, Chemistry, Maths, Biology, Economics, History & Civics, Geography, CA, English Paper 1 & 2",,2026-08-14 03:23:00,ANAS02,MTR.G0.R18.A12.L4.B2,8,,PW,BKP2604020283,Default Vendor,PRIME260800021420,Tushant,Stuti Book Agency_TEST PREP,55325,PWH
PWH20375,ERP-B2B-SALE-2026-23638,2026-08-13 16:32:00,2026-08-13 16:43:00,Third Party,BKP2604020430,"Banking Game Changer Banking Awareness Prepnotes & 3000+ PYQs By Shushmita Mam For 2026-27 Exams | Chapterwise Theory with 15 Online CBT Tests | IBPS PO & Clerk, SBI PO & Clerk, RRB PO & Clerk Exams",,2026-08-14 03:32:00,ANAS02,MTR.G0.R45.A09.L3.B2,3,,PW,BKP2604020430,Default Vendor,PRIME260800021417,Tushant,Stuti Book Agency_TEST PREP,55325,PWH
PWH20375,ERP-B2B-SALE-2026-23638,2026-08-13 16:32:00,2026-08-13 16:43:00,Third Party,BKP2604120560,"Banking Game Changer Quantitative Aptitude Prepnotes & 3000+ PYQs By Sumit Sir For 2026-27 Exams | Chapterwise Theory with 15 Online CBT Tests | IBPS PO & Clerk, SBI PO & Clerk, RRB PO & Clerk Exams",,2026-08-14 03:28:00,ANAS02,MTR.G0.R27.A04.L3.B2,3,,PW,BKP2604120560,Default Vendor,PRIME260800021423,Tushant,Stuti Book Agency_TEST PREP,55325,PWH
PWH20375,ERP-B2B-SALE-2026-23638,2026-08-13 16:32:00,2026-08-13 16:43:00,Third Party,BKP2605021525,PW SSC CHSL PYQ (10+2) 20 Year-wise Previous Year Solved Papers PYQ (2026-2018) Tier 1 & 2 | 2100+ PYQ Questions with Solutions | 15 Online Mock Tests | Exam 2026-27 English Medium,,2026-08-14 02:21:00,ANAS02,MTR.G2.R09.A09.L4.B2,3,,PW,BKP2605021525,Default Vendor,PRIME260800021421,Tushant,Stuti Book Agency_TEST PREP,55325,PWH
PWH20375,ERP-B2B-SALE-2026-23638,2026-08-13 16:32:00,2026-08-13 16:43:00,Third Party,BKP2602019144,"PW CSIR NET Recap Physical Sciences PYQ Chapterwise & Yearwise Previous 11 Years Solved Papers (2015-December 2025) | Latest December 2025 Paper Covered l For TIFR, JEST, GATE and IIT JAM Exams",,2026-08-14 03:21:00,ANAS02,MTR.G0.R09.A07.L2.B2,1,,PW,BKP2602019144,Default Vendor,PRIME260800021418,Tushant,Stuti Book Agency_TEST PREP,55325,PWH
PWH20375,ERP-B2B-SALE-2026-23638,2026-08-13 16:32:00,2026-08-13 16:43:00,Third Party,BKP2602019143,"PW  CSIR NET Recap Mathematical Sciences PYQ Chapterwise & Yearwise Previous 9 Years Solved Papers (2017-December 2025) | Latest December 2025 Paper Covered l For GATE, TIFR, BARC, and IIT JAM Exams",,2026-08-14 01:33:00,ANAS02,SPR.R6.A9.L0.B3,2,,PW,BKP2602019143,Default Vendor,PRIME260800021426,Tushant,Stuti Book Agency_TEST PREP,55325,PWH
PWH20375,ERP-B2B-SALE-2026-23638,2026-08-13 16:32:00,2026-08-13 16:43:00,Third Party,BKP2602019142,"PW CSIR NET Recap Chemical Sciences PYQ Chapterwise & Yearwise Previous 11 Years Solved Papers (2015-December 2025) | Latest December 2025 Paper Covered l For TIFR, JEST, GATE and IIT JAM Exams",,2026-08-14 01:16:00,ANAS02,SPR.R26.A12.L1.B4,1,,PW,BKP2602019142,Default Vendor,PRIME260800021426,Tushant,Stuti Book Agency_TEST PREP,55325,PWH
PWH20375,ERP-B2B-SALE-2026-23638,2026-08-13 16:32:00,2026-08-13 16:43:00,Third Party,BKP2602019142,"PW CSIR NET Recap Chemical Sciences PYQ Chapterwise & Yearwise Previous 11 Years Solved Papers (2015-December 2025) | Latest December 2025 Paper Covered l For TIFR, JEST, GATE and IIT JAM Exams",,2026-08-14 01:36:00,ANAS02,SPR.R4.A14.L0.B4,1,,PW,BKP2602019142,Default Vendor,PRIME260800021426,Tushant,Stuti Book Agency_TEST PREP,55325,PWH
PWH20375,ERP-B2B-SALE-2026-23638,2026-08-13 16:32:00,2026-08-13 16:43:00,Third Party,BKP2604842488,"CSIR NET Paper 1 General Aptitude Book By Sachin Sir For June 2026 Exams | 850+ Solved Questions | Useful for UGC-NET, GATE, TGT-PGT & Equivalent Aptitude Sections",,2026-08-14 03:28:00,ANAS02,MTR.G0.R29.A04.L4.B1,2,,PW,BKP2604842488,Default Vendor,PRIME260800021423,Tushant,Stuti Book Agency_TEST PREP,55325,PWH
PWH20375,ERP-B2B-SALE-2026-23638,2026-08-13 16:32:00,2026-08-13 16:43:00,Third Party,BKP2602019145,"PW UGC NET History PYQ 12 Years (2014-2025)|Latest December Session Paper Covered|Chapterwise & Yearwise Previous Year Solved Papers For Phd Entrance, SET, GATE, CUET UG & PG",,2026-08-14 02:25:00,ANAS02,MTR.G2.R21.A05.L3.B2,2,,PW,BKP2602019145,Default Vendor,PRIME260800021418,Tushant,Stuti Book Agency_TEST PREP,55325,PWH
PWH20375,ERP-B2B-SALE-2026-23638,2026-08-13 16:32:00,2026-08-13 16:43:00,Third Party,BKP2603019598,"PW UGC NET English Literature PYQ 12 Years (2014-2025)|Latest December Session Paper Covered|Chapterwise & Yearwise Previous Year Solved Papers For Phd Entrance, SET, GATE, CUET UG & PG",,2026-08-14 02:22:00,ANAS02,MTR.G2.R11.A12.L3.B1,2,,PW,BKP2603019598,Default Vendor,PRIME260800021418,Tushant,Stuti Book Agency_TEST PREP,55325,PWH
PWH20375,ERP-B2B-SALE-2026-23638,2026-08-13 16:32:00,2026-08-13 16:43:00,Third Party,BKP2603019597,"PW UGC NET Economics PYQ 12 Years (2014-2025)|Latest December Session Paper Covered|Chapterwise & Yearwise Previous Year Solved Papers For Phd Entrance, SET, GATE, CUET UG & PG",,2026-08-14 01:51:00,ANAS02,MTR.G3.R44.A03.L4.B2,2,,PW,BKP2603019597,Default Vendor,PRIME260800021425,Tushant,Stuti Book Agency_TEST PREP,55325,PWH
PWH20375,ERP-B2B-SALE-2026-23638,2026-08-13 16:32:00,2026-08-13 16:43:00,Third Party,BKP2603019935,PW IIT JAM Recap 22 Years Mathematics PYQ Chapterwise & Yearwise Previous Year Solved Papers (2026-2005) with 5 Mock Tests l Latest Exam Questions Covered,,2026-08-14 01:57:00,ANAS02,MTR.G3.R33.A04.L4.B1,5,,PW,BKP2603019935,Default Vendor,PRIME260800021424,Tushant,Stuti Book Agency_TEST PREP,55325,PWH
PWH20375,ERP-B2B-SALE-2026-23638,2026-08-13 16:32:00,2026-08-13 16:43:00,Third Party,BKP2603019934,PW IIT JAM Recap 22 Years Physics PYQ Chapterwise & Yearwise Previous Year Solved Papers (2026-2005) with 5 Mock Tests l Latest Exam Questions Covered,,2026-08-14 01:53:00,ANAS02,MTR.G3.R40.A07.L3.B2,5,,PW,BKP2603019934,Default Vendor,PRIME260800021424,Tushant,Stuti Book Agency_TEST PREP,55325,PWH
PWH20375,ERP-B2B-SALE-2026-23638,2026-08-13 16:32:00,2026-08-13 16:43:00,Third Party,BKP2603770077,PW IIT JAM Recap 22 Years Chemistry PYQ Chapterwise & Yearwise Previous Year Solved Papers (2026-2005) with 5 Mock Tests l Latest Exam Questions Covered,,2026-08-14 02:45:00,ANAS02,MTR.G1.R28.A10.L2.B2,5,,PW,BKP2603770077,Default Vendor,PRIME260800021420,Tushant,Stuti Book Agency_TEST PREP,55325,PWH
PWH20375,ERP-B2B-SALE-2026-23638,2026-08-13 16:32:00,2026-08-13 16:43:00,Third Party,BKP2606022473,OnlyIAS UPSC Prelims Previous Year Solved Papers (2026–1995) | 32 Years Topicwise GS PYQs with 3400+ MCQs & Detailed Explanations | Civil Services IAS Book English Medium | UPSC Books 2027,,2026-08-14 03:26:00,ANAS02,MTR.G0.R25.A09.L3.B2,2,,PW,BKP2606022473,Default Vendor,PRIME260800021418,Tushant,Stuti Book Agency_TEST PREP,55325,PWH
PWH20375,ERP-B2B-SALE-2026-23638,2026-08-13 16:32:00,2026-08-13 16:43:00,Third Party,BKP2605021564,"NEET 14 Years PYQs (2026-2013) Chapterwise & Topicwise Solved Papers Hindi Edition | Additional PYQs of Re-NEET of 2026 & 2024, 2023 Manipur & More | Past Year Questions with Detailed Solutions",,2026-08-14 01:58:00,ANAS02,MTR.G3.R17.A02.L4.B2,3,,PW,BKP2605021564,Default Vendor,PRIME260800021419,Tushant,Stuti Book Agency_TEST PREP,55325,PWH
PWH20375,ERP-B2B-SALE-2026-23638,2026-08-13 16:32:00,2026-08-13 16:43:00,Third Party,BKP2605021526,PW SSC CHSL (10+2) 20 Year-wise Previous Year Solved Papers PYQ (2026-2018) Tier 1 & 2 Hindi Medium | 2100+ PYQ Questions with Solutions | 15 Online Mock Tests | Exam 2026-27,,2026-08-14 02:22:00,ANAS02,MTR.G2.R11.A12.L4.B2,3,,PW,BKP2605021526,Default Vendor,PRIME260800021418,Tushant,Stuti Book Agency_TEST PREP,55325,PWH
PWH20375,ERP-B2B-SALE-2026-23638,2026-08-13 16:32:00,2026-08-13 16:43:00,Third Party,BKP2605032895,GATEWALLAH Mechanical Engineering Topicwise Previous Year Solved Papers (2026 - 2008) with Video Solutions For 2027 Exams | Detailed Text Solutions,,2026-08-14 03:29:00,ANAS02,MTR.G0.R28.A12.L2.B2,2,,PW,BKP2605032895,Default Vendor,PRIME260800021423,Tushant,Stuti Book Agency_TEST PREP,55325,PWH
PWH20375,ERP-B2B-SALE-2026-23638,2026-08-13 16:32:00,2026-08-13 16:43:00,Third Party,BKP2605022078,GATEWALLAH Civil Engineering Topicwise Previous Year Solved Papers (2026 - 2008) with Video Solutions For 2027 Exams | Detailed Text Solutions,,2026-08-14 02:24:00,ANAS02,MTR.G2.R16.A04.L4.B2,2,,PW,BKP2605022078,Default Vendor,PRIME260800021418,Tushant,Stuti Book Agency_TEST PREP,55325,PWH
PWH20375,ERP-B2B-SALE-2026-23638,2026-08-13 16:32:00,2026-08-13 16:43:00,Third Party,BKP2605022077,GATEWALLAH Computer Science & IT Topicwise Previous Year Solved Papers (2026 - 2008) with Video Solutions For 2027 Exams | Detailed Text Solutions,,2026-08-14 01:58:00,ANAS02,MTR.G3.R23.A05.L3.B1,2,,PW,BKP2605022077,Default Vendor,PRIME260800021425,Tushant,Stuti Book Agency_TEST PREP,55325,PWH
PWH20375,ERP-B2B-SALE-2026-23638,2026-08-13 16:32:00,2026-08-13 16:43:00,Third Party,BKP2605022076,GATEWALLAH Electrical Engineering Topicwise Previous Year Solved Papers (2025 - 2008) with Video Solutions For 2026 Exams | Detailed Text Solutions,,2026-08-14 03:26:00,ANAS02,MTR.G0.R23.A12.L2.B2,2,,PW,BKP2605022076,Default Vendor,PRIME260800021418,Tushant,Stuti Book Agency_TEST PREP,55325,PWH
PWH20375,ERP-B2B-SALE-2026-23638,2026-08-13 16:32:00,2026-08-13 16:43:00,Third Party,BKP2605022079,GATEWALLAH Electronics & Communication Engineering Topicwise Previous Year Solved Papers (2026 - 2008) with Video Solutions For 2027 Exams | Detailed Text Solutions,,2026-08-14 03:31:00,ANAS02,MTR.G0.R38.A02.L3.B1,2,,PW,BKP2605022079,Default Vendor,PRIME260800021423,Tushant,Stuti Book Agency_TEST PREP,55325,PWH
PWH20375,ERP-B2B-SALE-2026-23638,2026-08-13 16:32:00,2026-08-13 16:43:00,Third Party,BKP2605022080,GATEWALLAH Engineering Mathematics & General Aptitude Topicwise Previous Year Solved Papers (2026 - 2008) with Video Solutions For 2027 Exams | Detailed Text Solutions,,2026-08-14 01:18:00,ANAS02,SPR.R26.A4.L0.B3,1,,PW,BKP2605022080,Default Vendor,PRIME260800021426,Tushant,Stuti Book Agency_TEST PREP,55325,PWH
PWH20375,ERP-B2B-SALE-2026-23638,2026-08-13 16:32:00,2026-08-13 16:43:00,Third Party,BKP2605022080,GATEWALLAH Engineering Mathematics & General Aptitude Topicwise Previous Year Solved Papers (2026 - 2008) with Video Solutions For 2027 Exams | Detailed Text Solutions,,2026-08-14 01:19:00,ANAS02,SPR.R27.A4.L0.B4,1,,PW,BKP2605022080,Default Vendor,PRIME260800021426,Tushant,Stuti Book Agency_TEST PREP,55325,PWH
PWH20375,ERP-B2B-SALE-2026-23638,2026-08-13 16:32:00,2026-08-13 16:43:00,Third Party,BKP2606362495,33 SSC MTS Multi Tasking (Non-Technical) Staff and Havaldar Previous Solved Papers (2026 -2017) English Edition Refurbish,,2026-08-14 03:40:00,ANAS02,SPR.R4.A7.L1.B3,3,,PW,BKP2606362495,Default Vendor,PRIME260800021426,Tushant,Stuti Book Agency_TEST PREP,55325,PWH
PWH20375,ERP-B2B-SALE-2026-23638,2026-08-13 16:32:00,2026-08-13 16:43:00,Third Party,BKP2606023800,SSC MTS Book 2026 | 33 Yearwise Previous Year Papers PYQ Hindi Edition (2026-2017) Multi Tasking (Non Technical) Staff & Havaldar | 15 Online Mock Tests Exam,,2026-08-14 03:27:00,ANAS02,MTR.G0.R27.A11.L2.B1,3,,PW,BKP2606023800,Default Vendor,PRIME260800021417,Tushant,Stuti Book Agency_TEST PREP,55325,PWH
PWH20375,ERP-B2B-SALE-2026-23638,2026-08-13 16:32:00,2026-08-13 16:43:00,Third Party,BKP2503007163,"Chemistry Med Easy | Notes, Formulas, Tips & Tricks for NEET/JEE & Board Exams | Pankaj Sir Chemistry Handwritten Notes",,2026-08-14 03:17:00,ANAS02,MTR.G0.R02.A10.L3.B1,1,,PW,BKP2503007163,Default Vendor,PRIME260800021415,Tushant,Stuti Book Agency_TEST PREP,55325,PWH
PWH20375,ERP-B2B-SALE-2026-23638,2026-08-13 16:32:00,2026-08-13 16:43:00,Third Party,BKP2604020239,Cbse class 10 past 10 year chapterwise pyqs for Maths,,2026-08-14 03:17:00,ANAS02,MTR.G0.R01.A11.L4.B1,3,,PW,BKP2604020239,Default Vendor,PRIME260800021415,Tushant,Stuti Book Agency_TEST PREP,55325,PWH
PWH20375,ERP-B2B-SALE-2026-23638,2026-08-13 16:32:00,2026-08-13 16:43:00,Third Party,BKP2602019144,"PW CSIR NET Recap Physical Sciences PYQ Chapterwise & Yearwise Previous 11 Years Solved Papers (2015-December 2025) | Latest December 2025 Paper Covered l For TIFR, JEST, GATE and IIT JAM Exams",,2026-08-14 03:21:00,ANAS02,MTR.G0.R09.A07.L2.B2,1,,PW,BKP2602019144,Default Vendor,PRIME260800021417,Tushant,Stuti Book Agency_TEST PREP,55325,PWH
PWH20375,ERP-B2B-SALE-2026-23638,2026-08-13 16:32:00,2026-08-13 16:43:00,Third Party,BKP2603019478,PW CBSE Question & Concept Bank (QCB) Class 10 Science Chapter-wise and Topic-wise Solved Questions By Samridhi Sharma For 2027 Board Exams with 50% Competency Based Question,,2026-08-14 02:23:00,ANAS02,MTR.G2.R11.A09.L1.B2,1,,PW,BKP2603019478,Default Vendor,PRIME260800021418,Tushant,Stuti Book Agency_TEST PREP,55325,PWH
PWH20375,ERP-B2B-SALE-2026-23638,2026-08-13 16:32:00,2026-08-13 16:43:00,Third Party,BKP2604020283,"PW ICSE Class 10 PYQs - Past 10 Years Solved Papers (2026-2016) For 2027 Exams | Physics, Chemistry, Maths, Biology, Economics, History & Civics, Geography, CA, English Paper 1 & 2",,2026-08-14 03:23:00,ANAS02,MTR.G0.R18.A12.L4.B2,3,,PW,BKP2604020283,Default Vendor,PRIME260800021419,Tushant,Stuti Book Agency_TEST PREP,55325,PWH
PWH20375,ERP-B2B-SALE-2026-23638,2026-08-13 16:32:00,2026-08-13 16:43:00,Third Party,BKP2503007173,PW EaJEE Handwritten Notes For Physical Chemistry By Faisal Razaq | Chapterwise and Topicwise 1200+ Questions | Complete JEE Main & Advanced Syllabus | Handpicked PYQs,,2026-08-14 02:45:00,ANAS02,MTR.G1.R24.A10.L2.B1,1,,PW,BKP2503007173,Default Vendor,PRIME260800021420,Tushant,Stuti Book Agency_TEST PREP,55325,PWH
PWH20375,ERP-B2B-SALE-2026-23638,2026-08-13 16:32:00,2026-08-13 16:43:00,Third Party,BKP2604020970,PW NEET PYQ 39 Years Physics For 2027 Exam | PYQ Deja Vu | Additional PYQs from Re-NEET and Other States | Chapterwise and Topicwise Solutions (2026-1988) with Highlighted Must Revise Questions,,2026-08-14 02:01:00,ANAS02,MTR.G3.R02.A06.L4.B2,3,,PW,BKP2604020970,Default Vendor,PRIME260800021421,Tushant,Stuti Book Agency_TEST PREP,55325,PWH
PWH20375,ERP-B2B-SALE-2026-23638,2026-08-13 16:32:00,2026-08-13 16:43:00,Third Party,BKP2603019479,PW CBSE Question & Concept Bank (QCB) Class 10 Maths (Standard) Chapter-wise and Topic-wise Solved Questions By Ritik Mishra For 2027 Board Exams with 50% Competency Based Question,,2026-08-14 02:00:00,ANAS02,MTR.G3.R12.A06.L2.B1,9,,PW,BKP2603019479,Default Vendor,PRIME260800021422,Tushant,Stuti Book Agency_TEST PREP,55325,PWH
PWH20375,ERP-B2B-SALE-2026-23638,2026-08-13 16:32:00,2026-08-13 16:43:00,Third Party,BKP2508007218,NEET Easy Handwritten Notes Inorganic Chemistry For NEET & JEE Main By Om Pandey | Chapterwise and Topicwise Questions | Backlog Killer Notes with Handpicked PYQs [paperback] Om Pandey,,2026-08-14 03:30:00,ANAS02,MTR.G0.R32.A11.L2.B2,1,,PW,BKP2508007218,Default Vendor,PRIME260800021422,Tushant,Stuti Book Agency_TEST PREP,55325,PWH
PWH20375,ERP-B2B-SALE-2026-23638,2026-08-13 16:32:00,2026-08-13 16:43:00,Third Party,BKP2508007218,NEET Easy Handwritten Notes Inorganic Chemistry For NEET & JEE Main By Om Pandey | Chapterwise and Topicwise Questions | Backlog Killer Notes with Handpicked PYQs [paperback] Om Pandey,,2026-08-14 03:30:00,ANAS02,MTR.G0.R32.A11.L2.B2,1,,PW,BKP2508007218,Default Vendor,PRIME260800021423,Tushant,Stuti Book Agency_TEST PREP,55325,PWH
PWH20375,ERP-B2B-SALE-2026-23638,2026-08-13 16:32:00,2026-08-13 16:43:00,Third Party,BKP2603019478,PW CBSE Question & Concept Bank (QCB) Class 10 Science Chapter-wise and Topic-wise Solved Questions By Samridhi Sharma For 2027 Board Exams with 50% Competency Based Question,,2026-08-14 02:23:00,ANAS02,MTR.G2.R11.A09.L1.B2,5,,PW,BKP2603019478,Default Vendor,PRIME260800021425,Tushant,Stuti Book Agency_TEST PREP,55325,PWH
PWH20376,ERP-B2B-SALE-2026-23639,2026-08-13 16:32:00,2026-08-13 16:44:00,Third Party,BKP2603019478,PW CBSE Question & Concept Bank (QCB) Class 10 Science Chapter-wise and Topic-wise Solved Questions By Samridhi Sharma For 2027 Board Exams with 50% Competency Based Question,,2026-08-14 03:35:00,Krishna09,MTR.G2.R11.A09.L1.B2,3,,PW,BKP2603019478,Default Vendor,PRIME260800021408,Tushant,Bhagwati book Depot_TEST PREP,55335,PWH
PWH20376,ERP-B2B-SALE-2026-23639,2026-08-13 16:32:00,2026-08-13 16:44:00,Third Party,BKP2603019479,PW CBSE Question & Concept Bank (QCB) Class 10 Maths (Standard) Chapter-wise and Topic-wise Solved Questions By Ritik Mishra For 2027 Board Exams with 50% Competency Based Question,,2026-08-14 03:31:00,Krishna09,MTR.G3.R12.A06.L2.B1,2,,PW,BKP2603019479,Default Vendor,PRIME260800021410,Tushant,Bhagwati book Depot_TEST PREP,55335,PWH
PWH20376,ERP-B2B-SALE-2026-23639,2026-08-13 16:32:00,2026-08-13 16:44:00,Third Party,BKP2603019477,PW CBSE Question & Concept Bank (QCB) Class 10 Social Science Chapter-wise and Topic-wise Solved Questions By Siddarth Sharma & Ujjavala Punj For 2027 Board Exams with 50% Competency Based Question,,2026-08-14 03:52:00,Krishna09,MTR.G0.R16.A05.L3.B2,5,,PW,BKP2603019477,Default Vendor,PRIME260800021408,Tushant,Bhagwati book Depot_TEST PREP,55335,PWH
PWH20376,ERP-B2B-SALE-2026-23639,2026-08-13 16:32:00,2026-08-13 16:44:00,Third Party,BKP2603741359,PW CBSE Question & Concept Bank (QCB) Class 10 English Language & Literature Chapter-wise and Topic-wise Solved Questions For 2027 Board Exams with 50% Competency Based Question,,2026-08-14 03:36:00,Krishna09,MTR.G2.R13.A10.L1.B2,5,,PW,BKP2603741359,Default Vendor,PRIME260800021408,Tushant,Bhagwati book Depot_TEST PREP,55335,PWH
PWH20376,ERP-B2B-SALE-2026-23639,2026-08-13 16:32:00,2026-08-13 16:44:00,Third Party,BKP2604685349,PW CBSE Question & Concept Bank (QCB) Class 10 Hindi-A Chapter-wise and Topic-wise Solved Questions For 2027 Exams with 50% Competency Based Question,,2026-08-14 03:49:00,Krishna09,MTR.G1.R27.A09.L4.B1,3,,PW,BKP2604685349,Default Vendor,PRIME260800021408,Tushant,Bhagwati book Depot_TEST PREP,55335,PWH
PWH20376,ERP-B2B-SALE-2026-23639,2026-08-13 16:32:00,2026-08-13 16:44:00,Third Party,BKP2602019099,PW CBSE Question & Concept Bank (QCB) Class 12 English Core Chapter-wise and Topic-wise Solved Questions By Anurag Sir For 2027 Board Exams with 50% Competency Based Question,,2026-08-14 03:32:00,Krishna09,MTR.G3.R07.A03.L4.B1,3,,PW,BKP2602019099,Default Vendor,PRIME260800021409,Tushant,Bhagwati book Depot_TEST PREP,55335,PWH
PWH20376,ERP-B2B-SALE-2026-23639,2026-08-13 16:32:00,2026-08-13 16:44:00,Third Party,BKP2602019098,PW CBSE Question & Concept Bank (QCB) Class 12 Biology Chapter-wise and Topic-wise Solved Questions By Samridhi Mam & Aarushi Mam For 2027 Board Exams with 50% Competency Based Question,,2026-08-14 03:31:00,Krishna09,MTR.G3.R11.A06.L4.B2,1,,PW,BKP2602019098,Default Vendor,PRIME260800021409,Tushant,Bhagwati book Depot_TEST PREP,55335,PWH
PWH20376,ERP-B2B-SALE-2026-23639,2026-08-13 16:32:00,2026-08-13 16:44:00,Third Party,BKP2602975509,PW CBSE Question & Concept Bank (QCB) Class 12 Mathematics Chapter-wise and Topic-wise Solved Questions By Deepak Sir For 2027 Board Exams with 50% Competency Based Question,,2026-08-14 03:32:00,Krishna09,MTR.G3.R02.A01.L4.B2,2,,PW,BKP2602975509,Default Vendor,PRIME260800021409,Tushant,Bhagwati book Depot_TEST PREP,55335,PWH
PWH20376,ERP-B2B-SALE-2026-23639,2026-08-13 16:32:00,2026-08-13 16:44:00,Third Party,BKP2603019653,PW CTET Paper 1 (Class 1 – 5) 24 Previous Year Solved Papers 2026-2011 Hindi Edition | Includes CDP Revision Notes | 5 Practice Sets | 5 OMR Sheets | PYQ Questions,,2026-08-14 03:30:00,Krishna09,MTR.G3.R31.A09.L4.B2,7,,PW,BKP2603019653,Default Vendor,PRIME260800021410,Tushant,Bhagwati book Depot_TEST PREP,55335,PWH
PWH20376,ERP-B2B-SALE-2026-23639,2026-08-13 16:32:00,2026-08-13 16:44:00,Third Party,BKP2603019652,PW CTET Paper 1 PYQ (Class 1 – 5) 24 Previous Year Solved Papers 2026-2011 | Includes CDP Revision Notes | 5 Practice Sets | 5 OMR Sheets | PYQ Questions | English Edition,,2026-08-14 04:06:00,Krishna09,SPR.R1.A14.L1.B4,3,,PW,BKP2603019652,Default Vendor,PRIME260800021409,Tushant,Bhagwati book Depot_TEST PREP,55335,PWH
PWH20376,ERP-B2B-SALE-2026-23639,2026-08-13 16:32:00,2026-08-13 16:44:00,Third Party,BKP2603019652,PW CTET Paper 1 PYQ (Class 1 – 5) 24 Previous Year Solved Papers 2026-2011 | Includes CDP Revision Notes | 5 Practice Sets | 5 OMR Sheets | PYQ Questions | English Edition,,2026-08-14 04:24:00,Krishna09,SPR.R26.A5.L1.B4,1,,PW,BKP2603019652,Default Vendor,PRIME260800021409,Tushant,Bhagwati book Depot_TEST PREP,55335,PWH
PWH20376,ERP-B2B-SALE-2026-23639,2026-08-13 16:32:00,2026-08-13 16:44:00,Third Party,BKP2603019652,PW CTET Paper 1 PYQ (Class 1 – 5) 24 Previous Year Solved Papers 2026-2011 | Includes CDP Revision Notes | 5 Practice Sets | 5 OMR Sheets | PYQ Questions | English Edition,,2026-08-14 04:23:00,Krishna09,SPR.R26.A14.L0.B2,2,,PW,BKP2603019652,Default Vendor,PRIME260800021409,Tushant,Bhagwati book Depot_TEST PREP,55335,PWH
PWH20376,ERP-B2B-SALE-2026-23639,2026-08-13 16:32:00,2026-08-13 16:44:00,Third Party,BKP2603019652,PW CTET Paper 1 PYQ (Class 1 – 5) 24 Previous Year Solved Papers 2026-2011 | Includes CDP Revision Notes | 5 Practice Sets | 5 OMR Sheets | PYQ Questions | English Edition,,2026-08-14 04:25:00,Krishna09,SPR.R28.A9.L0.B1,1,,PW,BKP2603019652,Default Vendor,PRIME260800021409,Tushant,Bhagwati book Depot_TEST PREP,55335,PWH
PWH20376,ERP-B2B-SALE-2026-23639,2026-08-13 16:32:00,2026-08-13 16:44:00,Third Party,BKP2603019652,PW CTET Paper 1 PYQ (Class 1 – 5) 24 Previous Year Solved Papers 2026-2011 | Includes CDP Revision Notes | 5 Practice Sets | 5 OMR Sheets | PYQ Questions | English Edition,,2026-08-14 04:06:00,Krishna09,SPR.R1.A14.L1.B4,4,,PW,BKP2603019652,Default Vendor,PRIME260800021409,Tushant,Bhagwati book Depot_TEST PREP,55335,PWH
PWH20376,ERP-B2B-SALE-2026-23639,2026-08-13 16:32:00,2026-08-13 16:44:00,Third Party,BKP2602019097,PW CBSE Question & Concept Bank (QCB) Class 12 Chemistry Chapter-wise and Topic-wise Solved Questions By Shourya Mam & Aakash Sir For 2027 Board Exams with 50% Competency Based Question,,2026-08-14 03:54:00,Krishna09,MTR.G0.R05.A05.L4.B1,3,,PW,BKP2602019097,Default Vendor,PRIME260800021408,Tushant,Bhagwati book Depot_TEST PREP,55335,PWH
PWH20376,ERP-B2B-SALE-2026-23639,2026-08-13 16:32:00,2026-08-13 16:44:00,Third Party,BKP2602019096,PW CBSE Question & Concept Bank (QCB) Class 12 Physics Chapter-wise and Topic-wise Solved Questions By Rakshak Sir For 2027 Board Exams with 50% Competency Based Question,,2026-08-14 03:50:00,Krishna09,MTR.G1.R21.A07.L1.B1,3,,PW,BKP2602019096,Default Vendor,PRIME260800021409,Tushant,Bhagwati book Depot_TEST PREP,55335,PWH
PWH20376,ERP-B2B-SALE-2026-23639,2026-08-13 16:32:00,2026-08-13 16:44:00,Third Party,BKP2602975509,PW CBSE Question & Concept Bank (QCB) Class 12 Mathematics Chapter-wise and Topic-wise Solved Questions By Deepak Sir For 2027 Board Exams with 50% Competency Based Question,,2026-08-14 03:32:00,Krishna09,MTR.G3.R02.A01.L4.B2,1,,PW,BKP2602975509,Default Vendor,PRIME260800021408,Tushant,Bhagwati book Depot_TEST PREP,55335,PWH
PWH20376,ERP-B2B-SALE-2026-23639,2026-08-13 16:32:00,2026-08-13 16:44:00,Third Party,BKP2602019098,PW CBSE Question & Concept Bank (QCB) Class 12 Biology Chapter-wise and Topic-wise Solved Questions By Samridhi Mam & Aarushi Mam For 2027 Board Exams with 50% Competency Based Question,,2026-08-14 03:31:00,Krishna09,MTR.G3.R11.A06.L4.B2,2,,PW,BKP2602019098,Default Vendor,PRIME260800021409,Tushant,Bhagwati book Depot_TEST PREP,55335,PWH
PWH20376,ERP-B2B-SALE-2026-23639,2026-08-13 16:32:00,2026-08-13 16:44:00,Third Party,BKP2603019479,PW CBSE Question & Concept Bank (QCB) Class 10 Maths (Standard) Chapter-wise and Topic-wise Solved Questions By Ritik Mishra For 2027 Board Exams with 50% Competency Based Question,,2026-08-14 03:31:00,Krishna09,MTR.G3.R12.A06.L2.B1,1,,PW,BKP2603019479,Default Vendor,PRIME260800021409,Tushant,Bhagwati book Depot_TEST PREP,55335,PWH
PWH20377,ERP-B2B-SALE-2026-23641,2026-08-13 16:32:00,2026-08-13 16:44:00,Third Party,BKP2504006875,"PW 20 Years Karnataka CET Chapterwise Solved Papers (2006 - 2025) | Physics, Chemistry, Mathematics and Biology | KCET PYQ Book For Engineering Exam 2026",,2026-08-14 00:59:00,Bharat21,MTR.G2.R22.A09.L1.B2,3,,PW,BKP2504006875,Default Vendor,PRIME260800021392,anil05,School Book Udupi,55342,PWH
PWH20377,ERP-B2B-SALE-2026-23641,2026-08-13 16:32:00,2026-08-13 16:44:00,Third Party,BKP2512261191,PW Mission 100 Physics Book For NEET UG 2026 Exams | Chapterwise Revision & Practice Based on 80-20 Rule with Sample Papers and Handpicked Past Year Questions (PYQ),,2026-08-14 01:28:00,Bharat21,MTR.G0.R13.A04.L3.B1,5,,PW,BKP2512261191,Default Vendor,PRIME260800021390,anil05,School Book Udupi,55342,PWH
PWH20377,ERP-B2B-SALE-2026-23641,2026-08-13 16:32:00,2026-08-13 16:44:00,Third Party,BKP2512961979,"PW All in One KCET Book - Prepguide For Engineering Exam 2026 | Physics, Chemistry, Mathematics | Chapterwise Concept Maps, Most Probable Questions, Past 10 Year PYQs, Mock Tests",,2026-08-14 04:48:00,Bharat21,SPR.R26.A12.L1.B1,1,,PW,BKP2512961979,Default Vendor,PRIME260800021391,anil05,School Book Udupi,55342,PWH
PWH20377,ERP-B2B-SALE-2026-23641,2026-08-13 16:32:00,2026-08-13 16:44:00,Third Party,BKP2512961979,"PW All in One KCET Book - Prepguide For Engineering Exam 2026 | Physics, Chemistry, Mathematics | Chapterwise Concept Maps, Most Probable Questions, Past 10 Year PYQs, Mock Tests",,2026-08-13 23:23:00,Bharat21,SPR.R8.A4.L1.B4,1,,PW,BKP2512961979,Default Vendor,PRIME260800021391,anil05,School Book Udupi,55342,PWH
PWH20377,ERP-B2B-SALE-2026-23641,2026-08-13 16:32:00,2026-08-13 16:44:00,Third Party,BKP2603019478,PW CBSE Question & Concept Bank (QCB) Class 10 Science Chapter-wise and Topic-wise Solved Questions By Samridhi Sharma For 2027 Board Exams with 50% Competency Based Question,,2026-08-14 01:01:00,Bharat21,MTR.G2.R11.A09.L1.B2,5,,PW,BKP2603019478,Default Vendor,PRIME260800021389,anil05,School Book Udupi,55342,PWH
PWH20377,ERP-B2B-SALE-2026-23641,2026-08-13 16:32:00,2026-08-13 16:44:00,Third Party,BKP2603019479,PW CBSE Question & Concept Bank (QCB) Class 10 Maths (Standard) Chapter-wise and Topic-wise Solved Questions By Ritik Mishra For 2027 Board Exams with 50% Competency Based Question,,2026-08-14 00:51:00,Bharat21,MTR.G3.R12.A06.L2.B1,5,,PW,BKP2603019479,Default Vendor,PRIME260800021392,anil05,School Book Udupi,55342,PWH
PWH20377,ERP-B2B-SALE-2026-23641,2026-08-13 16:32:00,2026-08-13 16:44:00,Third Party,BKP2603019477,PW CBSE Question & Concept Bank (QCB) Class 10 Social Science Chapter-wise and Topic-wise Solved Questions By Siddarth Sharma & Ujjavala Punj For 2027 Board Exams with 50% Competency Based Question,,2026-08-14 01:27:00,Bharat21,MTR.G0.R16.A05.L3.B2,4,,PW,BKP2603019477,Default Vendor,PRIME260800021389,anil05,School Book Udupi,55342,PWH
PWH20377,ERP-B2B-SALE-2026-23641,2026-08-13 16:32:00,2026-08-13 16:44:00,Third Party,BKP2603019477,PW CBSE Question & Concept Bank (QCB) Class 10 Social Science Chapter-wise and Topic-wise Solved Questions By Siddarth Sharma & Ujjavala Punj For 2027 Board Exams with 50% Competency Based Question,,2026-08-14 01:25:00,Bharat21,MTR.G0.R42.A07.L2.B1,1,,PW,BKP2603019477,Default Vendor,PRIME260800021389,anil05,School Book Udupi,55342,PWH
PWH20377,ERP-B2B-SALE-2026-23641,2026-08-13 16:32:00,2026-08-13 16:44:00,Third Party,BKP2603741359,PW CBSE Question & Concept Bank (QCB) Class 10 English Language & Literature Chapter-wise and Topic-wise Solved Questions For 2027 Board Exams with 50% Competency Based Question,,2026-08-14 01:00:00,Bharat21,MTR.G2.R13.A10.L1.B2,5,,PW,BKP2603741359,Default Vendor,PRIME260800021389,anil05,School Book Udupi,55342,PWH
PWH20377,ERP-B2B-SALE-2026-23641,2026-08-13 16:32:00,2026-08-13 16:44:00,Third Party,BKP2602664336,CLAT & AILET 14 Previous Years Solved Papers (2020-2026) Yearwise with Detailed Explanation For 2027 Exam,,2026-08-14 01:12:00,Bharat21,MTR.G1.R37.A05.L3.B2,2,,PW,BKP2602664336,Default Vendor,PRIME260800021391,anil05,School Book Udupi,55342,PWH
PWH20377,ERP-B2B-SALE-2026-23641,2026-08-13 16:32:00,2026-08-13 16:44:00,Third Party,BKP2603216361,PW CBSE Question & Concept Bank (QCB) Class 10 Basic Maths Chapter-wise and Topic-wise Solved Questions For 2027 Board Exams with 50% Competency Based Question,,2026-08-14 00:57:00,Bharat21,MTR.G2.R46.A10.L4.B1,1,,PW,BKP2603216361,Default Vendor,PRIME260800021392,anil05,School Book Udupi,55342,PWH
PWH20377,ERP-B2B-SALE-2026-23641,2026-08-13 16:32:00,2026-08-13 16:44:00,Third Party,BKP2604020480,PW JEE Main 8 Years (2019 - 2026) PYQs Chemistry Chapterwise and Topicwise | All 162 Sets Previous Years Solved Papers For JEE Main 2027 Exams | Concentrate on Relevance,,2026-08-14 01:14:00,Bharat21,MTR.G1.R12.A05.L4.B1,5,,PW,BKP2604020480,Default Vendor,PRIME260800021392,anil05,School Book Udupi,55342,PWH
PWH20377,ERP-B2B-SALE-2026-23641,2026-08-13 16:32:00,2026-08-13 16:44:00,Third Party,BKP2604020481,PW JEE Main 8 Years (2019 - 2026) PYQs Physics Chapterwise and Topicwise | All 162 Sets Previous Years Solved Papers For JEE Main 2027 Exams | Concentrate on Relevance,,2026-08-14 01:13:00,Bharat21,MTR.G1.R16.A05.L3.B1,5,,PW,BKP2604020481,Default Vendor,PRIME260800021390,anil05,School Book Udupi,55342,PWH
PWH20377,ERP-B2B-SALE-2026-23641,2026-08-13 16:32:00,2026-08-13 16:44:00,Third Party,BKP2604020482,PW JEE Main 8 Years (2019 - 2026) PYQs Mathematics Chapterwise and Topicwise | All 162 Sets Previous Years Solved Papers For JEE Main 2027 Exams | Concentrate on Relevance,,2026-08-14 01:09:00,Bharat21,MTR.G1.R43.A12.L1.B2,4,,PW,BKP2604020482,Default Vendor,PRIME260800021393,anil05,School Book Udupi,55342,PWH
PWH20377,ERP-B2B-SALE-2026-23641,2026-08-13 16:32:00,2026-08-13 16:44:00,Third Party,BKP2604020970,PW NEET PYQ 39 Years Physics For 2027 Exam | PYQ Deja Vu | Additional PYQs from Re-NEET and Other States | Chapterwise and Topicwise Solutions (2026-1988) with Highlighted Must Revise Questions,,2026-08-14 00:52:00,Bharat21,MTR.G3.R02.A06.L4.B2,5,,PW,BKP2604020970,Default Vendor,PRIME260800021390,anil05,School Book Udupi,55342,PWH
PWH20377,ERP-B2B-SALE-2026-23641,2026-08-13 16:32:00,2026-08-13 16:44:00,Third Party,BKP2604020971,PW NEET PYQ 39 Years Chemistry For 2027 Exam | PYQ Deja Vu | Additional PYQs from Re-NEET and Other States | Chapterwise and Topicwise Solutions (2026-1988) with Highlighted Must Revise Questions,,2026-08-14 00:52:00,Bharat21,MTR.G3.R01.A07.L3.B1,5,,PW,BKP2604020971,Default Vendor,PRIME260800021388,anil05,School Book Udupi,55342,PWH
PWH20377,ERP-B2B-SALE-2026-23641,2026-08-13 16:32:00,2026-08-13 16:44:00,Third Party,BKP2604020295,PW ICSE Class 10 Question & Concept Bank English Paper 2 (Literature) for 2027 | Chapterwise & Topicwise By Nupur Sharma | Narrative/ Poetic Sketch & Devices | Important Practice Questions,,2026-08-14 01:03:00,Bharat21,MTR.G2.R05.A06.L4.B1,3,,PW,BKP2604020295,Default Vendor,PRIME260800021390,anil05,School Book Udupi,55342,PWH
PWH20377,ERP-B2B-SALE-2026-23641,2026-08-13 16:32:00,2026-08-13 16:44:00,Third Party,BKP2604020312,PW ICSE Class 10 Question & Concept Bank Mathematics for 2027 | Chapterwise & Topicwise By Shivangi Mam & Devansh Sir | Solved PYQs | 40% Competency & Application Based Practice Questions,,2026-08-14 00:51:00,Bharat21,MTR.G3.R18.A05.L3.B2,3,,PW,BKP2604020312,Default Vendor,PRIME260800021389,anil05,School Book Udupi,55342,PWH
PWH20377,ERP-B2B-SALE-2026-23641,2026-08-13 16:32:00,2026-08-13 16:44:00,Third Party,BKP2604020285,"PW ICSE Class 10 Question & Concept Bank English Paper 1 (Language) for 2027 Exam | Chapterwise & Topicwise By Nupur Sharma | Reading, Writing & Grammar Skills | Important Practice Questions",,2026-08-14 01:41:00,Bharat21,SPR.R13.A10.L0.B3,3,,PW,BKP2604020285,Default Vendor,PRIME260800021388,anil05,School Book Udupi,55342,PWH
PWH20377,ERP-B2B-SALE-2026-23641,2026-08-13 16:32:00,2026-08-13 16:44:00,Third Party,BKP2604020286,PW ICSE Class 10 Question & Concept Bank Physics for 2027 | Chapterwise & Topicwise By Akash Shravan & Shailendra Pandey | Solved PYQs | 40% Competency & Application Based Practice Questions,,2026-08-14 00:49:00,Bharat21,MTR.G3.R36.A08.L4.B1,3,,PW,BKP2604020286,Default Vendor,PRIME260800021391,anil05,School Book Udupi,55342,PWH
PWH20377,ERP-B2B-SALE-2026-23641,2026-08-13 16:32:00,2026-08-13 16:44:00,Third Party,BKP2604020287,PW ICSE Class 10 Question & Concept Bank Chemistry for 2027 | Chapterwise & Topicwise By Sanya Mam & Sunil Sir | Solved PYQs | 40% Competency & Application Based Practice Questions,,2026-08-14 01:12:00,Bharat21,MTR.G1.R36.A10.L4.B2,3,,PW,BKP2604020287,Default Vendor,PRIME260800021391,anil05,School Book Udupi,55342,PWH
PWH20377,ERP-B2B-SALE-2026-23641,2026-08-13 16:32:00,2026-08-13 16:44:00,Third Party,BKP2604020294,PW ICSE Class 10 Question & Concept Bank Economics for 2027 Exam | Chapterwise & Topicwise By Kunal Sir & Sameer Sir | Solved PYQs | 40% Competency & Application Based Practice Questions,,2026-08-14 01:10:00,Bharat21,MTR.G1.R40.A10.L3.B1,3,,PW,BKP2604020294,Default Vendor,PRIME260800021390,anil05,School Book Udupi,55342,PWH
PWH20377,ERP-B2B-SALE-2026-23641,2026-08-13 16:32:00,2026-08-13 16:44:00,Third Party,BKP2604020297,PW ICSE Class 10 Question & Concept Bank History and Civics for 2027 Exam | Chapterwise & Topicwise By Kunal Sir & Sameer Sir | Solved PYQs | 40% Competency & Application Based Practice Questions,,2026-08-14 01:40:00,Bharat21,SPR.R13.A12.L1.B3,3,,PW,BKP2604020297,Default Vendor,PRIME260800021390,anil05,School Book Udupi,55342,PWH
PWH20377,ERP-B2B-SALE-2026-23641,2026-08-13 16:32:00,2026-08-13 16:44:00,Third Party,BKP2605021581,PW Objective NCERT Punch 5.0 Biology For NEET 2027 By Dr. Vipin Kumar Sharma l Updated with Most Probable NEET Potential Questions (NPQ) For End Time Preparation,,2026-08-14 01:04:00,Bharat21,MTR.G2.R02.A04.L1.B1,5,,PW,BKP2605021581,Default Vendor,PRIME260800021388,anil05,School Book Udupi,55342,PWH
PWH20377,ERP-B2B-SALE-2026-23641,2026-08-13 16:32:00,2026-08-13 16:44:00,Third Party,BKP2605021580,PW Objective NCERT Punch 5.0 Physics For NEET 2027 By Dr. Manish Raj (MR Sir) l Updated with Most Probable NEET Potential Questions (NPQ) For End Time Preparation,,2026-08-14 00:58:00,Bharat21,MTR.G2.R25.A04.L4.B1,5,,PW,BKP2605021580,Default Vendor,PRIME260800021394,anil05,School Book Udupi,55342,PWH
PWH20377,ERP-B2B-SALE-2026-23641,2026-08-13 16:32:00,2026-08-13 16:44:00,Third Party,BKP2605021582,PW Objective NCERT Punch 5.0 Chemistry For NEET 2027 By Pankaj Sijairya l Updated with Most Probable NEET Potential Questions (NPQ) For End Time Preparation,,2026-08-14 01:25:00,Bharat21,MTR.G0.R46.A10.L4.B1,5,,PW,BKP2605021582,Default Vendor,PRIME260800021394,anil05,School Book Udupi,55342,PWH
PWH20377,ERP-B2B-SALE-2026-23641,2026-08-13 16:32:00,2026-08-13 16:44:00,Third Party,BKP2602019196,PW CBSE Class 9 English Kaveri New NCERT 2026-27 Question and Concept Bank with NCERT Textbook Solutions and Competency Based Questions,,2026-08-14 01:04:00,Bharat21,MTR.G2.R01.A09.L3.B1,5,,PW,BKP2602019196,Default Vendor,PRIME260800021391,anil05,School Book Udupi,55342,PWH
PWH20377,ERP-B2B-SALE-2026-23641,2026-08-13 16:32:00,2026-08-13 16:44:00,Third Party,BKP2602019199,PW CBSE Class 9 Science Exploration New NCERT 2026-27 Question and Concept Bank with NCERT Textbook Solutions and Competency Based Questions By Akshya Tyagi Sir,,2026-08-14 00:50:00,Bharat21,MTR.G3.R26.A08.L1.B1,5,,PW,BKP2602019199,Default Vendor,PRIME260800021388,anil05,School Book Udupi,55342,PWH
PWH20377,ERP-B2B-SALE-2026-23641,2026-08-13 16:32:00,2026-08-13 16:44:00,Third Party,BKP2604020293,PW ICSE Class 10 Question & Concept Bank Biology 2027 Chapterwise & Topicwise By Upasana Mam & Yogita Mam | Solved PYQs | 40% Competency & Application Based Practice Questions,,2026-08-14 01:02:00,Bharat21,MTR.G2.R10.A10.L4.B2,3,,PW,BKP2604020293,Default Vendor,PRIME260800021391,anil05,School Book Udupi,55342,PWH
PWH20377,ERP-B2B-SALE-2026-23641,2026-08-13 16:32:00,2026-08-13 16:44:00,Third Party,BKP2604020296,PW ICSE Class 10 Question & Concept Bank Geography 2027 Chapterwise & Topicwise By Kunal Sir & Sameer Sir | Solved PYQs | 40% Competency & Application Based Practice Questions,,2026-08-14 01:26:00,Bharat21,MTR.G0.R35.A10.L2.B1,2,,PW,BKP2604020296,Default Vendor,PRIME260800021391,anil05,School Book Udupi,55342,PWH
PWH20377,ERP-B2B-SALE-2026-23641,2026-08-13 16:32:00,2026-08-13 16:44:00,Third Party,BKP2606844887,"PW New NCERT Class 9 Maths Ganita Manjari Part 1 Textbook Solutions with Mind Maps 2026-27 | Revision Book, Solved NCERT Intext Solutions and End Exercises",,2026-08-13 23:21:00,Bharat21,SPR.R3.A12.L1.B2,5,,PW,BKP2606844887,Default Vendor,PRIME260800021390,anil05,School Book Udupi,55342,PWH
PWH20377,ERP-B2B-SALE-2026-23641,2026-08-13 16:32:00,2026-08-13 16:44:00,Third Party,BKP2606022950,"PW New NCERT Class 9 English Kaveri Textbook Solutions with Mind Maps 2026-27 | Revision Book, Solved NCERT Intext Solutions and End Exercises",,2026-08-13 23:18:00,Bharat21,SPR.R2.A9.L2.B1,5,,PW,BKP2606022950,Default Vendor,PRIME260800021392,anil05,School Book Udupi,55342,PWH
PWH20377,ERP-B2B-SALE-2026-23641,2026-08-13 16:32:00,2026-08-13 16:44:00,Third Party,BKP2512961979,"PW All in One KCET Book - Prepguide For Engineering Exam 2026 | Physics, Chemistry, Mathematics | Chapterwise Concept Maps, Most Probable Questions, Past 10 Year PYQs, Mock Tests",,2026-08-14 01:43:00,Bharat21,SPR.R26.A12.L1.B1,1,,PW,BKP2512961979,Default Vendor,PRIME260800021391,anil05,School Book Udupi,55342,PWH
PWH20377,ERP-B2B-SALE-2026-23641,2026-08-13 16:32:00,2026-08-13 16:44:00,Third Party,BKP2604020296,PW ICSE Class 10 Question & Concept Bank Geography 2027 Chapterwise & Topicwise By Kunal Sir & Sameer Sir | Solved PYQs | 40% Competency & Application Based Practice Questions,,2026-08-14 01:26:00,Bharat21,MTR.G0.R35.A10.L2.B1,1,,PW,BKP2604020296,Default Vendor,PRIME260800021390,anil05,School Book Udupi,55342,PWH
PWH20377,ERP-B2B-SALE-2026-23641,2026-08-13 16:32:00,2026-08-13 16:44:00,Third Party,BKP2603216361,PW CBSE Question & Concept Bank (QCB) Class 10 Basic Maths Chapter-wise and Topic-wise Solved Questions For 2027 Board Exams with 50% Competency Based Question,,2026-08-14 00:57:00,Bharat21,MTR.G2.R46.A10.L4.B1,4,,PW,BKP2603216361,Default Vendor,PRIME260800021391,anil05,School Book Udupi,55342,PWH
PWH20377,ERP-B2B-SALE-2026-23641,2026-08-13 16:32:00,2026-08-13 16:44:00,Third Party,BKP2604020482,PW JEE Main 8 Years (2019 - 2026) PYQs Mathematics Chapterwise and Topicwise | All 162 Sets Previous Years Solved Papers For JEE Main 2027 Exams | Concentrate on Relevance,,2026-08-14 01:09:00,Bharat21,MTR.G1.R43.A12.L1.B2,1,,PW,BKP2604020482,Default Vendor,PRIME260800021392,anil05,School Book Udupi,55342,PWH
PWH20378,ERP-B2B-SALE-2026-23642,2026-08-13 16:32:00,2026-08-13 16:44:00,Third Party,BKP2309007187,"Physics Med Easy 2.0 Notes | Notes, Formulas, Mnemonics, Tips & Tricks for NEET/JEE & Board Exams | Dr. Manish Raj (MR Sir) Physics Handwritten Notes",,2026-08-14 01:06:00,ANAS02,SPR.R10.A4.L0.B3,7,,PW,BKP2309007187,Default Vendor,PRIME260800027555,Sumit01,Durga Book Distributors_TEST PREP,55340,PWH
PWH20378,ERP-B2B-SALE-2026-23642,2026-08-13 16:32:00,2026-08-13 16:44:00,Third Party,BKP2309007187,"Physics Med Easy 2.0 Notes | Notes, Formulas, Mnemonics, Tips & Tricks for NEET/JEE & Board Exams | Dr. Manish Raj (MR Sir) Physics Handwritten Notes",,2026-08-13 22:48:00,ANAS02,MTR.G0.R10.A10.L2.B2,16,,PW,BKP2309007187,Default Vendor,PRIME260800027561,Sumit01,Durga Book Distributors_TEST PREP,55340,PWH
PWH20378,ERP-B2B-SALE-2026-23642,2026-08-13 16:32:00,2026-08-13 16:44:00,Third Party,BKP2309007187,"Physics Med Easy 2.0 Notes | Notes, Formulas, Mnemonics, Tips & Tricks for NEET/JEE & Board Exams | Dr. Manish Raj (MR Sir) Physics Handwritten Notes",,2026-08-13 22:46:00,ANAS02,MTR.G0.R10.A05.L1.B2,9,,PW,BKP2309007187,Default Vendor,PRIME260800027560,Sumit01,Durga Book Distributors_TEST PREP,55340,PWH
PWH20378,ERP-B2B-SALE-2026-23642,2026-08-13 16:32:00,2026-08-13 16:44:00,Third Party,BKP2402007120,"Botany Med Easy Dr. Vipin Sharma Handwritten Notes | Flow Charts, Mindmaps, Mnemonics for NEET & Board Exams as per latest NMC NEET Syllabus",,2026-08-14 00:51:00,ANAS02,SPR.R25.A10.L1.B1,21,,PW,BKP2402007120,Default Vendor,PRIME260800027550,Sumit01,Durga Book Distributors_TEST PREP,55340,PWH
PWH20378,ERP-B2B-SALE-2026-23642,2026-08-13 16:32:00,2026-08-13 16:44:00,Third Party,BKP2402007120,"Botany Med Easy Dr. Vipin Sharma Handwritten Notes | Flow Charts, Mindmaps, Mnemonics for NEET & Board Exams as per latest NMC NEET Syllabus",,2026-08-14 00:52:00,ANAS02,SPR.R25.A10.L1.B1,14,,PW,BKP2402007120,Default Vendor,PRIME260800027550,Sumit01,Durga Book Distributors_TEST PREP,55340,PWH
PWH20378,ERP-B2B-SALE-2026-23642,2026-08-13 16:32:00,2026-08-13 16:44:00,Third Party,BKP2402007120,"Botany Med Easy Dr. Vipin Sharma Handwritten Notes | Flow Charts, Mindmaps, Mnemonics for NEET & Board Exams as per latest NMC NEET Syllabus",,2026-08-13 22:16:00,ANAS02,MTR.G1.R04.A02.L2.B2,1,,PW,BKP2402007120,Default Vendor,PRIME260800027566,Sumit01,Durga Book Distributors_TEST PREP,55340,PWH
PWH20378,ERP-B2B-SALE-2026-23642,2026-08-13 16:32:00,2026-08-13 16:44:00,Third Party,BKP2402007120,"Botany Med Easy Dr. Vipin Sharma Handwritten Notes | Flow Charts, Mindmaps, Mnemonics for NEET & Board Exams as per latest NMC NEET Syllabus",,2026-08-13 22:15:00,ANAS02,MTR.G1.R05.A11.L1.B1,14,,PW,BKP2402007120,Default Vendor,PRIME260800027566,Sumit01,Durga Book Distributors_TEST PREP,55340,PWH
PWH20378,ERP-B2B-SALE-2026-23642,2026-08-13 16:32:00,2026-08-13 16:44:00,Third Party,BKP2404011943,"NEET Mind Maps for Class 11th (Paperback) l Complete Coverage of Physics, Chemistry and Biology l Intractive Mind Maps, Important Concept & Formula",,2026-08-13 21:39:00,ANAS02,MTR.G3.R42.A07.L1.B1,10,,PW,BKP2404011943,Default Vendor,PRIME260800027559,Sumit01,Durga Book Distributors_TEST PREP,55340,PWH
PWH20378,ERP-B2B-SALE-2026-23642,2026-08-13 16:32:00,2026-08-13 16:44:00,Third Party,BKP2404012736,"NEET Mind Maps for Class 12th (Paperback) l Complete Coverage of Physics, Chemistry and Biology l Intractive Mind Maps, Important Concept & Formula",,2026-08-13 21:41:00,ANAS02,MTR.G3.R32.A11.L2.B1,10,,PW,BKP2404012736,Default Vendor,PRIME260800027559,Sumit01,Durga Book Distributors_TEST PREP,55340,PWH
PWH20378,ERP-B2B-SALE-2026-23642,2026-08-13 16:32:00,2026-08-13 16:44:00,Third Party,BKP2311006962,"JEE Mind Maps for Class 11th (Paperback) l Complete Coverage of Physics, Chemistry and Mathematics l Intractive Mind Maps, Important Concept & Formula",,2026-08-13 22:49:00,ANAS02,MTR.G0.R11.A12.L2.B2,10,,PW,BKP2311006962,Default Vendor,PRIME260800027564,Sumit01,Durga Book Distributors_TEST PREP,55340,PWH
PWH20378,ERP-B2B-SALE-2026-23642,2026-08-13 16:32:00,2026-08-13 16:44:00,Third Party,BKP2311007112,"JEE Mind Maps for Class 12th (Paperback) l Complete Coverage of Physics, Chemistry and Maths l Interactive Mind Maps, Important Concept & Formula",,2026-08-13 22:41:00,ANAS02,MTR.G0.R28.A11.L4.B1,10,,PW,BKP2311007112,Default Vendor,PRIME260800027559,Sumit01,Durga Book Distributors_TEST PREP,55340,PWH
PWH20378,ERP-B2B-SALE-2026-23642,2026-08-13 16:32:00,2026-08-13 16:44:00,Third Party,BKP2501006755,PW UPSC Mindmaps Physical Geography For UPSC/PSC Competitive Examinations | Navigating Concepts Through Visual Mindmaps,,2026-08-14 01:00:00,ANAS02,SPR.R29.A6.L1.B3,14,,PW,BKP2501006755,Default Vendor,PRIME260800027554,Sumit01,Durga Book Distributors_TEST PREP,55340,PWH
PWH20378,ERP-B2B-SALE-2026-23642,2026-08-13 16:32:00,2026-08-13 16:44:00,Third Party,BKP2501006755,PW UPSC Mindmaps Physical Geography For UPSC/PSC Competitive Examinations | Navigating Concepts Through Visual Mindmaps,,2026-08-13 22:39:00,ANAS02,MTR.G0.R40.A12.L2.B2,16,,PW,BKP2501006755,Default Vendor,PRIME260800027558,Sumit01,Durga Book Distributors_TEST PREP,55340,PWH
PWH20378,ERP-B2B-SALE-2026-23642,2026-08-13 16:32:00,2026-08-13 16:44:00,Third Party,BKP2501006970,PW UPSC Mindmaps Indian Geography For UPSC/PSC Competitive Examinations | Navigating Concepts Through Visual Mindmaps,,2026-08-13 23:18:00,ANAS02,SPR.R12.A5.L1.B2,16,,PW,BKP2501006970,Default Vendor,PRIME260800027554,Sumit01,Durga Book Distributors_TEST PREP,55340,PWH
PWH20378,ERP-B2B-SALE-2026-23642,2026-08-13 16:32:00,2026-08-13 16:44:00,Third Party,BKP2501006970,PW UPSC Mindmaps Indian Geography For UPSC/PSC Competitive Examinations | Navigating Concepts Through Visual Mindmaps,,2026-08-13 23:16:00,ANAS02,SPR.R12.A5.L1.B2,14,,PW,BKP2501006970,Default Vendor,PRIME260800027554,Sumit01,Durga Book Distributors_TEST PREP,55340,PWH
PWH20378,ERP-B2B-SALE-2026-23642,2026-08-13 16:32:00,2026-08-13 16:44:00,Third Party,BKP2501006806,PW UPSC Mindmaps Ancient and Medieval India For UPSC/PSC Competitive Examinations | Navigating Concepts Through Visual Mindmaps,,2026-08-13 22:52:00,ANAS02,MTR.G0.R02.A05.L4.B2,30,,PW,BKP2501006806,Default Vendor,PRIME260800027565,Sumit01,Durga Book Distributors_TEST PREP,55340,PWH
PWH20378,ERP-B2B-SALE-2026-23642,2026-08-13 16:32:00,2026-08-13 16:44:00,Third Party,BKP2501006483,UPSC Mindmaps Modern Indian History For UPSC/PSC Competitive Examinations | Navigating Concepts Through Visual Mindmaps,,2026-08-13 22:12:00,ANAS02,MTR.G1.R23.A07.L3.B2,15,,PW,BKP2501006483,Default Vendor,PRIME260800027557,Sumit01,Durga Book Distributors_TEST PREP,55340,PWH
PWH20378,ERP-B2B-SALE-2026-23642,2026-08-13 16:32:00,2026-08-13 16:44:00,Third Party,BKP2501006773,PW UPSC Mindmaps Economy For UPSC/PSC Competitive Examinations | Navigating Concepts Through Visual Mindmaps,,2026-08-13 23:22:00,ANAS02,SPR.R17.A10.L1.B1,13,,PW,BKP2501006773,Default Vendor,PRIME260800027554,Sumit01,Durga Book Distributors_TEST PREP,55340,PWH
PWH20378,ERP-B2B-SALE-2026-23642,2026-08-13 16:32:00,2026-08-13 16:44:00,Third Party,BKP2501006773,PW UPSC Mindmaps Economy For UPSC/PSC Competitive Examinations | Navigating Concepts Through Visual Mindmaps,,2026-08-14 01:02:00,ANAS02,SPR.R26.A2.L1.B1,1,,PW,BKP2501006773,Default Vendor,PRIME260800027554,Sumit01,Durga Book Distributors_TEST PREP,55340,PWH
PWH20378,ERP-B2B-SALE-2026-23642,2026-08-13 16:32:00,2026-08-13 16:44:00,Third Party,BKP2501006773,PW UPSC Mindmaps Economy For UPSC/PSC Competitive Examinations | Navigating Concepts Through Visual Mindmaps,,2026-08-14 01:00:00,ANAS02,SPR.R29.A10.L0.B1,2,,PW,BKP2501006773,Default Vendor,PRIME260800027554,Sumit01,Durga Book Distributors_TEST PREP,55340,PWH
PWH20378,ERP-B2B-SALE-2026-23642,2026-08-13 16:32:00,2026-08-13 16:44:00,Third Party,BKP2501006773,PW UPSC Mindmaps Economy For UPSC/PSC Competitive Examinations | Navigating Concepts Through Visual Mindmaps,,2026-08-13 23:23:00,ANAS02,SPR.R17.A10.L1.B1,14,,PW,BKP2501006773,Default Vendor,PRIME260800027554,Sumit01,Durga Book Distributors_TEST PREP,55340,PWH
PWH20378,ERP-B2B-SALE-2026-23642,2026-08-13 16:32:00,2026-08-13 16:44:00,Third Party,BKP2501006795,PW UPSC Mindmaps Indian Polity For UPSC/PSC Competitive Examinations | Navigating Concepts Through Visual Mindmaps,,2026-08-13 21:47:00,ANAS02,MTR.G2.R40.A07.L4.B1,30,,PW,BKP2501006795,Default Vendor,PRIME260800027558,Sumit01,Durga Book Distributors_TEST PREP,55340,PWH
PWH20378,ERP-B2B-SALE-2026-23642,2026-08-13 16:32:00,2026-08-13 16:44:00,Third Party,BKP2503007163,"Chemistry Med Easy | Notes, Formulas, Tips & Tricks for NEET/JEE & Board Exams | Pankaj Sir Chemistry Handwritten Notes",,2026-08-13 23:19:00,ANAS02,SPR.R13.A3.L1.B3,5,,PW,BKP2503007163,Default Vendor,PRIME260800027552,Sumit01,Durga Book Distributors_TEST PREP,55340,PWH
PWH20378,ERP-B2B-SALE-2026-23642,2026-08-13 16:32:00,2026-08-13 16:44:00,Third Party,BKP2503007163,"Chemistry Med Easy | Notes, Formulas, Tips & Tricks for NEET/JEE & Board Exams | Pankaj Sir Chemistry Handwritten Notes",,2026-08-13 22:53:00,ANAS02,MTR.G0.R02.A10.L3.B1,2,,PW,BKP2503007163,Default Vendor,PRIME260800027560,Sumit01,Durga Book Distributors_TEST PREP,55340,PWH
PWH20378,ERP-B2B-SALE-2026-23642,2026-08-13 16:32:00,2026-08-13 16:44:00,Third Party,BKP2503007163,"Chemistry Med Easy | Notes, Formulas, Tips & Tricks for NEET/JEE & Board Exams | Pankaj Sir Chemistry Handwritten Notes",,2026-08-13 21:43:00,ANAS02,MTR.G3.R26.A10.L3.B2,13,,PW,BKP2503007163,Default Vendor,PRIME260800027560,Sumit01,Durga Book Distributors_TEST PREP,55340,PWH
PWH20378,ERP-B2B-SALE-2026-23642,2026-08-13 16:32:00,2026-08-13 16:44:00,Third Party,BKP2601198115,"PW UPSC Prelims & Mains – GS Paper 1 Ancient & Medieval Indian History Handwritten Notes By Abhishek Srivastava Sir For UPSC | Timelines Series | History through Timelines, Maps & Mind Maps",,2026-08-13 22:07:00,ANAS02,MTR.G1.R47.A12.L3.B1,10,,PW,BKP2601198115,Default Vendor,PRIME260800027564,Sumit01,Durga Book Distributors_TEST PREP,55340,PWH
PWH20378,ERP-B2B-SALE-2026-23642,2026-08-13 16:32:00,2026-08-13 16:44:00,Third Party,BKP2604020480,PW JEE Main 8 Years (2019 - 2026) PYQs Chemistry Chapterwise and Topicwise | All 162 Sets Previous Years Solved Papers For JEE Main 2027 Exams | Concentrate on Relevance,,2026-08-13 23:05:00,ANAS02,SPR.R5.A14.L1.B2,14,,PW,BKP2604020480,Default Vendor,PRIME260800027540,Sumit01,Durga Book Distributors_TEST PREP,55340,PWH
PWH20378,ERP-B2B-SALE-2026-23642,2026-08-13 16:32:00,2026-08-13 16:44:00,Third Party,BKP2604020480,PW JEE Main 8 Years (2019 - 2026) PYQs Chemistry Chapterwise and Topicwise | All 162 Sets Previous Years Solved Papers For JEE Main 2027 Exams | Concentrate on Relevance,,2026-08-13 23:04:00,ANAS02,SPR.R5.A10.L6.B2,14,,PW,BKP2604020480,Default Vendor,PRIME260800027543,Sumit01,Durga Book Distributors_TEST PREP,55340,PWH
PWH20378,ERP-B2B-SALE-2026-23642,2026-08-13 16:32:00,2026-08-13 16:44:00,Third Party,BKP2604020480,PW JEE Main 8 Years (2019 - 2026) PYQs Chemistry Chapterwise and Topicwise | All 162 Sets Previous Years Solved Papers For JEE Main 2027 Exams | Concentrate on Relevance,,2026-08-13 22:14:00,ANAS02,MTR.G1.R12.A05.L4.B1,2,,PW,BKP2604020480,Default Vendor,PRIME260800027566,Sumit01,Durga Book Distributors_TEST PREP,55340,PWH
PWH20378,ERP-B2B-SALE-2026-23642,2026-08-13 16:32:00,2026-08-13 16:44:00,Third Party,BKP2604020481,PW JEE Main 8 Years (2019 - 2026) PYQs Physics Chapterwise and Topicwise | All 162 Sets Previous Years Solved Papers For JEE Main 2027 Exams | Concentrate on Relevance,,2026-08-14 00:58:00,ANAS02,SPR.R28.A6.L3.B2,14,,PW,BKP2604020481,Default Vendor,PRIME260800027551,Sumit01,Durga Book Distributors_TEST PREP,55340,PWH
PWH20378,ERP-B2B-SALE-2026-23642,2026-08-13 16:32:00,2026-08-13 16:44:00,Third Party,BKP2604020481,PW JEE Main 8 Years (2019 - 2026) PYQs Physics Chapterwise and Topicwise | All 162 Sets Previous Years Solved Papers For JEE Main 2027 Exams | Concentrate on Relevance,,2026-08-14 01:07:00,ANAS02,SPR.R28.A6.L3.B2,14,,PW,BKP2604020481,Default Vendor,PRIME260800027547,Sumit01,Durga Book Distributors_TEST PREP,55340,PWH
PWH20378,ERP-B2B-SALE-2026-23642,2026-08-13 16:32:00,2026-08-13 16:44:00,Third Party,BKP2604020481,PW JEE Main 8 Years (2019 - 2026) PYQs Physics Chapterwise and Topicwise | All 162 Sets Previous Years Solved Papers For JEE Main 2027 Exams | Concentrate on Relevance,,2026-08-13 22:13:00,ANAS02,MTR.G1.R16.A05.L3.B1,2,,PW,BKP2604020481,Default Vendor,PRIME260800027566,Sumit01,Durga Book Distributors_TEST PREP,55340,PWH
PWH20378,ERP-B2B-SALE-2026-23642,2026-08-13 16:32:00,2026-08-13 16:44:00,Third Party,BKP2604020482,PW JEE Main 8 Years (2019 - 2026) PYQs Mathematics Chapterwise and Topicwise | All 162 Sets Previous Years Solved Papers For JEE Main 2027 Exams | Concentrate on Relevance,,2026-08-13 23:10:00,ANAS02,SPR.R8.A11.L2.B1,12,,PW,BKP2604020482,Default Vendor,PRIME260800027546,Sumit01,Durga Book Distributors_TEST PREP,55340,PWH
PWH20378,ERP-B2B-SALE-2026-23642,2026-08-13 16:32:00,2026-08-13 16:44:00,Third Party,BKP2604020482,PW JEE Main 8 Years (2019 - 2026) PYQs Mathematics Chapterwise and Topicwise | All 162 Sets Previous Years Solved Papers For JEE Main 2027 Exams | Concentrate on Relevance,,2026-08-13 23:11:00,ANAS02,SPR.R8.A11.L2.B1,12,,PW,BKP2604020482,Default Vendor,PRIME260800027545,Sumit01,Durga Book Distributors_TEST PREP,55340,PWH
PWH20378,ERP-B2B-SALE-2026-23642,2026-08-13 16:32:00,2026-08-13 16:44:00,Third Party,BKP2604020482,PW JEE Main 8 Years (2019 - 2026) PYQs Mathematics Chapterwise and Topicwise | All 162 Sets Previous Years Solved Papers For JEE Main 2027 Exams | Concentrate on Relevance,,2026-08-13 22:09:00,ANAS02,MTR.G1.R43.A12.L1.B2,1,,PW,BKP2604020482,Default Vendor,PRIME260800027562,Sumit01,Durga Book Distributors_TEST PREP,55340,PWH
PWH20378,ERP-B2B-SALE-2026-23642,2026-08-13 16:32:00,2026-08-13 16:44:00,Third Party,BKP2604020482,PW JEE Main 8 Years (2019 - 2026) PYQs Mathematics Chapterwise and Topicwise | All 162 Sets Previous Years Solved Papers For JEE Main 2027 Exams | Concentrate on Relevance,,2026-08-13 22:09:00,ANAS02,MTR.G1.R39.A12.L3.B2,3,,PW,BKP2604020482,Default Vendor,PRIME260800027562,Sumit01,Durga Book Distributors_TEST PREP,55340,PWH
PWH20378,ERP-B2B-SALE-2026-23642,2026-08-13 16:32:00,2026-08-13 16:44:00,Third Party,BKP2604020482,PW JEE Main 8 Years (2019 - 2026) PYQs Mathematics Chapterwise and Topicwise | All 162 Sets Previous Years Solved Papers For JEE Main 2027 Exams | Concentrate on Relevance,,2026-08-13 22:10:00,ANAS02,MTR.G1.R39.A11.L3.B1,2,,PW,BKP2604020482,Default Vendor,PRIME260800027562,Sumit01,Durga Book Distributors_TEST PREP,55340,PWH
PWH20378,ERP-B2B-SALE-2026-23642,2026-08-13 16:32:00,2026-08-13 16:44:00,Third Party,BKP2604020429,"PW Banking Game Changer English Language Prepnotes & 3000+ PYQs By Anchal Ma'am For 2026-27 Exams | Chapterwise Theory with 15 Online CBT Tests | IBPS PO & Clerk, SBI PO & Clerk, RRB PO & Clerk Exams",,2026-08-13 21:51:00,ANAS02,MTR.G2.R14.A12.L4.B2,10,,PW,BKP2604020429,Default Vendor,PRIME260800027557,Sumit01,Durga Book Distributors_TEST PREP,55340,PWH
PWH20378,ERP-B2B-SALE-2026-23642,2026-08-13 16:32:00,2026-08-13 16:44:00,Third Party,BKP2604020428,"PW Banking Game Changer Reasoning Ability Prepnotes & 3000+ PYQs By Sachin Sir For 2026-27 Exams | Chapterwise Theory with 15 Online CBT Tests | IBPS PO & Clerk, SBI PO & Clerk, RRB PO & Clerk Exams",,2026-08-13 21:36:00,ANAS02,MTR.G3.R42.A05.L3.B2,1,,PW,BKP2604020428,Default Vendor,PRIME260800027555,Sumit01,Durga Book Distributors_TEST PREP,55340,PWH
PWH20378,ERP-B2B-SALE-2026-23642,2026-08-13 16:32:00,2026-08-13 16:44:00,Third Party,BKP2605021566,"PW NEET PYQ 14 Years (2026-2013) Chapterwise & Topicwise Solved Papers | Additional PYQs of Re-NEET of 2026 & 2024, 2023 Manipur & More | Past Year Questions with Detailed Solutions",,2026-08-13 22:56:00,ANAS02,SPR.R5.A6.L0.B3,18,,PW,BKP2605021566,Default Vendor,PRIME260800027539,Sumit01,Durga Book Distributors_TEST PREP,55340,PWH
PWH20378,ERP-B2B-SALE-2026-23642,2026-08-13 16:32:00,2026-08-13 16:44:00,Third Party,BKP2605021566,"PW NEET PYQ 14 Years (2026-2013) Chapterwise & Topicwise Solved Papers | Additional PYQs of Re-NEET of 2026 & 2024, 2023 Manipur & More | Past Year Questions with Detailed Solutions",,2026-08-13 22:56:00,ANAS02,SPR.R5.A6.L0.B3,18,,PW,BKP2605021566,Default Vendor,PRIME260800027541,Sumit01,Durga Book Distributors_TEST PREP,55340,PWH
PWH20378,ERP-B2B-SALE-2026-23642,2026-08-13 16:32:00,2026-08-13 16:44:00,Third Party,BKP2605021566,"PW NEET PYQ 14 Years (2026-2013) Chapterwise & Topicwise Solved Papers | Additional PYQs of Re-NEET of 2026 & 2024, 2023 Manipur & More | Past Year Questions with Detailed Solutions",,2026-08-13 22:13:00,ANAS02,MTR.G1.R20.A09.L4.B2,6,,PW,BKP2605021566,Default Vendor,PRIME260800027555,Sumit01,Durga Book Distributors_TEST PREP,55340,PWH
PWH20378,ERP-B2B-SALE-2026-23642,2026-08-13 16:32:00,2026-08-13 16:44:00,Third Party,BKP2604020430,"Banking Game Changer Banking Awareness Prepnotes & 3000+ PYQs By Shushmita Mam For 2026-27 Exams | Chapterwise Theory with 15 Online CBT Tests | IBPS PO & Clerk, SBI PO & Clerk, RRB PO & Clerk Exams",,2026-08-13 22:38:00,ANAS02,MTR.G0.R45.A09.L3.B2,10,,PW,BKP2604020430,Default Vendor,PRIME260800027555,Sumit01,Durga Book Distributors_TEST PREP,55340,PWH
PWH20378,ERP-B2B-SALE-2026-23642,2026-08-13 16:32:00,2026-08-13 16:44:00,Third Party,BKP2604120560,"Banking Game Changer Quantitative Aptitude Prepnotes & 3000+ PYQs By Sumit Sir For 2026-27 Exams | Chapterwise Theory with 15 Online CBT Tests | IBPS PO & Clerk, SBI PO & Clerk, RRB PO & Clerk Exams",,2026-08-13 22:42:00,ANAS02,MTR.G0.R27.A04.L3.B2,5,,PW,BKP2604120560,Default Vendor,PRIME260800027565,Sumit01,Durga Book Distributors_TEST PREP,55340,PWH
PWH20378,ERP-B2B-SALE-2026-23642,2026-08-13 16:32:00,2026-08-13 16:44:00,Third Party,BKP2606022473,OnlyIAS UPSC Prelims Previous Year Solved Papers (2026–1995) | 32 Years Topicwise GS PYQs with 3400+ MCQs & Detailed Explanations | Civil Services IAS Book English Medium | UPSC Books 2027,,2026-08-14 00:47:00,ANAS02,SPR.R23.A7.L1.B2,12,,PW,BKP2606022473,Default Vendor,PRIME260800027549,Sumit01,Durga Book Distributors_TEST PREP,55340,PWH
PWH20378,ERP-B2B-SALE-2026-23642,2026-08-13 16:32:00,2026-08-13 16:44:00,Third Party,BKP2606022473,OnlyIAS UPSC Prelims Previous Year Solved Papers (2026–1995) | 32 Years Topicwise GS PYQs with 3400+ MCQs & Detailed Explanations | Civil Services IAS Book English Medium | UPSC Books 2027,,2026-08-14 01:07:00,ANAS02,SPR.R23.A7.L1.B2,12,,PW,BKP2606022473,Default Vendor,PRIME260800027548,Sumit01,Durga Book Distributors_TEST PREP,55340,PWH
PWH20378,ERP-B2B-SALE-2026-23642,2026-08-13 16:32:00,2026-08-13 16:44:00,Third Party,BKP2606022473,OnlyIAS UPSC Prelims Previous Year Solved Papers (2026–1995) | 32 Years Topicwise GS PYQs with 3400+ MCQs & Detailed Explanations | Civil Services IAS Book English Medium | UPSC Books 2027,,2026-08-13 22:45:00,ANAS02,MTR.G0.R25.A09.L3.B2,6,,PW,BKP2606022473,Default Vendor,PRIME260800027556,Sumit01,Durga Book Distributors_TEST PREP,55340,PWH
PWH20378,ERP-B2B-SALE-2026-23642,2026-08-13 16:32:00,2026-08-13 16:44:00,Third Party,BKP2605761717,"PW Physics Handbook For 2026-27 Exams | Highly Useful For NEET, JEE, CBSE Class 11-12 & Other Competitive Exams | Quick Revision Book | Important NCERT Lines",,2026-08-14 00:43:00,ANAS02,SPR.R16.A10.L3.B2,8,,PW,BKP2605761717,Default Vendor,PRIME260800027552,Sumit01,Durga Book Distributors_TEST PREP,55340,PWH
PWH20378,ERP-B2B-SALE-2026-23642,2026-08-13 16:32:00,2026-08-13 16:44:00,Third Party,BKP2605022298,"PW Chemistry Handbook For 2026-27 Exams | Highly Useful For NEET, JEE, CBSE Class 11-12 & Other Competitive Exams | Quick Revision Book | Important NCERT Lines",,2026-08-13 21:49:00,ANAS02,MTR.G2.R17.A04.L2.B2,18,,PW,BKP2605022298,Default Vendor,PRIME260800027563,Sumit01,Durga Book Distributors_TEST PREP,55340,PWH
PWH20378,ERP-B2B-SALE-2026-23642,2026-08-13 16:32:00,2026-08-13 16:44:00,Third Party,BKP2605022299,"PW Maths Handbook For 2026-27 Exams | Highly Useful For JEE, CBSE Class 11-12 & Other Competitive Exams | Quick Revision Book | Important NCERT Lines",,2026-08-13 21:58:00,ANAS02,MTR.G3.R02.A12.L3.B1,20,,PW,BKP2605022299,Default Vendor,PRIME260800027556,Sumit01,Durga Book Distributors_TEST PREP,55340,PWH
PWH20378,ERP-B2B-SALE-2026-23642,2026-08-13 16:32:00,2026-08-13 16:44:00,Third Party,BKP2605022308,"PW Biology Handbook For 2026-27 Exams | Highly Useful For NEET, CBSE Class 11-12 & Other Competitive Exams | Quick Revision Book | Important NCERT Lines",,2026-08-13 23:02:00,ANAS02,SPR.R6.A8.L5.B2,19,,PW,BKP2605022308,Default Vendor,PRIME260800027553,Sumit01,Durga Book Distributors_TEST PREP,55340,PWH
PWH20378,ERP-B2B-SALE-2026-23642,2026-08-13 16:32:00,2026-08-13 16:44:00,Third Party,BKP2605022308,"PW Biology Handbook For 2026-27 Exams | Highly Useful For NEET, CBSE Class 11-12 & Other Competitive Exams | Quick Revision Book | Important NCERT Lines",,2026-08-13 21:48:00,ANAS02,MTR.G2.R29.A11.L4.B1,1,,PW,BKP2605022308,Default Vendor,PRIME260800027558,Sumit01,Durga Book Distributors_TEST PREP,55340,PWH
PWH20378,ERP-B2B-SALE-2026-23642,2026-08-13 16:32:00,2026-08-13 16:44:00,Third Party,BKP2605022122,"PW Informative Atlas Book - India & World | Physical, Political, Regional, Thematic Maps For School, UPSC, State PSC & Other Competitive Exams English Edition",,2026-08-13 22:51:00,ANAS02,MTR.G0.R03.A06.L3.B1,10,,PW,BKP2605022122,Default Vendor,PRIME260800027557,Sumit01,Durga Book Distributors_TEST PREP,55340,PWH
PWH20378,ERP-B2B-SALE-2026-23642,2026-08-13 16:32:00,2026-08-13 16:44:00,Third Party,BKP2604120560,"Banking Game Changer Quantitative Aptitude Prepnotes & 3000+ PYQs By Sumit Sir For 2026-27 Exams | Chapterwise Theory with 15 Online CBT Tests | IBPS PO & Clerk, SBI PO & Clerk, RRB PO & Clerk Exams",,2026-08-13 22:42:00,ANAS02,MTR.G0.R27.A04.L3.B2,5,,PW,BKP2604120560,Default Vendor,PRIME260800027566,Sumit01,Durga Book Distributors_TEST PREP,55340,PWH
PWH20378,ERP-B2B-SALE-2026-23642,2026-08-13 16:32:00,2026-08-13 16:44:00,Third Party,BKP2605021566,"PW NEET PYQ 14 Years (2026-2013) Chapterwise & Topicwise Solved Papers | Additional PYQs of Re-NEET of 2026 & 2024, 2023 Manipur & More | Past Year Questions with Detailed Solutions",,2026-08-13 22:13:00,ANAS02,MTR.G1.R20.A09.L4.B2,2,,PW,BKP2605021566,Default Vendor,PRIME260800027565,Sumit01,Durga Book Distributors_TEST PREP,55340,PWH
PWH20378,ERP-B2B-SALE-2026-23642,2026-08-13 16:32:00,2026-08-13 16:44:00,Third Party,BKP2605022298,"PW Chemistry Handbook For 2026-27 Exams | Highly Useful For NEET, JEE, CBSE Class 11-12 & Other Competitive Exams | Quick Revision Book | Important NCERT Lines",,2026-08-13 21:49:00,ANAS02,MTR.G2.R17.A04.L2.B2,2,,PW,BKP2605022298,Default Vendor,PRIME260800027564,Sumit01,Durga Book Distributors_TEST PREP,55340,PWH
PWH20378,ERP-B2B-SALE-2026-23642,2026-08-13 16:32:00,2026-08-13 16:44:00,Third Party,BKP2604020428,"PW Banking Game Changer Reasoning Ability Prepnotes & 3000+ PYQs By Sachin Sir For 2026-27 Exams | Chapterwise Theory with 15 Online CBT Tests | IBPS PO & Clerk, SBI PO & Clerk, RRB PO & Clerk Exams",,2026-08-13 21:36:00,ANAS02,MTR.G3.R42.A05.L3.B2,7,,PW,BKP2604020428,Default Vendor,PRIME260800027563,Sumit01,Durga Book Distributors_TEST PREP,55340,PWH
PWH20378,ERP-B2B-SALE-2026-23642,2026-08-13 16:32:00,2026-08-13 16:44:00,Third Party,BKP2604020428,"PW Banking Game Changer Reasoning Ability Prepnotes & 3000+ PYQs By Sachin Sir For 2026-27 Exams | Chapterwise Theory with 15 Online CBT Tests | IBPS PO & Clerk, SBI PO & Clerk, RRB PO & Clerk Exams",,2026-08-13 21:36:00,ANAS02,MTR.G3.R42.A05.L3.B2,2,,PW,BKP2604020428,Default Vendor,PRIME260800027562,Sumit01,Durga Book Distributors_TEST PREP,55340,PWH
PWH20378,ERP-B2B-SALE-2026-23642,2026-08-13 16:32:00,2026-08-13 16:44:00,Third Party,BKP2309007187,"Physics Med Easy 2.0 Notes | Notes, Formulas, Mnemonics, Tips & Tricks for NEET/JEE & Board Exams | Dr. Manish Raj (MR Sir) Physics Handwritten Notes",,2026-08-13 22:48:00,ANAS02,MTR.G0.R10.A10.L2.B2,10,,PW,BKP2309007187,Default Vendor,PRIME260800027562,Sumit01,Durga Book Distributors_TEST PREP,55340,PWH
PWH20378,ERP-B2B-SALE-2026-23642,2026-08-13 16:32:00,2026-08-13 16:44:00,Third Party,BKP2309007187,"Physics Med Easy 2.0 Notes | Notes, Formulas, Mnemonics, Tips & Tricks for NEET/JEE & Board Exams | Dr. Manish Raj (MR Sir) Physics Handwritten Notes",,2026-08-13 22:46:00,ANAS02,MTR.G0.R10.A05.L1.B2,8,,PW,BKP2309007187,Default Vendor,PRIME260800027561,Sumit01,Durga Book Distributors_TEST PREP,55340,PWH
PWH20378,ERP-B2B-SALE-2026-23642,2026-08-13 16:32:00,2026-08-13 16:44:00,Third Party,BKP2605021566,"PW NEET PYQ 14 Years (2026-2013) Chapterwise & Topicwise Solved Papers | Additional PYQs of Re-NEET of 2026 & 2024, 2023 Manipur & More | Past Year Questions with Detailed Solutions",,2026-08-13 22:13:00,ANAS02,MTR.G1.R20.A09.L4.B2,3,,PW,BKP2605021566,Default Vendor,PRIME260800027560,Sumit01,Durga Book Distributors_TEST PREP,55340,PWH
PWH20378,ERP-B2B-SALE-2026-23642,2026-08-13 16:32:00,2026-08-13 16:44:00,Third Party,BKP2605021566,"PW NEET PYQ 14 Years (2026-2013) Chapterwise & Topicwise Solved Papers | Additional PYQs of Re-NEET of 2026 & 2024, 2023 Manipur & More | Past Year Questions with Detailed Solutions",,2026-08-13 22:13:00,ANAS02,MTR.G1.R20.A09.L4.B2,2,,PW,BKP2605021566,Default Vendor,PRIME260800027559,Sumit01,Durga Book Distributors_TEST PREP,55340,PWH
PWH20378,ERP-B2B-SALE-2026-23642,2026-08-13 16:32:00,2026-08-13 16:44:00,Third Party,BKP2501006483,UPSC Mindmaps Modern Indian History For UPSC/PSC Competitive Examinations | Navigating Concepts Through Visual Mindmaps,,2026-08-13 22:12:00,ANAS02,MTR.G1.R23.A07.L3.B2,15,,PW,BKP2501006483,Default Vendor,PRIME260800027558,Sumit01,Durga Book Distributors_TEST PREP,55340,PWH
PWH20378,ERP-B2B-SALE-2026-23642,2026-08-13 16:32:00,2026-08-13 16:44:00,Third Party,BKP2605021566,"PW NEET PYQ 14 Years (2026-2013) Chapterwise & Topicwise Solved Papers | Additional PYQs of Re-NEET of 2026 & 2024, 2023 Manipur & More | Past Year Questions with Detailed Solutions",,2026-08-13 22:13:00,ANAS02,MTR.G1.R20.A09.L4.B2,1,,PW,BKP2605021566,Default Vendor,PRIME260800027556,Sumit01,Durga Book Distributors_TEST PREP,55340,PWH
PWH20378,ERP-B2B-SALE-2026-23642,2026-08-13 16:32:00,2026-08-13 16:44:00,Third Party,BKP2605761717,"PW Physics Handbook For 2026-27 Exams | Highly Useful For NEET, JEE, CBSE Class 11-12 & Other Competitive Exams | Quick Revision Book | Important NCERT Lines",,2026-08-14 00:43:00,ANAS02,SPR.R16.A10.L3.B2,12,,PW,BKP2605761717,Default Vendor,PRIME260800027553,Sumit01,Durga Book Distributors_TEST PREP,55340,PWH
PWH20378,ERP-B2B-SALE-2026-23642,2026-08-13 16:32:00,2026-08-13 16:44:00,Third Party,BKP2503007163,"Chemistry Med Easy | Notes, Formulas, Tips & Tricks for NEET/JEE & Board Exams | Pankaj Sir Chemistry Handwritten Notes",,2026-08-13 23:19:00,ANAS02,SPR.R13.A3.L1.B3,30,,PW,BKP2503007163,Default Vendor,PRIME260800027544,Sumit01,Durga Book Distributors_TEST PREP,55340,PWH
PWH20379,ERP-B2B-SALE-2026-23643,2026-08-13 16:32:00,2026-08-13 16:44:00,Third Party,BKP2602019097,PW CBSE Question & Concept Bank (QCB) Class 12 Chemistry Chapter-wise and Topic-wise Solved Questions By Shourya Mam & Aakash Sir For 2027 Board Exams with 50% Competency Based Question,,2026-08-13 21:27:00,mohit5,SPR.R7.A1.L6.B1,6,,PW,BKP2602019097,Default Vendor,PRIME260800027502,Sumit01,Vardhman Book Depot Distributor and Supplier,55336,PWH
PWH20379,ERP-B2B-SALE-2026-23643,2026-08-13 16:32:00,2026-08-13 16:44:00,Third Party,BKP2602019097,PW CBSE Question & Concept Bank (QCB) Class 12 Chemistry Chapter-wise and Topic-wise Solved Questions By Shourya Mam & Aakash Sir For 2027 Board Exams with 50% Competency Based Question,,2026-08-13 21:25:00,mohit5,SPR.R7.A1.L6.B1,22,,PW,BKP2602019097,Default Vendor,PRIME260800027495,Sumit01,Vardhman Book Depot Distributor and Supplier,55336,PWH
PWH20379,ERP-B2B-SALE-2026-23643,2026-08-13 16:32:00,2026-08-13 16:44:00,Third Party,BKP2602019097,PW CBSE Question & Concept Bank (QCB) Class 12 Chemistry Chapter-wise and Topic-wise Solved Questions By Shourya Mam & Aakash Sir For 2027 Board Exams with 50% Competency Based Question,,2026-08-13 21:41:00,mohit5,MTR.G0.R05.A05.L4.B1,2,,PW,BKP2602019097,Default Vendor,PRIME260800027502,Sumit01,Vardhman Book Depot Distributor and Supplier,55336,PWH
PWH20380,ERP-B2B-SALE-2026-23644,2026-08-13 16:32:00,2026-08-13 16:44:00,Third Party,BKP2309007187,"Physics Med Easy 2.0 Notes | Notes, Formulas, Mnemonics, Tips & Tricks for NEET/JEE & Board Exams | Dr. Manish Raj (MR Sir) Physics Handwritten Notes",,2026-08-14 03:22:00,Bharat21,MTR.G0.R10.A05.L1.B2,5,,PW,BKP2309007187,Default Vendor,PRIME260800021397,anil05,Pragati Books And Stationers,55337,PWH
PWH20380,ERP-B2B-SALE-2026-23644,2026-08-13 16:32:00,2026-08-13 16:44:00,Third Party,BKP2402007120,"Botany Med Easy Dr. Vipin Sharma Handwritten Notes | Flow Charts, Mindmaps, Mnemonics for NEET & Board Exams as per latest NMC NEET Syllabus",,2026-08-14 02:51:00,Bharat21,MTR.G1.R05.A11.L1.B1,5,,PW,BKP2402007120,Default Vendor,PRIME260800021405,anil05,Pragati Books And Stationers,55337,PWH
PWH20380,ERP-B2B-SALE-2026-23644,2026-08-13 16:32:00,2026-08-13 16:44:00,Third Party,BKP2404011943,"NEET Mind Maps for Class 11th (Paperback) l Complete Coverage of Physics, Chemistry and Biology l Intractive Mind Maps, Important Concept & Formula",,2026-08-14 02:07:00,Bharat21,MTR.G3.R42.A07.L1.B1,3,,PW,BKP2404011943,Default Vendor,PRIME260800021404,anil05,Pragati Books And Stationers,55337,PWH
PWH20380,ERP-B2B-SALE-2026-23644,2026-08-13 16:32:00,2026-08-13 16:44:00,Third Party,BKP2404012736,"NEET Mind Maps for Class 12th (Paperback) l Complete Coverage of Physics, Chemistry and Biology l Intractive Mind Maps, Important Concept & Formula",,2026-08-14 02:08:00,Bharat21,MTR.G3.R32.A11.L2.B1,3,,PW,BKP2404012736,Default Vendor,PRIME260800021404,anil05,Pragati Books And Stationers,55337,PWH
PWH20380,ERP-B2B-SALE-2026-23644,2026-08-13 16:32:00,2026-08-13 16:44:00,Third Party,BKP2311006962,"JEE Mind Maps for Class 11th (Paperback) l Complete Coverage of Physics, Chemistry and Mathematics l Intractive Mind Maps, Important Concept & Formula",,2026-08-14 03:22:00,Bharat21,MTR.G0.R11.A12.L2.B2,2,,PW,BKP2311006962,Default Vendor,PRIME260800021404,anil05,Pragati Books And Stationers,55337,PWH
PWH20380,ERP-B2B-SALE-2026-23644,2026-08-13 16:32:00,2026-08-13 16:44:00,Third Party,BKP2311007112,"JEE Mind Maps for Class 12th (Paperback) l Complete Coverage of Physics, Chemistry and Maths l Interactive Mind Maps, Important Concept & Formula",,2026-08-14 03:18:00,Bharat21,MTR.G0.R28.A11.L4.B1,2,,PW,BKP2311007112,Default Vendor,PRIME260800021404,anil05,Pragati Books And Stationers,55337,PWH
PWH20380,ERP-B2B-SALE-2026-23644,2026-08-13 16:32:00,2026-08-13 16:44:00,Third Party,BKP2409006489,"NEET BioLens Biology Through Images For 2024-25 Exams l Interactive 3D Models, Visual Representation, Practice Questions",,2026-08-14 03:17:00,Bharat21,MTR.G0.R44.A08.L4.B2,3,,PW,BKP2409006489,Default Vendor,PRIME260800021403,anil05,Pragati Books And Stationers,55337,PWH
PWH20380,ERP-B2B-SALE-2026-23644,2026-08-13 16:32:00,2026-08-13 16:44:00,Third Party,BKP2409006489,"NEET BioLens Biology Through Images For 2024-25 Exams l Interactive 3D Models, Visual Representation, Practice Questions",,2026-08-14 02:55:00,Bharat21,MTR.G2.R01.A08.L3.B1,2,,PW,BKP2409006489,Default Vendor,PRIME260800021403,anil05,Pragati Books And Stationers,55337,PWH
PWH20380,ERP-B2B-SALE-2026-23644,2026-08-13 16:32:00,2026-08-13 16:44:00,Third Party,BKP2503007173,PW EaJEE Handwritten Notes For Physical Chemistry By Faisal Razaq | Chapterwise and Topicwise 1200+ Questions | Complete JEE Main & Advanced Syllabus | Handpicked PYQs,,2026-08-14 02:47:00,Bharat21,MTR.G1.R24.A10.L2.B1,1,,PW,BKP2503007173,Default Vendor,PRIME260800021396,anil05,Pragati Books And Stationers,55337,PWH
PWH20380,ERP-B2B-SALE-2026-23644,2026-08-13 16:32:00,2026-08-13 16:44:00,Third Party,BKP2503007163,"Chemistry Med Easy | Notes, Formulas, Tips & Tricks for NEET/JEE & Board Exams | Pankaj Sir Chemistry Handwritten Notes",,2026-08-14 02:09:00,Bharat21,MTR.G3.R26.A10.L3.B2,5,,PW,BKP2503007163,Default Vendor,PRIME260800021399,Sachin,Pragati Books And Stationers,55337,PWH
PWH20380,ERP-B2B-SALE-2026-23644,2026-08-13 16:32:00,2026-08-13 16:44:00,Third Party,BKP2505007200,MR Physics Questions Solving Med Easy | Chapterwise and Topicwise 6000+ Practice Questions with Answer Keys | Complete Class 11 & 12 Syllabus For NEET and JEE,,2026-08-14 02:10:00,Bharat21,MTR.G3.R24.A12.L4.B1,3,,PW,BKP2505007200,Default Vendor,PRIME260800021404,anil05,Pragati Books And Stationers,55337,PWH
PWH20380,ERP-B2B-SALE-2026-23644,2026-08-13 16:32:00,2026-08-13 16:44:00,Third Party,BKP2503007117,"Maths Made EJEE Class 11 Handwritten Notes By Sachin Jakhar For JEE Main & Advanced Exams | Complete Theory, Basic to Advanced Problems, Special Tricks, PYQ, Detailed Solutions",,2026-08-14 03:20:00,Bharat21,MTR.G0.R27.A01.L3.B1,2,,PW,BKP2503007117,Default Vendor,PRIME260800021397,anil05,Pragati Books And Stationers,55337,PWH
PWH20380,ERP-B2B-SALE-2026-23644,2026-08-13 16:32:00,2026-08-13 16:44:00,Third Party,BKP2508007218,NEET Easy Handwritten Notes Inorganic Chemistry For NEET & JEE Main By Om Pandey | Chapterwise and Topicwise Questions | Backlog Killer Notes with Handpicked PYQs [paperback] Om Pandey,,2026-08-14 03:17:00,Bharat21,MTR.G0.R32.A11.L2.B2,3,,PW,BKP2508007218,Default Vendor,PRIME260800021395,anil05,Pragati Books And Stationers,55337,PWH
PWH20380,ERP-B2B-SALE-2026-23644,2026-08-13 16:32:00,2026-08-13 16:44:00,Third Party,BKP2507007026,EaJEE Handwritten Notes For Organic Chemistry By Rohit Sir & SKC Sir For JEE Main & Advanced | Chapterwise and Topicwise Notes | Handpicked Practice Questions & PYQs,,2026-08-14 02:32:00,Bharat21,MTR.G2.R26.A02.L4.B1,3,,PW,BKP2507007026,Default Vendor,PRIME260800021399,Sachin,Pragati Books And Stationers,55337,PWH
PWH20380,ERP-B2B-SALE-2026-23644,2026-08-13 16:32:00,2026-08-13 16:44:00,Third Party,BKP2509007224,EaJEE Handwritten Notes For Mathematics Class 11 JEE Main & Advanced By Tarun Khandelwal (T.K. Sir) | Chapterwise and Topicwise Questions | Handpicked PYQs,,2026-08-14 02:46:00,Bharat21,MTR.G1.R34.A11.L1.B1,3,,PW,BKP2509007224,Default Vendor,PRIME260800021399,Sachin,Pragati Books And Stationers,55337,PWH
PWH20380,ERP-B2B-SALE-2026-23644,2026-08-13 16:32:00,2026-08-13 16:44:00,Third Party,BKP2601992939,PW EaJEE Handwritten Notes For Mathematics Class 12 JEE Main & Advanced By Tarun Khandelwal (T.K. Sir) | Chapterwise and Topicwise Questions | Handpicked PYQs,,2026-08-14 03:23:00,Bharat21,MTR.G0.R08.A11.L3.B1,3,,PW,BKP2601992939,Default Vendor,PRIME260800021397,anil05,Pragati Books And Stationers,55337,PWH
PWH20380,ERP-B2B-SALE-2026-23644,2026-08-13 16:32:00,2026-08-13 16:44:00,Third Party,BKP2602263203,"Med Easy Physics Class 11 Handwritten Notes By MR Sir | Helpful For NEET, JEE and Board Exams | Detailed Notes For Basic to Advanced Preparations",,2026-08-14 03:21:00,Bharat21,MTR.G0.R19.A04.L1.B1,5,,PW,BKP2602263203,Default Vendor,PRIME260800021395,anil05,Pragati Books And Stationers,55337,PWH
PWH20380,ERP-B2B-SALE-2026-23644,2026-08-13 16:32:00,2026-08-13 16:44:00,Third Party,BKP2604020480,PW JEE Main 8 Years (2019 - 2026) PYQs Chemistry Chapterwise and Topicwise | All 162 Sets Previous Years Solved Papers For JEE Main 2027 Exams | Concentrate on Relevance,,2026-08-14 02:50:00,Bharat21,MTR.G1.R12.A05.L4.B1,5,,PW,BKP2604020480,Default Vendor,PRIME260800021404,anil05,Pragati Books And Stationers,55337,PWH
PWH20380,ERP-B2B-SALE-2026-23644,2026-08-13 16:32:00,2026-08-13 16:44:00,Third Party,BKP2604020481,PW JEE Main 8 Years (2019 - 2026) PYQs Physics Chapterwise and Topicwise | All 162 Sets Previous Years Solved Papers For JEE Main 2027 Exams | Concentrate on Relevance,,2026-08-14 02:49:00,Bharat21,MTR.G1.R16.A05.L3.B1,5,,PW,BKP2604020481,Default Vendor,PRIME260800021405,anil05,Pragati Books And Stationers,55337,PWH
PWH20380,ERP-B2B-SALE-2026-23644,2026-08-13 16:32:00,2026-08-13 16:44:00,Third Party,BKP2604020482,PW JEE Main 8 Years (2019 - 2026) PYQs Mathematics Chapterwise and Topicwise | All 162 Sets Previous Years Solved Papers For JEE Main 2027 Exams | Concentrate on Relevance,,2026-08-14 02:44:00,Bharat21,MTR.G1.R39.A11.L3.B1,5,,PW,BKP2604020482,Default Vendor,PRIME260800021396,anil05,Pragati Books And Stationers,55337,PWH
PWH20380,ERP-B2B-SALE-2026-23644,2026-08-13 16:32:00,2026-08-13 16:44:00,Third Party,BKP2604191936,PW NEET PYQ 39 Years Biology For 2027 Exam | PYQ Deja Vu | Additional PYQs from Re-NEET and Other States | Chapterwise and Topicwise Solutions (2026-1988) with Highlighted Must Revise Questions,,2026-08-14 02:52:00,Bharat21,MTR.G1.R03.A03.L2.B2,2,,PW,BKP2604191936,Default Vendor,PRIME260800021405,anil05,Pragati Books And Stationers,55337,PWH
PWH20380,ERP-B2B-SALE-2026-23644,2026-08-13 16:32:00,2026-08-13 16:44:00,Third Party,BKP2604191936,PW NEET PYQ 39 Years Biology For 2027 Exam | PYQ Deja Vu | Additional PYQs from Re-NEET and Other States | Chapterwise and Topicwise Solutions (2026-1988) with Highlighted Must Revise Questions,,2026-08-14 02:35:00,Bharat21,MTR.G2.R17.A05.L4.B1,2,,PW,BKP2604191936,Default Vendor,PRIME260800021405,anil05,Pragati Books And Stationers,55337,PWH
PWH20380,ERP-B2B-SALE-2026-23644,2026-08-13 16:32:00,2026-08-13 16:44:00,Third Party,BKP2604020970,PW NEET PYQ 39 Years Physics For 2027 Exam | PYQ Deja Vu | Additional PYQs from Re-NEET and Other States | Chapterwise and Topicwise Solutions (2026-1988) with Highlighted Must Revise Questions,,2026-08-14 02:12:00,Bharat21,MTR.G3.R02.A06.L4.B2,5,,PW,BKP2604020970,Default Vendor,PRIME260800021398,Sachin,Pragati Books And Stationers,55337,PWH
PWH20380,ERP-B2B-SALE-2026-23644,2026-08-13 16:32:00,2026-08-13 16:44:00,Third Party,BKP2604020971,PW NEET PYQ 39 Years Chemistry For 2027 Exam | PYQ Deja Vu | Additional PYQs from Re-NEET and Other States | Chapterwise and Topicwise Solutions (2026-1988) with Highlighted Must Revise Questions,,2026-08-14 02:13:00,Bharat21,MTR.G3.R01.A07.L3.B1,5,,PW,BKP2604020971,Default Vendor,PRIME260800021404,anil05,Pragati Books And Stationers,55337,PWH
PWH20380,ERP-B2B-SALE-2026-23644,2026-08-13 16:32:00,2026-08-13 16:44:00,Third Party,BKP2604331325,SKC Physics Crush Class 12 Handwritten Format Notes By Saleem Sir For JEE and NEET Exams (Hinglish Edition) | From Basic to JEE Advanced via JEE/ NEET,,2026-08-14 02:10:00,Bharat21,MTR.G3.R27.A06.L4.B1,3,,PW,BKP2604331325,Default Vendor,PRIME260800021403,anil05,Pragati Books And Stationers,55337,PWH
PWH20380,ERP-B2B-SALE-2026-23644,2026-08-13 16:32:00,2026-08-13 16:44:00,Third Party,BKP2604020695,SKC Physics Crush Class 11 Handwritten Format Notes By Saleem Sir For JEE and NEET Exams (Hinglish Edition) | Most Important PYQs | From Basic to JEE Advanced via JEE/ NEET,,2026-08-14 02:42:00,Bharat21,MTR.G1.R42.A03.L2.B1,1,,PW,BKP2604020695,Default Vendor,PRIME260800021403,anil05,Pragati Books And Stationers,55337,PWH
PWH20380,ERP-B2B-SALE-2026-23644,2026-08-13 16:32:00,2026-08-13 16:44:00,Third Party,BKP2604020695,SKC Physics Crush Class 11 Handwritten Format Notes By Saleem Sir For JEE and NEET Exams (Hinglish Edition) | Most Important PYQs | From Basic to JEE Advanced via JEE/ NEET,,2026-08-14 02:43:00,Bharat21,MTR.G1.R42.A03.L4.B1,1,,PW,BKP2604020695,Default Vendor,PRIME260800021403,anil05,Pragati Books And Stationers,55337,PWH
PWH20380,ERP-B2B-SALE-2026-23644,2026-08-13 16:32:00,2026-08-13 16:44:00,Third Party,BKP2605021566,"PW NEET PYQ 14 Years (2026-2013) Chapterwise & Topicwise Solved Papers | Additional PYQs of Re-NEET of 2026 & 2024, 2023 Manipur & More | Past Year Questions with Detailed Solutions",,2026-08-14 02:48:00,Bharat21,MTR.G1.R20.A09.L4.B2,5,,PW,BKP2605021566,Default Vendor,PRIME260800021395,anil05,Pragati Books And Stationers,55337,PWH
PWH20380,ERP-B2B-SALE-2026-23644,2026-08-13 16:32:00,2026-08-13 16:44:00,Third Party,BKP2605021588,PW 49 Years JEE Advanced Chemistry PYQ Book Chapterwise & Topicwise Solved Papers (1978-2026) | PYQ with Detailed Solutions | Previous Year Questions for IIT JEE Advanced Exam,,2026-08-14 02:06:00,Bharat21,MTR.G3.R46.A07.L3.B1,5,,PW,BKP2605021588,Default Vendor,PRIME260800021399,Sachin,Pragati Books And Stationers,55337,PWH
PWH20380,ERP-B2B-SALE-2026-23644,2026-08-13 16:32:00,2026-08-13 16:44:00,Third Party,BKP2605021587,PW 49 Years JEE Advanced Physics PYQ Book Chapterwise & Topicwise Solved Papers (1978-2026) | PYQ with Detailed Solutions | Previous Year Questions for IIT JEE Advanced Exam,,2026-08-14 02:49:00,Bharat21,MTR.G1.R18.A04.L4.B1,5,,PW,BKP2605021587,Default Vendor,PRIME260800021405,anil05,Pragati Books And Stationers,55337,PWH
PWH20380,ERP-B2B-SALE-2026-23644,2026-08-13 16:32:00,2026-08-13 16:44:00,Third Party,BKP2605021586,PW 49 Years JEE Advanced PYQ Book Maths Chapterwise & Topicwise Solved Papers (1978-2026) | PYQ with Detailed Solutions | Previous Year Questions for IIT JEE Advanced Exam,,2026-08-14 03:19:00,Bharat21,MTR.G0.R29.A05.L2.B2,5,,PW,BKP2605021586,Default Vendor,PRIME260800021395,anil05,Pragati Books And Stationers,55337,PWH
PWH20380,ERP-B2B-SALE-2026-23644,2026-08-13 16:32:00,2026-08-13 16:44:00,Third Party,BKP2605021581,PW Objective NCERT Punch 5.0 Biology For NEET 2027 By Dr. Vipin Kumar Sharma l Updated with Most Probable NEET Potential Questions (NPQ) For End Time Preparation,,2026-08-14 02:37:00,Bharat21,MTR.G2.R02.A04.L1.B1,5,,PW,BKP2605021581,Default Vendor,PRIME260800021403,anil05,Pragati Books And Stationers,55337,PWH
PWH20380,ERP-B2B-SALE-2026-23644,2026-08-13 16:32:00,2026-08-13 16:44:00,Third Party,BKP2605021580,PW Objective NCERT Punch 5.0 Physics For NEET 2027 By Dr. Manish Raj (MR Sir) l Updated with Most Probable NEET Potential Questions (NPQ) For End Time Preparation,,2026-08-14 02:33:00,Bharat21,MTR.G2.R25.A04.L4.B1,5,,PW,BKP2605021580,Default Vendor,PRIME260800021398,Sachin,Pragati Books And Stationers,55337,PWH
PWH20380,ERP-B2B-SALE-2026-23644,2026-08-13 16:32:00,2026-08-13 16:44:00,Third Party,BKP2605021582,PW Objective NCERT Punch 5.0 Chemistry For NEET 2027 By Pankaj Sijairya l Updated with Most Probable NEET Potential Questions (NPQ) For End Time Preparation,,2026-08-14 03:15:00,Bharat21,MTR.G0.R46.A10.L4.B1,4,,PW,BKP2605021582,Default Vendor,PRIME260800021406,Sachin,Pragati Books And Stationers,55337,PWH
PWH20380,ERP-B2B-SALE-2026-23644,2026-08-13 16:32:00,2026-08-13 16:44:00,Third Party,BKP2605761717,"PW Physics Handbook For 2026-27 Exams | Highly Useful For NEET, JEE, CBSE Class 11-12 & Other Competitive Exams | Quick Revision Book | Important NCERT Lines",,2026-08-14 02:45:00,Bharat21,MTR.G1.R36.A12.L3.B1,3,,PW,BKP2605761717,Default Vendor,PRIME260800021399,Sachin,Pragati Books And Stationers,55337,PWH
PWH20380,ERP-B2B-SALE-2026-23644,2026-08-13 16:32:00,2026-08-13 16:44:00,Third Party,BKP2605022298,"PW Chemistry Handbook For 2026-27 Exams | Highly Useful For NEET, JEE, CBSE Class 11-12 & Other Competitive Exams | Quick Revision Book | Important NCERT Lines",,2026-08-14 02:34:00,Bharat21,MTR.G2.R17.A04.L2.B2,3,,PW,BKP2605022298,Default Vendor,PRIME260800021399,Sachin,Pragati Books And Stationers,55337,PWH
PWH20380,ERP-B2B-SALE-2026-23644,2026-08-13 16:32:00,2026-08-13 16:44:00,Third Party,BKP2605022299,"PW Maths Handbook For 2026-27 Exams | Highly Useful For JEE, CBSE Class 11-12 & Other Competitive Exams | Quick Revision Book | Important NCERT Lines",,2026-08-14 02:12:00,Bharat21,MTR.G3.R02.A12.L3.B1,2,,PW,BKP2605022299,Default Vendor,PRIME260800021404,anil05,Pragati Books And Stationers,55337,PWH
PWH20380,ERP-B2B-SALE-2026-23644,2026-08-13 16:32:00,2026-08-13 16:44:00,Third Party,BKP2605022308,"PW Biology Handbook For 2026-27 Exams | Highly Useful For NEET, CBSE Class 11-12 & Other Competitive Exams | Quick Revision Book | Important NCERT Lines",,2026-08-14 02:31:00,Bharat21,MTR.G2.R29.A11.L4.B1,3,,PW,BKP2605022308,Default Vendor,PRIME260800021399,Sachin,Pragati Books And Stationers,55337,PWH
PWH20380,ERP-B2B-SALE-2026-23644,2026-08-13 16:32:00,2026-08-13 16:44:00,Third Party,BKP2606076375,PW JEE Advanced 49 Years (2026-1978) with JEE Main 162 Sets Chemistry PYQs (2026-2019) | Chapterwise and Topicwise Solved Papers For JEE Main & Advanced 2027 Exams,,2026-08-14 02:38:00,Bharat21,MTR.G2.R01.A12.L1.B1,4,,PW,BKP2606076375,Default Vendor,PRIME260800021396,anil05,Pragati Books And Stationers,55337,PWH
PWH20380,ERP-B2B-SALE-2026-23644,2026-08-13 16:32:00,2026-08-13 16:44:00,Third Party,BKP2606022749,JEE Advanced 49 Years (2026-1978) with JEE Main 162 Sets Maths PYQs (2026-2019) | Chapterwise and Topicwise Solved Papers For JEE Main & Advanced 2027 Exams,,2026-08-14 02:36:00,Bharat21,MTR.G2.R07.A05.L4.B2,3,,PW,BKP2606022749,Default Vendor,PRIME260800021397,anil05,Pragati Books And Stationers,55337,PWH
PWH20380,ERP-B2B-SALE-2026-23644,2026-08-13 16:32:00,2026-08-13 16:44:00,Third Party,BKP2606022750,PW JEE Advanced 49 Years (2026-1978) with JEE Main 162 Sets Physics PYQs (2026-2019) | Chapterwise and Topicwise Solved Papers For JEE Main & Advanced 2027 Exams,,2026-08-14 03:25:00,Bharat21,MTR.G0.R04.A08.L1.B2,4,,PW,BKP2606022750,Default Vendor,PRIME260800021398,Sachin,Pragati Books And Stationers,55337,PWH
PWH20380,ERP-B2B-SALE-2026-23644,2026-08-13 16:32:00,2026-08-13 16:44:00,Third Party,BKP2512379553,SKC Physics Crush Class 11 (English Edition) Handwritten Format Notes By Saleem Sir For JEE and NEET Exams | From Basic to JEE Advanced via JEE/ NEET,,2026-08-14 03:32:00,Bharat21,SPR.R29.A5.L1.B3,1,,PW,BKP2512379553,Default Vendor,PRIME260800021397,anil05,Pragati Books And Stationers,55337,PWH
PWH20380,ERP-B2B-SALE-2026-23644,2026-08-13 16:32:00,2026-08-13 16:44:00,Third Party,BKP2503007173,PW EaJEE Handwritten Notes For Physical Chemistry By Faisal Razaq | Chapterwise and Topicwise 1200+ Questions | Complete JEE Main & Advanced Syllabus | Handpicked PYQs,,2026-08-14 02:47:00,Bharat21,MTR.G1.R24.A10.L2.B1,2,,PW,BKP2503007173,Default Vendor,PRIME260800021395,anil05,Pragati Books And Stationers,55337,PWH
PWH20380,ERP-B2B-SALE-2026-23644,2026-08-13 16:32:00,2026-08-13 16:44:00,Third Party,BKP2606022749,JEE Advanced 49 Years (2026-1978) with JEE Main 162 Sets Maths PYQs (2026-2019) | Chapterwise and Topicwise Solved Papers For JEE Main & Advanced 2027 Exams,,2026-08-14 02:36:00,Bharat21,MTR.G2.R07.A05.L4.B2,1,,PW,BKP2606022749,Default Vendor,PRIME260800021396,anil05,Pragati Books And Stationers,55337,PWH
PWH20380,ERP-B2B-SALE-2026-23644,2026-08-13 16:32:00,2026-08-13 16:44:00,Third Party,BKP2604020695,SKC Physics Crush Class 11 Handwritten Format Notes By Saleem Sir For JEE and NEET Exams (Hinglish Edition) | Most Important PYQs | From Basic to JEE Advanced via JEE/ NEET,,2026-08-14 02:42:00,Bharat21,MTR.G1.R42.A03.L2.B1,1,,PW,BKP2604020695,Default Vendor,PRIME260800021399,Sachin,Pragati Books And Stationers,55337,PWH
PWH20380,ERP-B2B-SALE-2026-23644,2026-08-13 16:32:00,2026-08-13 16:44:00,Third Party,BKP2604191936,PW NEET PYQ 39 Years Biology For 2027 Exam | PYQ Deja Vu | Additional PYQs from Re-NEET and Other States | Chapterwise and Topicwise Solutions (2026-1988) with Highlighted Must Revise Questions,,2026-08-14 02:52:00,Bharat21,MTR.G1.R03.A03.L2.B2,1,,PW,BKP2604191936,Default Vendor,PRIME260800021403,anil05,Pragati Books And Stationers,55337,PWH
PWH20380,ERP-B2B-SALE-2026-23644,2026-08-13 16:32:00,2026-08-13 16:44:00,Third Party,BKP2605021582,PW Objective NCERT Punch 5.0 Chemistry For NEET 2027 By Pankaj Sijairya l Updated with Most Probable NEET Potential Questions (NPQ) For End Time Preparation,,2026-08-14 03:15:00,Bharat21,MTR.G0.R46.A10.L4.B1,1,,PW,BKP2605021582,Default Vendor,PRIME260800021405,anil05,Pragati Books And Stationers,55337,PWH
PWH20381,ERP-B2B-SALE-2026-23645,2026-08-13 16:32:00,2026-08-13 16:45:00,Third Party,BKP2601198115,"PW UPSC Prelims & Mains – GS Paper 1 Ancient & Medieval Indian History Handwritten Notes By Abhishek Srivastava Sir For UPSC | Timelines Series | History through Timelines, Maps & Mind Maps",,2026-08-13 17:42:00,Tushant,MTR.G1.R47.A12.L3.B1,2,,PW,BKP2601198115,Default Vendor,PRIME260800027574,Sumit01,Lov Dev & Sons,55321,PWH
PWH20381,ERP-B2B-SALE-2026-23645,2026-08-13 16:32:00,2026-08-13 16:45:00,Third Party,BKP2606076375,PW JEE Advanced 49 Years (2026-1978) with JEE Main 162 Sets Chemistry PYQs (2026-2019) | Chapterwise and Topicwise Solved Papers For JEE Main & Advanced 2027 Exams,,2026-08-13 17:36:00,Tushant,MTR.G2.R01.A12.L1.B1,5,,PW,BKP2606076375,Default Vendor,PRIME260800027575,Sumit01,Lov Dev & Sons,55321,PWH
PWH20381,ERP-B2B-SALE-2026-23645,2026-08-13 16:32:00,2026-08-13 16:45:00,Third Party,BKP2606022749,JEE Advanced 49 Years (2026-1978) with JEE Main 162 Sets Maths PYQs (2026-2019) | Chapterwise and Topicwise Solved Papers For JEE Main & Advanced 2027 Exams,,2026-08-13 17:38:00,Tushant,MTR.G2.R07.A05.L4.B2,5,,PW,BKP2606022749,Default Vendor,PRIME260800027574,Sumit01,Lov Dev & Sons,55321,PWH
PWH20381,ERP-B2B-SALE-2026-23645,2026-08-13 16:32:00,2026-08-13 16:45:00,Third Party,BKP2606022750,PW JEE Advanced 49 Years (2026-1978) with JEE Main 162 Sets Physics PYQs (2026-2019) | Chapterwise and Topicwise Solved Papers For JEE Main & Advanced 2027 Exams,,2026-08-13 17:47:00,Tushant,MTR.G0.R04.A08.L1.B2,5,,PW,BKP2606022750,Default Vendor,PRIME260800027575,Sumit01,Lov Dev & Sons,55321,PWH
PWH20383,ERP-B2B-SALE-2026-23647,2026-08-13 16:32:00,2026-08-13 16:45:00,Third Party,BKP2503007173,PW EaJEE Handwritten Notes For Physical Chemistry By Faisal Razaq | Chapterwise and Topicwise 1200+ Questions | Complete JEE Main & Advanced Syllabus | Handpicked PYQs,,2026-08-13 17:58:00,Sachin,MTR.G1.R24.A10.L2.B1,3,,PW,BKP2503007173,Default Vendor,PRIME260800027573,Sumit01,Jha Book Centre,55322,PWH
PWH20383,ERP-B2B-SALE-2026-23647,2026-08-13 16:32:00,2026-08-13 16:45:00,Third Party,BKP2503007163,"Chemistry Med Easy | Notes, Formulas, Tips & Tricks for NEET/JEE & Board Exams | Pankaj Sir Chemistry Handwritten Notes",,2026-08-13 17:45:00,Sachin,MTR.G3.R26.A10.L3.B2,3,,PW,BKP2503007163,Default Vendor,PRIME260800027573,Sumit01,Jha Book Centre,55322,PWH
PWH20383,ERP-B2B-SALE-2026-23647,2026-08-13 16:32:00,2026-08-13 16:45:00,Third Party,BKP2506007170,"PW Class 12 Board The Catalyst For Mathematics with Most Relevant Practice Questions Booklet By Ritik Sir & Harish Sir | Handwritten Notes | Detailed Theory, PYQs",,2026-08-13 18:07:00,Sachin,MTR.G0.R36.A03.L3.B2,2,,PW,BKP2506007170,Default Vendor,PRIME260800027571,Sumit01,Jha Book Centre,55322,PWH
PWH20383,ERP-B2B-SALE-2026-23647,2026-08-13 16:32:00,2026-08-13 16:45:00,Third Party,BKP2504007223,"Class 12 Board The Catalyst For Chemistry with Most Relevant Practice Questions Booklet By Om Pandey | Handwritten Notes | Detailed Theory, Competency Based Questions, PYQs for Exam 2025",,2026-08-13 18:06:00,Sachin,MTR.G0.R45.A01.L1.B2,2,,PW,BKP2504007223,Default Vendor,PRIME260800027571,Sumit01,Jha Book Centre,55322,PWH
PWH20383,ERP-B2B-SALE-2026-23647,2026-08-13 16:32:00,2026-08-13 16:45:00,Third Party,BKP2508007218,NEET Easy Handwritten Notes Inorganic Chemistry For NEET & JEE Main By Om Pandey | Chapterwise and Topicwise Questions | Backlog Killer Notes with Handpicked PYQs [paperback] Om Pandey,,2026-08-13 18:11:00,Sachin,MTR.G0.R32.A11.L2.B2,3,,PW,BKP2508007218,Default Vendor,PRIME260800027571,Sumit01,Jha Book Centre,55322,PWH
PWH20383,ERP-B2B-SALE-2026-23647,2026-08-13 16:32:00,2026-08-13 16:45:00,Third Party,BKP2507007026,EaJEE Handwritten Notes For Organic Chemistry By Rohit Sir & SKC Sir For JEE Main & Advanced | Chapterwise and Topicwise Notes | Handpicked Practice Questions & PYQs,,2026-08-13 17:48:00,Sachin,MTR.G2.R26.A02.L4.B1,3,,PW,BKP2507007026,Default Vendor,PRIME260800027573,Sumit01,Jha Book Centre,55322,PWH
PWH20383,ERP-B2B-SALE-2026-23647,2026-08-13 16:32:00,2026-08-13 16:45:00,Third Party,BKP2509007224,EaJEE Handwritten Notes For Mathematics Class 11 JEE Main & Advanced By Tarun Khandelwal (T.K. Sir) | Chapterwise and Topicwise Questions | Handpicked PYQs,,2026-08-13 17:57:00,Sachin,MTR.G1.R34.A11.L1.B1,2,,PW,BKP2509007224,Default Vendor,PRIME260800027572,Sumit01,Jha Book Centre,55322,PWH
PWH20383,ERP-B2B-SALE-2026-23647,2026-08-13 16:32:00,2026-08-13 16:45:00,Third Party,BKP2503009023,"Class 12 Board The Catalyst For Biology with Most Relevant Practice Questions Booklet By Samapti Mam & Yashika Mam For 2026 Exam | Handwritten Notes | Detailed Theory, PYQs",,2026-08-13 18:19:00,Sachin,SPR.R6.A3.L0.B2,2,,PW,BKP2503009023,Default Vendor,PRIME260800027570,Sumit01,Jha Book Centre,55322,PWH
PWH20383,ERP-B2B-SALE-2026-23647,2026-08-13 16:32:00,2026-08-13 16:45:00,Third Party,BKP2604331325,SKC Physics Crush Class 12 Handwritten Format Notes By Saleem Sir For JEE and NEET Exams (Hinglish Edition) | From Basic to JEE Advanced via JEE/ NEET,,2026-08-13 17:46:00,Sachin,MTR.G3.R27.A06.L4.B1,5,,PW,BKP2604331325,Default Vendor,PRIME260800027573,Sumit01,Jha Book Centre,55322,PWH
PWH20383,ERP-B2B-SALE-2026-23647,2026-08-13 16:32:00,2026-08-13 16:45:00,Third Party,BKP2604020695,SKC Physics Crush Class 11 Handwritten Format Notes By Saleem Sir For JEE and NEET Exams (Hinglish Edition) | Most Important PYQs | From Basic to JEE Advanced via JEE/ NEET,,2026-08-13 17:56:00,Sachin,MTR.G1.R42.A03.L4.B1,5,,PW,BKP2604020695,Default Vendor,PRIME260800027572,Sumit01,Jha Book Centre,55322,PWH
PWH20383,ERP-B2B-SALE-2026-23647,2026-08-13 16:32:00,2026-08-13 16:45:00,Third Party,BKP2605021566,"PW NEET PYQ 14 Years (2026-2013) Chapterwise & Topicwise Solved Papers | Additional PYQs of Re-NEET of 2026 & 2024, 2023 Manipur & More | Past Year Questions with Detailed Solutions",,2026-08-13 17:59:00,Sachin,MTR.G1.R20.A09.L4.B2,2,,PW,BKP2605021566,Default Vendor,PRIME260800027573,Sumit01,Jha Book Centre,55322,PWH
PWH20383,ERP-B2B-SALE-2026-23647,2026-08-13 16:32:00,2026-08-13 16:45:00,Third Party,BKP2605021588,PW 49 Years JEE Advanced Chemistry PYQ Book Chapterwise & Topicwise Solved Papers (1978-2026) | PYQ with Detailed Solutions | Previous Year Questions for IIT JEE Advanced Exam,,2026-08-13 17:44:00,Sachin,MTR.G3.R46.A07.L3.B1,2,,PW,BKP2605021588,Default Vendor,PRIME260800027573,Sumit01,Jha Book Centre,55322,PWH
PWH20383,ERP-B2B-SALE-2026-23647,2026-08-13 16:32:00,2026-08-13 16:45:00,Third Party,BKP2605021587,PW 49 Years JEE Advanced Physics PYQ Book Chapterwise & Topicwise Solved Papers (1978-2026) | PYQ with Detailed Solutions | Previous Year Questions for IIT JEE Advanced Exam,,2026-08-13 17:59:00,Sachin,MTR.G1.R18.A04.L4.B1,2,,PW,BKP2605021587,Default Vendor,PRIME260800027573,Sumit01,Jha Book Centre,55322,PWH
PWH20383,ERP-B2B-SALE-2026-23647,2026-08-13 16:32:00,2026-08-13 16:45:00,Third Party,BKP2605021586,PW 49 Years JEE Advanced PYQ Book Maths Chapterwise & Topicwise Solved Papers (1978-2026) | PYQ with Detailed Solutions | Previous Year Questions for IIT JEE Advanced Exam,,2026-08-13 18:11:00,Sachin,MTR.G0.R29.A05.L2.B2,2,,PW,BKP2605021586,Default Vendor,PRIME260800027571,Sumit01,Jha Book Centre,55322,PWH
PWH20383,ERP-B2B-SALE-2026-23647,2026-08-13 16:32:00,2026-08-13 16:45:00,Third Party,BKP2605021581,PW Objective NCERT Punch 5.0 Biology For NEET 2027 By Dr. Vipin Kumar Sharma l Updated with Most Probable NEET Potential Questions (NPQ) For End Time Preparation,,2026-08-13 17:52:00,Sachin,MTR.G2.R02.A04.L1.B1,3,,PW,BKP2605021581,Default Vendor,PRIME260800027571,Sumit01,Jha Book Centre,55322,PWH
PWH20383,ERP-B2B-SALE-2026-23647,2026-08-13 16:32:00,2026-08-13 16:45:00,Third Party,BKP2605021580,PW Objective NCERT Punch 5.0 Physics For NEET 2027 By Dr. Manish Raj (MR Sir) l Updated with Most Probable NEET Potential Questions (NPQ) For End Time Preparation,,2026-08-13 17:49:00,Sachin,MTR.G2.R25.A04.L4.B1,3,,PW,BKP2605021580,Default Vendor,PRIME260800027571,Sumit01,Jha Book Centre,55322,PWH
PWH20383,ERP-B2B-SALE-2026-23647,2026-08-13 16:32:00,2026-08-13 16:45:00,Third Party,BKP2605021582,PW Objective NCERT Punch 5.0 Chemistry For NEET 2027 By Pankaj Sijairya l Updated with Most Probable NEET Potential Questions (NPQ) For End Time Preparation,,2026-08-13 18:05:00,Sachin,MTR.G0.R46.A10.L4.B1,3,,PW,BKP2605021582,Default Vendor,PRIME260800027570,Sumit01,Jha Book Centre,55322,PWH
PWH20383,ERP-B2B-SALE-2026-23647,2026-08-13 16:32:00,2026-08-13 16:45:00,Third Party,BKP2606076375,PW JEE Advanced 49 Years (2026-1978) with JEE Main 162 Sets Chemistry PYQs (2026-2019) | Chapterwise and Topicwise Solved Papers For JEE Main & Advanced 2027 Exams,,2026-08-13 17:50:00,Sachin,MTR.G2.R01.A12.L1.B1,3,,PW,BKP2606076375,Default Vendor,PRIME260800027572,Sumit01,Jha Book Centre,55322,PWH
PWH20383,ERP-B2B-SALE-2026-23647,2026-08-13 16:32:00,2026-08-13 16:45:00,Third Party,BKP2606022749,JEE Advanced 49 Years (2026-1978) with JEE Main 162 Sets Maths PYQs (2026-2019) | Chapterwise and Topicwise Solved Papers For JEE Main & Advanced 2027 Exams,,2026-08-13 17:53:00,Sachin,MTR.G2.R07.A05.L4.B2,3,,PW,BKP2606022749,Default Vendor,PRIME260800027572,Sumit01,Jha Book Centre,55322,PWH
PWH20383,ERP-B2B-SALE-2026-23647,2026-08-13 16:32:00,2026-08-13 16:45:00,Third Party,BKP2606022750,PW JEE Advanced 49 Years (2026-1978) with JEE Main 162 Sets Physics PYQs (2026-2019) | Chapterwise and Topicwise Solved Papers For JEE Main & Advanced 2027 Exams,,2026-08-13 18:13:00,Sachin,MTR.G0.R04.A08.L1.B2,3,,PW,BKP2606022750,Default Vendor,PRIME260800027570,Sumit01,Jha Book Centre,55322,PWH
PWH20383,ERP-B2B-SALE-2026-23647,2026-08-13 16:32:00,2026-08-13 16:45:00,Third Party,BKP2509007224,EaJEE Handwritten Notes For Mathematics Class 11 JEE Main & Advanced By Tarun Khandelwal (T.K. Sir) | Chapterwise and Topicwise Questions | Handpicked PYQs,,2026-08-13 17:57:00,Sachin,MTR.G1.R34.A11.L1.B1,1,,PW,BKP2509007224,Default Vendor,PRIME260800027573,Sumit01,Jha Book Centre,55322,PWH
PWH20384,ERP-B2B-SALE-2026-23648,2026-08-13 16:32:00,2026-08-13 16:45:00,Third Party,BKP2309007187,"Physics Med Easy 2.0 Notes | Notes, Formulas, Mnemonics, Tips & Tricks for NEET/JEE & Board Exams | Dr. Manish Raj (MR Sir) Physics Handwritten Notes",,2026-08-14 03:02:00,mohit5,MTR.G0.R10.A05.L1.B2,7,,PW,BKP2309007187,Default Vendor,PRIME260800028535,anil05,Jains Book Link_TEST PREP,55339,PWH
PWH20384,ERP-B2B-SALE-2026-23648,2026-08-13 16:32:00,2026-08-13 16:45:00,Third Party,BKP2402007120,"Botany Med Easy Dr. Vipin Sharma Handwritten Notes | Flow Charts, Mindmaps, Mnemonics for NEET & Board Exams as per latest NMC NEET Syllabus",,2026-08-14 04:07:00,mohit5,MTR.G1.R05.A11.L1.B1,20,,PW,BKP2402007120,Default Vendor,PRIME260800028587,anil05,Jains Book Link_TEST PREP,55339,PWH
PWH20384,ERP-B2B-SALE-2026-23648,2026-08-13 16:32:00,2026-08-13 16:45:00,Third Party,BKP2503007163,"Chemistry Med Easy | Notes, Formulas, Tips & Tricks for NEET/JEE & Board Exams | Pankaj Sir Chemistry Handwritten Notes",,2026-08-14 03:37:00,mohit5,MTR.G3.R26.A10.L3.B2,20,,PW,BKP2503007163,Default Vendor,PRIME260800028535,anil05,Jains Book Link_TEST PREP,55339,PWH
PWH20384,ERP-B2B-SALE-2026-23648,2026-08-13 16:32:00,2026-08-13 16:45:00,Third Party,BKP2604020480,PW JEE Main 8 Years (2019 - 2026) PYQs Chemistry Chapterwise and Topicwise | All 162 Sets Previous Years Solved Papers For JEE Main 2027 Exams | Concentrate on Relevance,,2026-08-14 04:06:00,mohit5,MTR.G1.R12.A05.L4.B1,4,,PW,BKP2604020480,Default Vendor,PRIME260800028536,anil05,Jains Book Link_TEST PREP,55339,PWH
PWH20384,ERP-B2B-SALE-2026-23648,2026-08-13 16:32:00,2026-08-13 16:45:00,Third Party,BKP2604020481,PW JEE Main 8 Years (2019 - 2026) PYQs Physics Chapterwise and Topicwise | All 162 Sets Previous Years Solved Papers For JEE Main 2027 Exams | Concentrate on Relevance,,2026-08-14 04:02:00,mohit5,MTR.G1.R16.A05.L3.B1,10,,PW,BKP2604020481,Default Vendor,PRIME260800028586,anil05,Jains Book Link_TEST PREP,55339,PWH
PWH20384,ERP-B2B-SALE-2026-23648,2026-08-13 16:32:00,2026-08-13 16:45:00,Third Party,BKP2604020482,PW JEE Main 8 Years (2019 - 2026) PYQs Mathematics Chapterwise and Topicwise | All 162 Sets Previous Years Solved Papers For JEE Main 2027 Exams | Concentrate on Relevance,,2026-08-14 04:03:00,mohit5,MTR.G1.R39.A11.L3.B1,6,,PW,BKP2604020482,Default Vendor,PRIME260800028536,anil05,Jains Book Link_TEST PREP,55339,PWH
PWH20384,ERP-B2B-SALE-2026-23648,2026-08-13 16:32:00,2026-08-13 16:45:00,Third Party,BKP2605021581,PW Objective NCERT Punch 5.0 Biology For NEET 2027 By Dr. Vipin Kumar Sharma l Updated with Most Probable NEET Potential Questions (NPQ) For End Time Preparation,,2026-08-14 02:57:00,mohit5,SPR.R2.A1.L3.B2,8,,PW,BKP2605021581,Default Vendor,PRIME260800028588,anil05,Jains Book Link_TEST PREP,55339,PWH
PWH20384,ERP-B2B-SALE-2026-23648,2026-08-13 16:32:00,2026-08-13 16:45:00,Third Party,BKP2605021580,PW Objective NCERT Punch 5.0 Physics For NEET 2027 By Dr. Manish Raj (MR Sir) l Updated with Most Probable NEET Potential Questions (NPQ) For End Time Preparation,,2026-08-14 03:45:00,mohit5,MTR.G2.R25.A04.L4.B1,5,,PW,BKP2605021580,Default Vendor,PRIME260800028534,anil05,Jains Book Link_TEST PREP,55339,PWH
PWH20384,ERP-B2B-SALE-2026-23648,2026-08-13 16:32:00,2026-08-13 16:45:00,Third Party,BKP2605021582,PW Objective NCERT Punch 5.0 Chemistry For NEET 2027 By Pankaj Sijairya l Updated with Most Probable NEET Potential Questions (NPQ) For End Time Preparation,,2026-08-14 03:04:00,mohit5,MTR.G0.R46.A10.L4.B1,7,,PW,BKP2605021582,Default Vendor,PRIME260800028531,anil05,Jains Book Link_TEST PREP,55339,PWH
PWH20384,ERP-B2B-SALE-2026-23648,2026-08-13 16:32:00,2026-08-13 16:45:00,Third Party,BKP2604020480,PW JEE Main 8 Years (2019 - 2026) PYQs Chemistry Chapterwise and Topicwise | All 162 Sets Previous Years Solved Papers For JEE Main 2027 Exams | Concentrate on Relevance,,2026-08-14 04:06:00,mohit5,MTR.G1.R12.A05.L4.B1,6,,PW,BKP2604020480,Default Vendor,PRIME260800028587,anil05,Jains Book Link_TEST PREP,55339,PWH
PWH20384,ERP-B2B-SALE-2026-23648,2026-08-13 16:32:00,2026-08-13 16:45:00,Third Party,BKP2604020482,PW JEE Main 8 Years (2019 - 2026) PYQs Mathematics Chapterwise and Topicwise | All 162 Sets Previous Years Solved Papers For JEE Main 2027 Exams | Concentrate on Relevance,,2026-08-14 04:03:00,mohit5,MTR.G1.R39.A11.L3.B1,4,,PW,BKP2604020482,Default Vendor,PRIME260800028586,anil05,Jains Book Link_TEST PREP,55339,PWH
PWH20384,ERP-B2B-SALE-2026-23648,2026-08-13 16:32:00,2026-08-13 16:45:00,Third Party,BKP2605021580,PW Objective NCERT Punch 5.0 Physics For NEET 2027 By Dr. Manish Raj (MR Sir) l Updated with Most Probable NEET Potential Questions (NPQ) For End Time Preparation,,2026-08-14 03:45:00,mohit5,MTR.G2.R25.A04.L4.B1,3,,PW,BKP2605021580,Default Vendor,PRIME260800028536,anil05,Jains Book Link_TEST PREP,55339,PWH
PWH20384,ERP-B2B-SALE-2026-23648,2026-08-13 16:32:00,2026-08-13 16:45:00,Third Party,BKP2309007187,"Physics Med Easy 2.0 Notes | Notes, Formulas, Mnemonics, Tips & Tricks for NEET/JEE & Board Exams | Dr. Manish Raj (MR Sir) Physics Handwritten Notes",,2026-08-14 03:02:00,mohit5,MTR.G0.R10.A05.L1.B2,13,,PW,BKP2309007187,Default Vendor,PRIME260800028534,anil05,Jains Book Link_TEST PREP,55339,PWH
PWH20384,ERP-B2B-SALE-2026-23648,2026-08-13 16:32:00,2026-08-13 16:45:00,Third Party,BKP2605021582,PW Objective NCERT Punch 5.0 Chemistry For NEET 2027 By Pankaj Sijairya l Updated with Most Probable NEET Potential Questions (NPQ) For End Time Preparation,,2026-08-14 03:04:00,mohit5,MTR.G0.R46.A10.L4.B1,1,,PW,BKP2605021582,Default Vendor,PRIME260800028535,anil05,Jains Book Link_TEST PREP,55339,PWH
PWH20385,ERP-B2B-SALE-2026-23649,2026-08-13 16:32:00,2026-08-13 16:45:00,Third Party,BKP2504006875,"PW 20 Years Karnataka CET Chapterwise Solved Papers (2006 - 2025) | Physics, Chemistry, Mathematics and Biology | KCET PYQ Book For Engineering Exam 2026",,2026-08-14 01:26:00,mohit5,MTR.G2.R22.A09.L1.B2,6,,PW,BKP2504006875,Default Vendor,PRIME260800027442,anil05,Sree Sairam Book Traders,55341,PWH
PWH20385,ERP-B2B-SALE-2026-23649,2026-08-13 16:32:00,2026-08-13 16:45:00,Third Party,BKP2504006875,"PW 20 Years Karnataka CET Chapterwise Solved Papers (2006 - 2025) | Physics, Chemistry, Mathematics and Biology | KCET PYQ Book For Engineering Exam 2026",,2026-08-14 01:23:00,mohit5,MTR.G3.R43.A08.L3.B2,1,,PW,BKP2504006875,Default Vendor,PRIME260800027441,anil05,Sree Sairam Book Traders,55341,PWH
PWH20385,ERP-B2B-SALE-2026-23649,2026-08-13 16:32:00,2026-08-13 16:45:00,Third Party,BKP2512581710,"PW All in One KCET Prepguide For Engineering Exam 2026 | Physics, Chemistry, Biology | Chapterwise Concept Maps, Most Probable Questions, Past 10 Year PYQs, Mock Tests",,2026-08-14 01:00:00,mohit5,SPR.R18.A13.L1.B4,9,,PW,BKP2512581710,Default Vendor,PRIME260800027441,anil05,Sree Sairam Book Traders,55341,PWH
PWH20385,ERP-B2B-SALE-2026-23649,2026-08-13 16:32:00,2026-08-13 16:45:00,Third Party,BKP2512581710,"PW All in One KCET Prepguide For Engineering Exam 2026 | Physics, Chemistry, Biology | Chapterwise Concept Maps, Most Probable Questions, Past 10 Year PYQs, Mock Tests",,2026-08-14 01:29:00,mohit5,MTR.G0.R34.A04.L1.B2,1,,PW,BKP2512581710,Default Vendor,PRIME260800027441,anil05,Sree Sairam Book Traders,55341,PWH
PWH20385,ERP-B2B-SALE-2026-23649,2026-08-13 16:32:00,2026-08-13 16:45:00,Third Party,BKP2512961979,"PW All in One KCET Book - Prepguide For Engineering Exam 2026 | Physics, Chemistry, Mathematics | Chapterwise Concept Maps, Most Probable Questions, Past 10 Year PYQs, Mock Tests",,2026-08-14 01:14:00,mohit5,SPR.R8.A4.L1.B4,6,,PW,BKP2512961979,Default Vendor,PRIME260800027439,anil05,Sree Sairam Book Traders,55341,PWH
PWH20385,ERP-B2B-SALE-2026-23649,2026-08-13 16:32:00,2026-08-13 16:45:00,Third Party,BKP2512961979,"PW All in One KCET Book - Prepguide For Engineering Exam 2026 | Physics, Chemistry, Mathematics | Chapterwise Concept Maps, Most Probable Questions, Past 10 Year PYQs, Mock Tests",,2026-08-14 01:18:00,mohit5,SPR.R8.A4.L1.B4,14,,PW,BKP2512961979,Default Vendor,PRIME260800027440,anil05,Sree Sairam Book Traders,55341,PWH
PWH20385,ERP-B2B-SALE-2026-23649,2026-08-13 16:32:00,2026-08-13 16:45:00,Third Party,BKP2512961979,"PW All in One KCET Book - Prepguide For Engineering Exam 2026 | Physics, Chemistry, Mathematics | Chapterwise Concept Maps, Most Probable Questions, Past 10 Year PYQs, Mock Tests",,2026-08-14 01:11:00,mohit5,SPR.R8.A4.L1.B4,7,,PW,BKP2512961979,Default Vendor,PRIME260800027442,anil05,Sree Sairam Book Traders,55341,PWH
PWH20385,ERP-B2B-SALE-2026-23649,2026-08-13 16:32:00,2026-08-13 16:45:00,Third Party,BKP2504006875,"PW 20 Years Karnataka CET Chapterwise Solved Papers (2006 - 2025) | Physics, Chemistry, Mathematics and Biology | KCET PYQ Book For Engineering Exam 2026",,2026-08-14 01:23:00,mohit5,MTR.G3.R43.A08.L3.B2,3,,PW,BKP2504006875,Default Vendor,PRIME260800027442,anil05,Sree Sairam Book Traders,55341,PWH
PWH20385,ERP-B2B-SALE-2026-23649,2026-08-13 16:32:00,2026-08-13 16:45:00,Third Party,BKP2512961979,"PW All in One KCET Book - Prepguide For Engineering Exam 2026 | Physics, Chemistry, Mathematics | Chapterwise Concept Maps, Most Probable Questions, Past 10 Year PYQs, Mock Tests",,2026-08-14 01:14:00,mohit5,SPR.R8.A4.L1.B4,3,,PW,BKP2512961979,Default Vendor,PRIME260800027441,anil05,Sree Sairam Book Traders,55341,PWH
PWH20386,ERP-B2B-SALE-2026-23650,2026-08-13 16:32:00,2026-08-13 16:45:00,Third Party,BKP2602263203,"Med Easy Physics Class 11 Handwritten Notes By MR Sir | Helpful For NEET, JEE and Board Exams | Detailed Notes For Basic to Advanced Preparations",,2026-08-13 22:05:00,mohit5,MTR.G0.R19.A04.L1.B1,7,,PW,BKP2602263203,Default Vendor,PRIME260800027471,Tushant,Sakshi Books,55327,PWH
PWH20386,ERP-B2B-SALE-2026-23650,2026-08-13 16:32:00,2026-08-13 16:45:00,Third Party,BKP2602263203,"Med Easy Physics Class 11 Handwritten Notes By MR Sir | Helpful For NEET, JEE and Board Exams | Detailed Notes For Basic to Advanced Preparations",,2026-08-13 22:03:00,mohit5,MTR.G0.R24.A02.L4.B2,13,,PW,BKP2602263203,Default Vendor,PRIME260800027471,Tushant,Sakshi Books,55327,PWH
PWH20386,ERP-B2B-SALE-2026-23650,2026-08-13 16:32:00,2026-08-13 16:45:00,Third Party,BKP2605021581,PW Objective NCERT Punch 5.0 Biology For NEET 2027 By Dr. Vipin Kumar Sharma l Updated with Most Probable NEET Potential Questions (NPQ) For End Time Preparation,,2026-08-13 21:55:00,mohit5,SPR.R2.A1.L3.B2,8,,PW,BKP2605021581,Default Vendor,PRIME260800027468,Tushant,Sakshi Books,55327,PWH
PWH20386,ERP-B2B-SALE-2026-23650,2026-08-13 16:32:00,2026-08-13 16:45:00,Third Party,BKP2605021581,PW Objective NCERT Punch 5.0 Biology For NEET 2027 By Dr. Vipin Kumar Sharma l Updated with Most Probable NEET Potential Questions (NPQ) For End Time Preparation,,2026-08-13 21:57:00,mohit5,SPR.R2.A1.L3.B2,8,,PW,BKP2605021581,Default Vendor,PRIME260800027467,Tushant,Sakshi Books,55327,PWH
PWH20386,ERP-B2B-SALE-2026-23650,2026-08-13 16:32:00,2026-08-13 16:45:00,Third Party,BKP2605021581,PW Objective NCERT Punch 5.0 Biology For NEET 2027 By Dr. Vipin Kumar Sharma l Updated with Most Probable NEET Potential Questions (NPQ) For End Time Preparation,,2026-08-13 21:57:00,mohit5,SPR.R2.A1.L3.B2,8,,PW,BKP2605021581,Default Vendor,PRIME260800027466,Tushant,Sakshi Books,55327,PWH
PWH20386,ERP-B2B-SALE-2026-23650,2026-08-13 16:32:00,2026-08-13 16:45:00,Third Party,BKP2605021581,PW Objective NCERT Punch 5.0 Biology For NEET 2027 By Dr. Vipin Kumar Sharma l Updated with Most Probable NEET Potential Questions (NPQ) For End Time Preparation,,2026-08-13 21:56:00,mohit5,SPR.R2.A1.L3.B2,8,,PW,BKP2605021581,Default Vendor,PRIME260800027469,Tushant,Sakshi Books,55327,PWH
PWH20386,ERP-B2B-SALE-2026-23650,2026-08-13 16:32:00,2026-08-13 16:45:00,Third Party,BKP2605021581,PW Objective NCERT Punch 5.0 Biology For NEET 2027 By Dr. Vipin Kumar Sharma l Updated with Most Probable NEET Potential Questions (NPQ) For End Time Preparation,,2026-08-13 22:14:00,mohit5,MTR.G2.R02.A04.L1.B1,3,,PW,BKP2605021581,Default Vendor,PRIME260800027470,Tushant,Sakshi Books,55327,PWH
PWH20387,ERP-B2B-SALE-2026-23651,2026-08-13 16:32:00,2026-08-13 16:45:00,Third Party,BKP2606362495,33 SSC MTS Multi Tasking (Non-Technical) Staff and Havaldar Previous Solved Papers (2026 -2017) English Edition Refurbish,,2026-08-13 21:16:00,vikasob,SPR.R4.A7.L1.B3,12,,PW,BKP2606362495,Default Vendor,PRIME260800027501,Tushant,Bijay Pustak Bhandar Private Limited,55345,PWH
PWH20387,ERP-B2B-SALE-2026-23651,2026-08-13 16:32:00,2026-08-13 16:45:00,Third Party,BKP2606362495,33 SSC MTS Multi Tasking (Non-Technical) Staff and Havaldar Previous Solved Papers (2026 -2017) English Edition Refurbish,,2026-08-13 21:15:00,vikasob,SPR.R4.A7.L1.B3,8,,PW,BKP2606362495,Default Vendor,PRIME260800027501,Tushant,Bijay Pustak Bhandar Private Limited,55345,PWH
PWH20388,ERP-B2B-SALE-2026-23652,2026-08-13 16:32:00,2026-08-13 16:45:00,Third Party,BKP2509006814,"All in One IBPS RRB PO Prelims & Mains (Officers Scale-l) Exams 2025-26 By Mayank Sir & Vidhu Sir | Chapterwise Theory, Practice Questions | 10 Past Year Papers (PYQ)",,2026-08-13 22:42:00,mohit5,MTR.G3.R42.A02.L3.B2,7,,PW,BKP2509006814,Default Vendor,PRIME260800027472,Tushant,Nav Durga Pustak Mandir,55328,PWH
PWH20388,ERP-B2B-SALE-2026-23652,2026-08-13 16:32:00,2026-08-13 16:45:00,Third Party,BKP2602019208,PW IBPS Clerk PYQ - 27 Year-wise Prelims & Mains Previous Year Solved Papers Till Nov 2025 with 15 Online CBT Tests For Exam 2026-27 | 3750 PYQs | English Edition,,2026-08-13 22:45:00,mohit5,MTR.G2.R08.A11.L2.B1,5,,PW,BKP2602019208,Default Vendor,PRIME260800027472,Tushant,Nav Durga Pustak Mandir,55328,PWH
PWH20389,ERP-B2B-SALE-2026-23653,2026-08-13 16:32:00,2026-08-13 16:45:00,Third Party,BKP2509008834,PW NDA/NA National Defence Academy & Naval Academy 23 Previous Years Solved Papers (2014 - Sept 2025) Chapterwise & Topicwise 7500+ PYQs l Maths & General Ability For Exam 2026,,2026-08-13 21:37:00,mohit5,MTR.G0.R28.A05.L3.B2,5,,PW,BKP2509008834,Default Vendor,PRIME260800027500,Tushant,Dwivedi Brothers,55330,PWH
PWH20389,ERP-B2B-SALE-2026-23653,2026-08-13 16:32:00,2026-08-13 16:45:00,Third Party,BKP2603019935,PW IIT JAM Recap 22 Years Mathematics PYQ Chapterwise & Yearwise Previous Year Solved Papers (2026-2005) with 5 Mock Tests l Latest Exam Questions Covered,,2026-08-13 21:39:00,mohit5,MTR.G3.R33.A04.L4.B1,3,,PW,BKP2603019935,Default Vendor,PRIME260800027500,Tushant,Dwivedi Brothers,55330,PWH
PWH20389,ERP-B2B-SALE-2026-23653,2026-08-13 16:32:00,2026-08-13 16:45:00,Third Party,BKP2605022122,"PW Informative Atlas Book - India & World | Physical, Political, Regional, Thematic Maps For School, UPSC, State PSC & Other Competitive Exams English Edition",,2026-08-13 21:33:00,mohit5,MTR.G0.R03.A06.L3.B1,3,,PW,BKP2605022122,Default Vendor,PRIME260800027500,Tushant,Dwivedi Brothers,55330,PWH
PWH20390,ERP-B2B-SALE-2026-23654,2026-08-13 16:33:00,2026-08-13 16:46:00,Third Party,BKP2309007187,"Physics Med Easy 2.0 Notes | Notes, Formulas, Mnemonics, Tips & Tricks for NEET/JEE & Board Exams | Dr. Manish Raj (MR Sir) Physics Handwritten Notes",,2026-08-14 03:09:00,mohit5,MTR.G0.R10.A05.L1.B2,10,,PW,BKP2309007187,Default Vendor,PRIME260800028584,Sachin,Manav Book World,55333,PWH
PWH20390,ERP-B2B-SALE-2026-23654,2026-08-13 16:33:00,2026-08-13 16:46:00,Third Party,BKP2402007120,"Botany Med Easy Dr. Vipin Sharma Handwritten Notes | Flow Charts, Mindmaps, Mnemonics for NEET & Board Exams as per latest NMC NEET Syllabus",,2026-08-14 04:19:00,mohit5,MTR.G1.R05.A11.L1.B1,10,,PW,BKP2402007120,Default Vendor,PRIME260800028583,Sachin,Manav Book World,55333,PWH
PWH20390,ERP-B2B-SALE-2026-23654,2026-08-13 16:33:00,2026-08-13 16:46:00,Third Party,BKP2505007200,MR Physics Questions Solving Med Easy | Chapterwise and Topicwise 6000+ Practice Questions with Answer Keys | Complete Class 11 & 12 Syllabus For NEET and JEE,,2026-08-14 02:52:00,mohit5,SPR.R13.A11.L6.B2,6,,PW,BKP2505007200,Default Vendor,PRIME260800028585,Sachin,Manav Book World,55333,PWH
PWH20390,ERP-B2B-SALE-2026-23654,2026-08-13 16:33:00,2026-08-13 16:46:00,Third Party,BKP2505007200,MR Physics Questions Solving Med Easy | Chapterwise and Topicwise 6000+ Practice Questions with Answer Keys | Complete Class 11 & 12 Syllabus For NEET and JEE,,2026-08-14 03:33:00,mohit5,MTR.G3.R24.A12.L4.B1,4,,PW,BKP2505007200,Default Vendor,PRIME260800028584,Sachin,Manav Book World,55333,PWH
PWH20390,ERP-B2B-SALE-2026-23654,2026-08-13 16:33:00,2026-08-13 16:46:00,Third Party,BKP2512379553,SKC Physics Crush Class 11 (English Edition) Handwritten Format Notes By Saleem Sir For JEE and NEET Exams | From Basic to JEE Advanced via JEE/ NEET,,2026-08-14 04:22:00,mohit5,MTR.G1.R42.A02.L4.B1,2,,PW,BKP2512379553,Default Vendor,PRIME260800028584,Sachin,Manav Book World,55333,PWH
PWH20390,ERP-B2B-SALE-2026-23654,2026-08-13 16:33:00,2026-08-13 16:46:00,Third Party,BKP2604020480,PW JEE Main 8 Years (2019 - 2026) PYQs Chemistry Chapterwise and Topicwise | All 162 Sets Previous Years Solved Papers For JEE Main 2027 Exams | Concentrate on Relevance,,2026-08-14 04:17:00,mohit5,MTR.G1.R12.A05.L4.B1,5,,PW,BKP2604020480,Default Vendor,PRIME260800028589,Sachin,Manav Book World,55333,PWH
PWH20390,ERP-B2B-SALE-2026-23654,2026-08-13 16:33:00,2026-08-13 16:46:00,Third Party,BKP2604020481,PW JEE Main 8 Years (2019 - 2026) PYQs Physics Chapterwise and Topicwise | All 162 Sets Previous Years Solved Papers For JEE Main 2027 Exams | Concentrate on Relevance,,2026-08-14 04:17:00,mohit5,MTR.G1.R16.A05.L3.B1,5,,PW,BKP2604020481,Default Vendor,PRIME260800028589,Sachin,Manav Book World,55333,PWH
PWH20390,ERP-B2B-SALE-2026-23654,2026-08-13 16:33:00,2026-08-13 16:46:00,Third Party,BKP2604020482,PW JEE Main 8 Years (2019 - 2026) PYQs Mathematics Chapterwise and Topicwise | All 162 Sets Previous Years Solved Papers For JEE Main 2027 Exams | Concentrate on Relevance,,2026-08-14 04:15:00,mohit5,MTR.G1.R39.A11.L3.B1,5,,PW,BKP2604020482,Default Vendor,PRIME260800028583,Sachin,Manav Book World,55333,PWH
PWH20390,ERP-B2B-SALE-2026-23654,2026-08-13 16:33:00,2026-08-13 16:46:00,Third Party,BKP2604331325,SKC Physics Crush Class 12 Handwritten Format Notes By Saleem Sir For JEE and NEET Exams (Hinglish Edition) | From Basic to JEE Advanced via JEE/ NEET,,2026-08-14 03:31:00,mohit5,MTR.G3.R27.A06.L4.B1,5,,PW,BKP2604331325,Default Vendor,PRIME260800028584,Sachin,Manav Book World,55333,PWH
PWH20390,ERP-B2B-SALE-2026-23654,2026-08-13 16:33:00,2026-08-13 16:46:00,Third Party,BKP2604020695,SKC Physics Crush Class 11 Handwritten Format Notes By Saleem Sir For JEE and NEET Exams (Hinglish Edition) | Most Important PYQs | From Basic to JEE Advanced via JEE/ NEET,,2026-08-14 04:23:00,mohit5,MTR.G1.R42.A03.L4.B1,5,,PW,BKP2604020695,Default Vendor,PRIME260800028589,Sachin,Manav Book World,55333,PWH
PWH20390,ERP-B2B-SALE-2026-23654,2026-08-13 16:33:00,2026-08-13 16:46:00,Third Party,BKP2512379553,SKC Physics Crush Class 11 (English Edition) Handwritten Format Notes By Saleem Sir For JEE and NEET Exams | From Basic to JEE Advanced via JEE/ NEET,,2026-08-14 04:22:00,mohit5,MTR.G1.R42.A02.L4.B1,8,,PW,BKP2512379553,Default Vendor,PRIME260800028583,Sachin,Manav Book World,55333,PWH
PWH20391,ERP-B2B-SALE-2026-23655,2026-08-13 16:33:00,2026-08-13 16:46:00,Third Party,BKP2601333876,"PW Arjuna For JEE Main & Advanced Class 11 Physics, Chemistry, Mathematics Modules and Question Booklet with Solutions Combo Set of 16 Books (2026 Edition).",Size,2026-08-13 23:25:00,mohit5,GP_B2B,8,,PW,BKP2601333876,Default Vendor,PRIME260800027450,Tushant,Raj Book Distributor,55357,PWH
PWH20391,ERP-B2B-SALE-2026-23655,2026-08-13 16:33:00,2026-08-13 16:46:00,Third Party,BKP2601648604,"PW Lakshya For JEE Main & Advanced Class 12 Physics, Chemistry, Mathematics Modules and Questions Booklet with Solutions Combo Set of 16 Books (2026 Edition) .",,2026-08-13 23:27:00,mohit5,GP_B2B,2,,PW,BKP2601648604,Default Vendor,PRIME260800027453,Tushant,Raj Book Distributor,55357,PWH
PWH20391,ERP-B2B-SALE-2026-23655,2026-08-13 16:33:00,2026-08-13 16:46:00,Third Party,BKP2601379004,"PW Lakshya For NEET Class 12 Physics, Chemistry, Botany & Zoology Modules and Questions Booklet with Solutions Combo Set of 15 Books (2026 Edition) .",Size,2026-08-13 23:28:00,mohit5,GP_B2B,5,,PW,BKP2601379004,Default Vendor,PRIME260800027452,Tushant,Raj Book Distributor,55357,PWH
PWH20391,ERP-B2B-SALE-2026-23655,2026-08-13 16:33:00,2026-08-13 16:46:00,Third Party,BKP2605022122,"PW Informative Atlas Book - India & World | Physical, Political, Regional, Thematic Maps For School, UPSC, State PSC & Other Competitive Exams English Edition",,2026-08-13 23:31:00,mohit5,MTR.G0.R03.A06.L3.B1,4,,PW,BKP2605022122,Default Vendor,PRIME260800027456,Tushant,Raj Book Distributor,55357,PWH
PWH20391,ERP-B2B-SALE-2026-23655,2026-08-13 16:33:00,2026-08-13 16:46:00,Third Party,BKP2601185378,"PW Arjuna For NEET Class 11 Physics, Chemistry, Botany & Zoology Modules and Questions Booklet with Solutions Combo Set of 16 Books (2026 Edition).",Size,2026-08-13 23:23:00,mohit5,MTR.G0.R04.A09.L1.B2,2,,PW,BKP2601185378,Default Vendor,PRIME260800027449,Tushant,Raj Book Distributor,55357,PWH
PWH20391,ERP-B2B-SALE-2026-23655,2026-08-13 16:33:00,2026-08-13 16:46:00,Third Party,BKP2601185378,"PW Arjuna For NEET Class 11 Physics, Chemistry, Botany & Zoology Modules and Questions Booklet with Solutions Combo Set of 16 Books (2026 Edition).",Size,2026-08-13 23:22:00,mohit5,GP_B2B,2,,PW,BKP2601185378,Default Vendor,PRIME260800027447,Tushant,Raj Book Distributor,55357,PWH
PWH20391,ERP-B2B-SALE-2026-23655,2026-08-13 16:33:00,2026-08-13 16:46:00,Third Party,BKP2601648604,"PW Lakshya For JEE Main & Advanced Class 12 Physics, Chemistry, Mathematics Modules and Questions Booklet with Solutions Combo Set of 16 Books (2026 Edition) .",,2026-08-13 23:27:00,mohit5,GP_B2B,2,,PW,BKP2601648604,Default Vendor,PRIME260800027457,Tushant,Raj Book Distributor,55357,PWH
PWH20391,ERP-B2B-SALE-2026-23655,2026-08-13 16:33:00,2026-08-13 16:46:00,Third Party,BKP2605022122,"PW Informative Atlas Book - India & World | Physical, Political, Regional, Thematic Maps For School, UPSC, State PSC & Other Competitive Exams English Edition",,2026-08-13 23:31:00,mohit5,MTR.G0.R03.A06.L3.B1,6,,PW,BKP2605022122,Default Vendor,PRIME260800027457,Tushant,Raj Book Distributor,55357,PWH
PWH20391,ERP-B2B-SALE-2026-23655,2026-08-13 16:33:00,2026-08-13 16:46:00,Third Party,BKP2601648604,"PW Lakshya For JEE Main & Advanced Class 12 Physics, Chemistry, Mathematics Modules and Questions Booklet with Solutions Combo Set of 16 Books (2026 Edition) .",,2026-08-13 23:27:00,mohit5,GP_B2B,2,,PW,BKP2601648604,Default Vendor,PRIME260800027456,Tushant,Raj Book Distributor,55357,PWH
PWH20391,ERP-B2B-SALE-2026-23655,2026-08-13 16:33:00,2026-08-13 16:46:00,Third Party,BKP2601648604,"PW Lakshya For JEE Main & Advanced Class 12 Physics, Chemistry, Mathematics Modules and Questions Booklet with Solutions Combo Set of 16 Books (2026 Edition) .",,2026-08-13 23:27:00,mohit5,GP_B2B,2,,PW,BKP2601648604,Default Vendor,PRIME260800027455,Tushant,Raj Book Distributor,55357,PWH
PWH20391,ERP-B2B-SALE-2026-23655,2026-08-13 16:33:00,2026-08-13 16:46:00,Third Party,BKP2601648604,"PW Lakshya For JEE Main & Advanced Class 12 Physics, Chemistry, Mathematics Modules and Questions Booklet with Solutions Combo Set of 16 Books (2026 Edition) .",,2026-08-13 23:27:00,mohit5,GP_B2B,2,,PW,BKP2601648604,Default Vendor,PRIME260800027454,Tushant,Raj Book Distributor,55357,PWH
PWH20391,ERP-B2B-SALE-2026-23655,2026-08-13 16:33:00,2026-08-13 16:46:00,Third Party,BKP2601333876,"PW Arjuna For JEE Main & Advanced Class 11 Physics, Chemistry, Mathematics Modules and Question Booklet with Solutions Combo Set of 16 Books (2026 Edition).",Size,2026-08-13 23:25:00,mohit5,GP_B2B,2,,PW,BKP2601333876,Default Vendor,PRIME260800027451,Tushant,Raj Book Distributor,55357,PWH
PWH20391,ERP-B2B-SALE-2026-23655,2026-08-13 16:33:00,2026-08-13 16:46:00,Third Party,BKP2601185378,"PW Arjuna For NEET Class 11 Physics, Chemistry, Botany & Zoology Modules and Questions Booklet with Solutions Combo Set of 16 Books (2026 Edition).",Size,2026-08-13 23:22:00,mohit5,GP_B2B,1,,PW,BKP2601185378,Default Vendor,PRIME260800027449,Tushant,Raj Book Distributor,55357,PWH
PWH20391,ERP-B2B-SALE-2026-23655,2026-08-13 16:33:00,2026-08-13 16:46:00,Third Party,BKP2601185378,"PW Arjuna For NEET Class 11 Physics, Chemistry, Botany & Zoology Modules and Questions Booklet with Solutions Combo Set of 16 Books (2026 Edition).",Size,2026-08-13 23:22:00,mohit5,GP_B2B,3,,PW,BKP2601185378,Default Vendor,PRIME260800027448,Tushant,Raj Book Distributor,55357,PWH
PWH20392,ERP-B2B-SALE-2026-23656,2026-08-13 16:33:00,2026-08-13 16:46:00,Third Party,BKP2602019096,PW CBSE Question & Concept Bank (QCB) Class 12 Physics Chapter-wise and Topic-wise Solved Questions By Rakshak Sir For 2027 Board Exams with 50% Competency Based Question,,2026-08-13 22:28:00,mohit5,MTR.G1.R21.A07.L1.B1,3,,PW,BKP2602019096,Default Vendor,PRIME260800027499,Sumit01,Oudh Stationery Mart,55329,PWH
PWH20392,ERP-B2B-SALE-2026-23656,2026-08-13 16:33:00,2026-08-13 16:46:00,Third Party,BKP2602019196,PW CBSE Class 9 English Kaveri New NCERT 2026-27 Question and Concept Bank with NCERT Textbook Solutions and Competency Based Questions,,2026-08-13 22:25:00,mohit5,MTR.G2.R01.A09.L3.B1,3,,PW,BKP2602019196,Default Vendor,PRIME260800027499,Sumit01,Oudh Stationery Mart,55329,PWH
PWH20392,ERP-B2B-SALE-2026-23656,2026-08-13 16:33:00,2026-08-13 16:46:00,Third Party,BKP2602019199,PW CBSE Class 9 Science Exploration New NCERT 2026-27 Question and Concept Bank with NCERT Textbook Solutions and Competency Based Questions By Akshya Tyagi Sir,,2026-08-13 22:21:00,mohit5,MTR.G3.R26.A08.L1.B1,3,,PW,BKP2602019199,Default Vendor,PRIME260800027499,Sumit01,Oudh Stationery Mart,55329,PWH
PWH20392,ERP-B2B-SALE-2026-23656,2026-08-13 16:33:00,2026-08-13 16:46:00,Third Party,BKP2606844887,"PW New NCERT Class 9 Maths Ganita Manjari Part 1 Textbook Solutions with Mind Maps 2026-27 | Revision Book, Solved NCERT Intext Solutions and End Exercises",,2026-08-13 22:34:00,mohit5,SPR.R3.A12.L1.B2,3,,PW,BKP2606844887,Default Vendor,PRIME260800027499,Sumit01,Oudh Stationery Mart,55329,PWH
PWH20393,ERP-B2B-SALE-2026-23657,2026-08-13 16:33:00,2026-08-13 16:46:00,Third Party,BKP2505006708,UPSC NDA/NA National Defence Academy & Naval Academy 10 Previous Year Solved Papers (PYQs) 2019-2025 & 10 Mock Tests with 20 OMR Sheets For NDA Exams 2025-2026,,2026-08-14 04:10:00,Bharat21,MTR.G1.R47.A09.L4.B1,2,,PW,BKP2505006708,Default Vendor,PRIME260800028530,Sumit01,RAJNISH BOOK DEPOT,55338,PWH
PWH20393,ERP-B2B-SALE-2026-23657,2026-08-13 16:33:00,2026-08-13 16:46:00,Third Party,BKP2501006755,PW UPSC Mindmaps Physical Geography For UPSC/PSC Competitive Examinations | Navigating Concepts Through Visual Mindmaps,,2026-08-14 04:21:00,Bharat21,MTR.G0.R40.A12.L2.B2,2,,PW,BKP2501006755,Default Vendor,PRIME260800028539,Sumit01,RAJNISH BOOK DEPOT,55338,PWH
PWH20393,ERP-B2B-SALE-2026-23657,2026-08-13 16:33:00,2026-08-13 16:46:00,Third Party,BKP2501006970,PW UPSC Mindmaps Indian Geography For UPSC/PSC Competitive Examinations | Navigating Concepts Through Visual Mindmaps,,2026-08-14 04:42:00,Bharat21,SPR.R12.A5.L1.B2,2,,PW,BKP2501006970,Default Vendor,PRIME260800028539,Sumit01,RAJNISH BOOK DEPOT,55338,PWH
PWH20393,ERP-B2B-SALE-2026-23657,2026-08-13 16:33:00,2026-08-13 16:46:00,Third Party,BKP2501006806,PW UPSC Mindmaps Ancient and Medieval India For UPSC/PSC Competitive Examinations | Navigating Concepts Through Visual Mindmaps,,2026-08-14 04:27:00,Bharat21,MTR.G0.R02.A05.L4.B2,2,,PW,BKP2501006806,Default Vendor,PRIME260800028538,Sumit01,RAJNISH BOOK DEPOT,55338,PWH
PWH20393,ERP-B2B-SALE-2026-23657,2026-08-13 16:33:00,2026-08-13 16:46:00,Third Party,BKP2501006483,UPSC Mindmaps Modern Indian History For UPSC/PSC Competitive Examinations | Navigating Concepts Through Visual Mindmaps,,2026-08-14 04:13:00,Bharat21,MTR.G1.R23.A07.L3.B2,2,,PW,BKP2501006483,Default Vendor,PRIME260800028538,Sumit01,RAJNISH BOOK DEPOT,55338,PWH
PWH20393,ERP-B2B-SALE-2026-23657,2026-08-13 16:33:00,2026-08-13 16:46:00,Third Party,BKP2501006773,PW UPSC Mindmaps Economy For UPSC/PSC Competitive Examinations | Navigating Concepts Through Visual Mindmaps,,2026-08-14 04:42:00,Bharat21,SPR.R17.A10.L1.B1,2,,PW,BKP2501006773,Default Vendor,PRIME260800028538,Sumit01,RAJNISH BOOK DEPOT,55338,PWH
PWH20393,ERP-B2B-SALE-2026-23657,2026-08-13 16:33:00,2026-08-13 16:46:00,Third Party,BKP2501006795,PW UPSC Mindmaps Indian Polity For UPSC/PSC Competitive Examinations | Navigating Concepts Through Visual Mindmaps,,2026-08-14 03:58:00,Bharat21,MTR.G2.R40.A07.L4.B1,2,,PW,BKP2501006795,Default Vendor,PRIME260800028539,Sumit01,RAJNISH BOOK DEPOT,55338,PWH
PWH20393,ERP-B2B-SALE-2026-23657,2026-08-13 16:33:00,2026-08-13 16:46:00,Third Party,BKP2505006734,UPSC Mindmaps Indian Polity (Hindi) For UPSC/PSC Competitive Examinations | Navigating Concepts Through Visual Mindmaps,,2026-08-14 04:10:00,Bharat21,MTR.G1.R41.A08.L4.B1,2,,PW,BKP2505006734,Default Vendor,PRIME260800028539,Sumit01,RAJNISH BOOK DEPOT,55338,PWH
PWH20393,ERP-B2B-SALE-2026-23657,2026-08-13 16:33:00,2026-08-13 16:46:00,Third Party,BKP2503006744,UPSC Mindmaps Indian Geography (Hindi) For UPSC/PSC Competitive Examinations | Navigating Concepts Through Visual Mindmaps,,2026-08-14 04:27:00,Bharat21,MTR.G0.R03.A05.L3.B2,2,,PW,BKP2503006744,Default Vendor,PRIME260800028538,Sumit01,RAJNISH BOOK DEPOT,55338,PWH
PWH20393,ERP-B2B-SALE-2026-23657,2026-08-13 16:33:00,2026-08-13 16:46:00,Third Party,BKP2505007072,"PW White Book of English Vocabulary June 2025 Edition By Bhragu Sir For SSC CGL, CHSL, MTS, CPO, GD, Banking, Defence, Teaching & Other Competitive Exams (Bilingual)",,2026-08-14 04:23:00,Bharat21,MTR.G0.R31.A08.L2.B1,2,,PW,BKP2505007072,Default Vendor,PRIME260800028538,Sumit01,RAJNISH BOOK DEPOT,55338,PWH
PWH20393,ERP-B2B-SALE-2026-23657,2026-08-13 16:33:00,2026-08-13 16:46:00,Third Party,BKP2503006842,UPSC Mindmaps Physical Geography (Hindi) For UPSC/PSC Competitive Examinations | Navigating Concepts Through Visual Mindmaps,,2026-08-14 03:57:00,Bharat21,MTR.G2.R43.A11.L3.B1,2,,PW,BKP2503006842,Default Vendor,PRIME260800028539,Sumit01,RAJNISH BOOK DEPOT,55338,PWH
PWH20393,ERP-B2B-SALE-2026-23657,2026-08-13 16:33:00,2026-08-13 16:46:00,Third Party,BKP2503006760,UPSC Mindmaps Economy (Hindi) For UPSC/PSC Competitive Examinations | Navigating Concepts Through Visual Mindmaps,,2026-08-14 04:11:00,Bharat21,MTR.G1.R41.A09.L2.B1,2,,PW,BKP2503006760,Default Vendor,PRIME260800028539,Sumit01,RAJNISH BOOK DEPOT,55338,PWH
PWH20393,ERP-B2B-SALE-2026-23657,2026-08-13 16:33:00,2026-08-13 16:46:00,Third Party,BKP2503006840,UPSC Mindmaps Ancient and Medieval (Hindi) India For UPSC/PSC Competitive Examinations | Navigating Concepts Through Visual Mindmaps,,2026-08-14 04:25:00,Bharat21,MTR.G0.R12.A04.L2.B2,2,,PW,BKP2503006840,Default Vendor,PRIME260800028528,Sumit01,RAJNISH BOOK DEPOT,55338,PWH
PWH20393,ERP-B2B-SALE-2026-23657,2026-08-13 16:33:00,2026-08-13 16:46:00,Third Party,BKP2503006818,PW UPSC Mindmaps Modern Indian History (Hindi) For UPSC/PSC Competitive Examinations | Navigating Concepts Through Visual Mindmaps,,2026-08-14 04:12:00,Bharat21,MTR.G1.R23.A08.L3.B2,2,,PW,BKP2503006818,Default Vendor,PRIME260800028539,Sumit01,RAJNISH BOOK DEPOT,55338,PWH
PWH20393,ERP-B2B-SALE-2026-23657,2026-08-13 16:33:00,2026-08-13 16:46:00,Third Party,BKP2510017434,"PW Shaurya NDA/NA General Ability English Book with Latest 2025 Solved Paper | Comprehension, Verbal Ability, Vocabulary For 2025-26 Exam",,2026-08-14 04:20:00,Bharat21,MTR.G0.R44.A08.L3.B2,2,,PW,BKP2510017434,Default Vendor,PRIME260800028538,Sumit01,RAJNISH BOOK DEPOT,55338,PWH
PWH20393,ERP-B2B-SALE-2026-23657,2026-08-13 16:33:00,2026-08-13 16:46:00,Third Party,BKP2510009318,"PW GK Pulse General Knowledge Book with 1000+ One liner PYQs | UPSC NDA, CDS, EPFO, State PSC, C, Banking, Railway, Defence, Teaching, Other State Govt Exams By Krati Ma'am",,2026-08-14 04:24:00,Bharat21,MTR.G0.R14.A05.L2.B1,4,,PW,BKP2510009318,Default Vendor,PRIME260800028527,Sumit01,RAJNISH BOOK DEPOT,55338,PWH
PWH20393,ERP-B2B-SALE-2026-23657,2026-08-13 16:33:00,2026-08-13 16:46:00,Third Party,BKP2508006655,ONLYIAS UPSC WALLAH CSAT (Hindi Medium) For Civil Services Exam | Comprehensive Book For UPSC Prelims and Other Aptitude Examinations,,2026-08-14 04:40:00,Bharat21,SPR.R7.A4.L3.B2,1,,PW,BKP2508006655,Default Vendor,PRIME260800028527,Sumit01,RAJNISH BOOK DEPOT,55338,PWH
PWH20393,ERP-B2B-SALE-2026-23657,2026-08-13 16:33:00,2026-08-13 16:46:00,Third Party,BKP2508006655,ONLYIAS UPSC WALLAH CSAT (Hindi Medium) For Civil Services Exam | Comprehensive Book For UPSC Prelims and Other Aptitude Examinations,,2026-08-14 04:21:00,Bharat21,MTR.G0.R34.A12.L3.B2,1,,PW,BKP2508006655,Default Vendor,PRIME260800028539,Sumit01,RAJNISH BOOK DEPOT,55338,PWH
PWH20393,ERP-B2B-SALE-2026-23657,2026-08-13 16:33:00,2026-08-13 16:46:00,Third Party,BKP2512848941,"ONLYIAS UPSC Prelims Specific Book for CSAT (Hindi) For Civil Services Exam 2026 | Covered Concept-Based Theory, PYQs, Practice Questions",,2026-08-14 04:29:00,Bharat21,MTR.G0.R36.A07.L3.B1,2,,PW,BKP2512848941,Default Vendor,PRIME260800028538,Sumit01,RAJNISH BOOK DEPOT,55338,PWH
PWH20393,ERP-B2B-SALE-2026-23657,2026-08-13 16:33:00,2026-08-13 16:46:00,Third Party,BKP2601198115,"PW UPSC Prelims & Mains – GS Paper 1 Ancient & Medieval Indian History Handwritten Notes By Abhishek Srivastava Sir For UPSC | Timelines Series | History through Timelines, Maps & Mind Maps",,2026-08-14 04:09:00,Bharat21,MTR.G1.R47.A12.L3.B1,2,,PW,BKP2601198115,Default Vendor,PRIME260800028539,Sumit01,RAJNISH BOOK DEPOT,55338,PWH
PWH20393,ERP-B2B-SALE-2026-23657,2026-08-13 16:33:00,2026-08-13 16:46:00,Third Party,BKP2603019478,PW CBSE Question & Concept Bank (QCB) Class 10 Science Chapter-wise and Topic-wise Solved Questions By Samridhi Sharma For 2027 Board Exams with 50% Competency Based Question,,2026-08-14 04:01:00,Bharat21,MTR.G2.R11.A09.L1.B2,5,,PW,BKP2603019478,Default Vendor,PRIME260800028537,Sumit01,RAJNISH BOOK DEPOT,55338,PWH
PWH20393,ERP-B2B-SALE-2026-23657,2026-08-13 16:33:00,2026-08-13 16:46:00,Third Party,BKP2603019479,PW CBSE Question & Concept Bank (QCB) Class 10 Maths (Standard) Chapter-wise and Topic-wise Solved Questions By Ritik Mishra For 2027 Board Exams with 50% Competency Based Question,,2026-08-14 03:48:00,Bharat21,MTR.G3.R12.A06.L2.B1,5,,PW,BKP2603019479,Default Vendor,PRIME260800028538,Sumit01,RAJNISH BOOK DEPOT,55338,PWH
PWH20393,ERP-B2B-SALE-2026-23657,2026-08-13 16:33:00,2026-08-13 16:46:00,Third Party,BKP2603019477,PW CBSE Question & Concept Bank (QCB) Class 10 Social Science Chapter-wise and Topic-wise Solved Questions By Siddarth Sharma & Ujjavala Punj For 2027 Board Exams with 50% Competency Based Question,,2026-08-14 04:20:00,Bharat21,MTR.G0.R42.A07.L2.B1,3,,PW,BKP2603019477,Default Vendor,PRIME260800028532,Sumit01,RAJNISH BOOK DEPOT,55338,PWH
PWH20393,ERP-B2B-SALE-2026-23657,2026-08-13 16:33:00,2026-08-13 16:46:00,Third Party,BKP2603741359,PW CBSE Question & Concept Bank (QCB) Class 10 English Language & Literature Chapter-wise and Topic-wise Solved Questions For 2027 Board Exams with 50% Competency Based Question,,2026-08-14 04:00:00,Bharat21,MTR.G2.R13.A10.L1.B2,5,,PW,BKP2603741359,Default Vendor,PRIME260800028537,Sumit01,RAJNISH BOOK DEPOT,55338,PWH
PWH20393,ERP-B2B-SALE-2026-23657,2026-08-13 16:33:00,2026-08-13 16:46:00,Third Party,BKP2603216361,PW CBSE Question & Concept Bank (QCB) Class 10 Basic Maths Chapter-wise and Topic-wise Solved Questions For 2027 Board Exams with 50% Competency Based Question,,2026-08-14 03:56:00,Bharat21,MTR.G2.R46.A10.L4.B1,5,,PW,BKP2603216361,Default Vendor,PRIME260800028532,Sumit01,RAJNISH BOOK DEPOT,55338,PWH
PWH20393,ERP-B2B-SALE-2026-23657,2026-08-13 16:33:00,2026-08-13 16:46:00,Third Party,BKP2603020049,"PW CBSE Class 12 PYQs PCME - Past 10 Years Solved Papers For 2027 Board Exams | Delhi & Outside Delhi Papers Covered | Physics, Chemistry, Maths, English",,2026-08-14 04:15:00,Bharat21,MTR.G1.R11.A10.L4.B2,3,,PW,BKP2603020049,Default Vendor,PRIME260800028527,Sumit01,RAJNISH BOOK DEPOT,55338,PWH
PWH20393,ERP-B2B-SALE-2026-23657,2026-08-13 16:33:00,2026-08-13 16:46:00,Third Party,BKP2603020048,"PW CBSE Class 12 PYQs PCBE - Past 10 Years Solved Papers For 2027 Board Exams | Delhi & Outside Delhi Papers Covered | Physics, Chemistry, Biology, English",,2026-08-14 04:13:00,Bharat21,MTR.G1.R19.A09.L1.B2,3,,PW,BKP2603020048,Default Vendor,PRIME260800028530,Sumit01,RAJNISH BOOK DEPOT,55338,PWH
PWH20393,ERP-B2B-SALE-2026-23657,2026-08-13 16:33:00,2026-08-13 16:46:00,Third Party,BKP2604685349,PW CBSE Question & Concept Bank (QCB) Class 10 Hindi-A Chapter-wise and Topic-wise Solved Questions For 2027 Exams with 50% Competency Based Question,,2026-08-14 04:11:00,Bharat21,MTR.G1.R27.A09.L4.B1,3,,PW,BKP2604685349,Default Vendor,PRIME260800028530,Sumit01,RAJNISH BOOK DEPOT,55338,PWH
PWH20393,ERP-B2B-SALE-2026-23657,2026-08-13 16:33:00,2026-08-13 16:46:00,Third Party,BKP2602019099,PW CBSE Question & Concept Bank (QCB) Class 12 English Core Chapter-wise and Topic-wise Solved Questions By Anurag Sir For 2027 Board Exams with 50% Competency Based Question,,2026-08-14 03:49:00,Bharat21,MTR.G3.R07.A03.L4.B1,5,,PW,BKP2602019099,Default Vendor,PRIME260800028539,Sumit01,RAJNISH BOOK DEPOT,55338,PWH
PWH20393,ERP-B2B-SALE-2026-23657,2026-08-13 16:33:00,2026-08-13 16:46:00,Third Party,BKP2602019098,PW CBSE Question & Concept Bank (QCB) Class 12 Biology Chapter-wise and Topic-wise Solved Questions By Samridhi Mam & Aarushi Mam For 2027 Board Exams with 50% Competency Based Question,,2026-08-14 03:49:00,Bharat21,MTR.G3.R11.A06.L4.B2,5,,PW,BKP2602019098,Default Vendor,PRIME260800028539,Sumit01,RAJNISH BOOK DEPOT,55338,PWH
PWH20393,ERP-B2B-SALE-2026-23657,2026-08-13 16:33:00,2026-08-13 16:46:00,Third Party,BKP2602975509,PW CBSE Question & Concept Bank (QCB) Class 12 Mathematics Chapter-wise and Topic-wise Solved Questions By Deepak Sir For 2027 Board Exams with 50% Competency Based Question,,2026-08-14 03:50:00,Bharat21,MTR.G3.R02.A01.L4.B2,5,,PW,BKP2602975509,Default Vendor,PRIME260800028532,Sumit01,RAJNISH BOOK DEPOT,55338,PWH
PWH20393,ERP-B2B-SALE-2026-23657,2026-08-13 16:33:00,2026-08-13 16:46:00,Third Party,BKP2602019097,PW CBSE Question & Concept Bank (QCB) Class 12 Chemistry Chapter-wise and Topic-wise Solved Questions By Shourya Mam & Aakash Sir For 2027 Board Exams with 50% Competency Based Question,,2026-08-14 04:27:00,Bharat21,MTR.G0.R05.A05.L4.B1,1,,PW,BKP2602019097,Default Vendor,PRIME260800028527,Sumit01,RAJNISH BOOK DEPOT,55338,PWH
PWH20393,ERP-B2B-SALE-2026-23657,2026-08-13 16:33:00,2026-08-13 16:46:00,Third Party,BKP2602019097,PW CBSE Question & Concept Bank (QCB) Class 12 Chemistry Chapter-wise and Topic-wise Solved Questions By Shourya Mam & Aakash Sir For 2027 Board Exams with 50% Competency Based Question,,2026-08-14 04:25:00,Bharat21,MTR.G0.R08.A01.L3.B2,3,,PW,BKP2602019097,Default Vendor,PRIME260800028527,Sumit01,RAJNISH BOOK DEPOT,55338,PWH
PWH20393,ERP-B2B-SALE-2026-23657,2026-08-13 16:33:00,2026-08-13 16:46:00,Third Party,BKP2604191936,PW NEET PYQ 39 Years Biology For 2027 Exam | PYQ Deja Vu | Additional PYQs from Re-NEET and Other States | Chapterwise and Topicwise Solutions (2026-1988) with Highlighted Must Revise Questions,,2026-08-14 03:59:00,Bharat21,MTR.G2.R17.A05.L4.B1,2,,PW,BKP2604191936,Default Vendor,PRIME260800028532,Sumit01,RAJNISH BOOK DEPOT,55338,PWH
PWH20393,ERP-B2B-SALE-2026-23657,2026-08-13 16:33:00,2026-08-13 16:46:00,Third Party,BKP2604020970,PW NEET PYQ 39 Years Physics For 2027 Exam | PYQ Deja Vu | Additional PYQs from Re-NEET and Other States | Chapterwise and Topicwise Solutions (2026-1988) with Highlighted Must Revise Questions,,2026-08-14 03:51:00,Bharat21,MTR.G3.R02.A06.L4.B2,1,,PW,BKP2604020970,Default Vendor,PRIME260800028537,Sumit01,RAJNISH BOOK DEPOT,55338,PWH
PWH20393,ERP-B2B-SALE-2026-23657,2026-08-13 16:33:00,2026-08-13 16:46:00,Third Party,BKP2604020971,PW NEET PYQ 39 Years Chemistry For 2027 Exam | PYQ Deja Vu | Additional PYQs from Re-NEET and Other States | Chapterwise and Topicwise Solutions (2026-1988) with Highlighted Must Revise Questions,,2026-08-14 03:51:00,Bharat21,MTR.G3.R01.A07.L3.B1,5,,PW,BKP2604020971,Default Vendor,PRIME260800028539,Sumit01,RAJNISH BOOK DEPOT,55338,PWH
PWH20393,ERP-B2B-SALE-2026-23657,2026-08-13 16:33:00,2026-08-13 16:46:00,Third Party,BKP2604020384,"PW GK Pulse General Knowledge Book with 1000+ One liner PYQs (Hindi Edition) By Krati Mam | UPSC (NDA, CDS, EPFO, CAPF) SSC, Railway, Other Competitive Exams 2026-27",,2026-08-14 04:14:00,Bharat21,MTR.G1.R17.A06.L3.B1,2,,PW,BKP2604020384,Default Vendor,PRIME260800028538,Sumit01,RAJNISH BOOK DEPOT,55338,PWH
PWH20393,ERP-B2B-SALE-2026-23657,2026-08-13 16:33:00,2026-08-13 16:46:00,Third Party,BKP2605021588,PW 49 Years JEE Advanced Chemistry PYQ Book Chapterwise & Topicwise Solved Papers (1978-2026) | PYQ with Detailed Solutions | Previous Year Questions for IIT JEE Advanced Exam,,2026-08-14 03:46:00,Bharat21,MTR.G3.R46.A07.L3.B1,3,,PW,BKP2605021588,Default Vendor,PRIME260800028538,Sumit01,RAJNISH BOOK DEPOT,55338,PWH
PWH20393,ERP-B2B-SALE-2026-23657,2026-08-13 16:33:00,2026-08-13 16:46:00,Third Party,BKP2605021587,PW 49 Years JEE Advanced Physics PYQ Book Chapterwise & Topicwise Solved Papers (1978-2026) | PYQ with Detailed Solutions | Previous Year Questions for IIT JEE Advanced Exam,,2026-08-14 04:14:00,Bharat21,MTR.G1.R18.A04.L4.B1,3,,PW,BKP2605021587,Default Vendor,PRIME260800028532,Sumit01,RAJNISH BOOK DEPOT,55338,PWH
PWH20393,ERP-B2B-SALE-2026-23657,2026-08-13 16:33:00,2026-08-13 16:46:00,Third Party,BKP2605021586,PW 49 Years JEE Advanced PYQ Book Maths Chapterwise & Topicwise Solved Papers (1978-2026) | PYQ with Detailed Solutions | Previous Year Questions for IIT JEE Advanced Exam,,2026-08-14 04:23:00,Bharat21,MTR.G0.R29.A05.L2.B2,3,,PW,BKP2605021586,Default Vendor,PRIME260800028527,Sumit01,RAJNISH BOOK DEPOT,55338,PWH
PWH20393,ERP-B2B-SALE-2026-23657,2026-08-13 16:33:00,2026-08-13 16:46:00,Third Party,BKP2605021581,PW Objective NCERT Punch 5.0 Biology For NEET 2027 By Dr. Vipin Kumar Sharma l Updated with Most Probable NEET Potential Questions (NPQ) For End Time Preparation,,2026-08-14 04:03:00,Bharat21,MTR.G2.R02.A04.L1.B1,4,,PW,BKP2605021581,Default Vendor,PRIME260800028528,Sumit01,RAJNISH BOOK DEPOT,55338,PWH
PWH20393,ERP-B2B-SALE-2026-23657,2026-08-13 16:33:00,2026-08-13 16:46:00,Third Party,BKP2605021580,PW Objective NCERT Punch 5.0 Physics For NEET 2027 By Dr. Manish Raj (MR Sir) l Updated with Most Probable NEET Potential Questions (NPQ) For End Time Preparation,,2026-08-14 03:59:00,Bharat21,MTR.G2.R25.A04.L4.B1,4,,PW,BKP2605021580,Default Vendor,PRIME260800028537,Sumit01,RAJNISH BOOK DEPOT,55338,PWH
PWH20393,ERP-B2B-SALE-2026-23657,2026-08-13 16:33:00,2026-08-13 16:46:00,Third Party,BKP2605021582,PW Objective NCERT Punch 5.0 Chemistry For NEET 2027 By Pankaj Sijairya l Updated with Most Probable NEET Potential Questions (NPQ) For End Time Preparation,,2026-08-14 04:19:00,Bharat21,MTR.G0.R46.A10.L4.B1,4,,PW,BKP2605021582,Default Vendor,PRIME260800028529,Sumit01,RAJNISH BOOK DEPOT,55338,PWH
PWH20393,ERP-B2B-SALE-2026-23657,2026-08-13 16:33:00,2026-08-13 16:46:00,Third Party,BKP2606022473,OnlyIAS UPSC Prelims Previous Year Solved Papers (2026–1995) | 32 Years Topicwise GS PYQs with 3400+ MCQs & Detailed Explanations | Civil Services IAS Book English Medium | UPSC Books 2027,,2026-08-14 04:23:00,Bharat21,MTR.G0.R25.A09.L3.B2,2,,PW,BKP2606022473,Default Vendor,PRIME260800028529,Sumit01,RAJNISH BOOK DEPOT,55338,PWH
PWH20393,ERP-B2B-SALE-2026-23657,2026-08-13 16:33:00,2026-08-13 16:46:00,Third Party,BKP2606076375,PW JEE Advanced 49 Years (2026-1978) with JEE Main 162 Sets Chemistry PYQs (2026-2019) | Chapterwise and Topicwise Solved Papers For JEE Main & Advanced 2027 Exams,,2026-08-14 04:04:00,Bharat21,MTR.G2.R01.A12.L1.B1,5,,PW,BKP2606076375,Default Vendor,PRIME260800028528,Sumit01,RAJNISH BOOK DEPOT,55338,PWH
PWH20393,ERP-B2B-SALE-2026-23657,2026-08-13 16:33:00,2026-08-13 16:46:00,Third Party,BKP2606022749,JEE Advanced 49 Years (2026-1978) with JEE Main 162 Sets Maths PYQs (2026-2019) | Chapterwise and Topicwise Solved Papers For JEE Main & Advanced 2027 Exams,,2026-08-14 04:02:00,Bharat21,MTR.G2.R07.A05.L4.B2,5,,PW,BKP2606022749,Default Vendor,PRIME260800028530,Sumit01,RAJNISH BOOK DEPOT,55338,PWH
PWH20393,ERP-B2B-SALE-2026-23657,2026-08-13 16:33:00,2026-08-13 16:46:00,Third Party,BKP2606022750,PW JEE Advanced 49 Years (2026-1978) with JEE Main 162 Sets Physics PYQs (2026-2019) | Chapterwise and Topicwise Solved Papers For JEE Main & Advanced 2027 Exams,,2026-08-14 04:26:00,Bharat21,MTR.G0.R04.A08.L1.B2,5,,PW,BKP2606022750,Default Vendor,PRIME260800028529,Sumit01,RAJNISH BOOK DEPOT,55338,PWH
PWH20393,ERP-B2B-SALE-2026-23657,2026-08-13 16:33:00,2026-08-13 16:46:00,Third Party,BKP2604020970,PW NEET PYQ 39 Years Physics For 2027 Exam | PYQ Deja Vu | Additional PYQs from Re-NEET and Other States | Chapterwise and Topicwise Solutions (2026-1988) with Highlighted Must Revise Questions,,2026-08-14 03:51:00,Bharat21,MTR.G3.R02.A06.L4.B2,4,,PW,BKP2604020970,Default Vendor,PRIME260800028538,Sumit01,RAJNISH BOOK DEPOT,55338,PWH
PWH20393,ERP-B2B-SALE-2026-23657,2026-08-13 16:33:00,2026-08-13 16:46:00,Third Party,BKP2604191936,PW NEET PYQ 39 Years Biology For 2027 Exam | PYQ Deja Vu | Additional PYQs from Re-NEET and Other States | Chapterwise and Topicwise Solutions (2026-1988) with Highlighted Must Revise Questions,,2026-08-14 03:59:00,Bharat21,MTR.G2.R17.A05.L4.B1,3,,PW,BKP2604191936,Default Vendor,PRIME260800028537,Sumit01,RAJNISH BOOK DEPOT,55338,PWH
PWH20393,ERP-B2B-SALE-2026-23657,2026-08-13 16:33:00,2026-08-13 16:46:00,Third Party,BKP2602019097,PW CBSE Question & Concept Bank (QCB) Class 12 Chemistry Chapter-wise and Topic-wise Solved Questions By Shourya Mam & Aakash Sir For 2027 Board Exams with 50% Competency Based Question,,2026-08-14 04:27:00,Bharat21,MTR.G0.R05.A05.L4.B1,1,,PW,BKP2602019097,Default Vendor,PRIME260800028528,Sumit01,RAJNISH BOOK DEPOT,55338,PWH
PWH20394,ERP-B2B-SALE-2026-23658,2026-08-13 16:33:00,2026-08-13 16:46:00,Third Party,BKP2606362495,33 SSC MTS Multi Tasking (Non-Technical) Staff and Havaldar Previous Solved Papers (2026 -2017) English Edition Refurbish,,2026-08-13 18:31:00,Sumit01,SPR.R4.A7.L1.B3,3,,PW,BKP2606362495,Default Vendor,PRIME260800027567,Tushant,Goyal Book Depot,55331,PWH
PWH20395,ERP-B2B-SALE-2026-23659,2026-08-13 16:33:00,2026-08-13 16:47:00,Third Party,BKP2309007187,"Physics Med Easy 2.0 Notes | Notes, Formulas, Mnemonics, Tips & Tricks for NEET/JEE & Board Exams | Dr. Manish Raj (MR Sir) Physics Handwritten Notes",,2026-08-14 00:42:00,Krishna09,MTR.G0.R10.A05.L1.B2,5,,PW,BKP2309007187,Default Vendor,PRIME260800028573,Tushant,Mahato Book Depot,55353,PWH
PWH20395,ERP-B2B-SALE-2026-23659,2026-08-13 16:33:00,2026-08-13 16:47:00,Third Party,BKP2402007120,"Botany Med Easy Dr. Vipin Sharma Handwritten Notes | Flow Charts, Mindmaps, Mnemonics for NEET & Board Exams as per latest NMC NEET Syllabus",,2026-08-14 02:23:00,Krishna09,SPR.R25.A3.L3.B2,36,,PW,BKP2402007120,Default Vendor,PRIME260800028098,anil05,Mahato Book Depot,55353,PWH
PWH20395,ERP-B2B-SALE-2026-23659,2026-08-13 16:33:00,2026-08-13 16:47:00,Third Party,BKP2402007120,"Botany Med Easy Dr. Vipin Sharma Handwritten Notes | Flow Charts, Mindmaps, Mnemonics for NEET & Board Exams as per latest NMC NEET Syllabus",,2026-08-13 22:51:00,Krishna09,MTR.G1.R05.A11.L1.B1,4,,PW,BKP2402007120,Default Vendor,PRIME260800028571,Tushant,Mahato Book Depot,55353,PWH
PWH20395,ERP-B2B-SALE-2026-23659,2026-08-13 16:33:00,2026-08-13 16:47:00,Third Party,BKP2503007173,PW EaJEE Handwritten Notes For Physical Chemistry By Faisal Razaq | Chapterwise and Topicwise 1200+ Questions | Complete JEE Main & Advanced Syllabus | Handpicked PYQs,,2026-08-14 02:50:00,Krishna09,SPR.R14.A6.L1.B1,20,,PW,BKP2503007173,Default Vendor,PRIME260800028494,anil05,Mahato Book Depot,55353,PWH
PWH20395,ERP-B2B-SALE-2026-23659,2026-08-13 16:33:00,2026-08-13 16:47:00,Third Party,BKP2503007173,PW EaJEE Handwritten Notes For Physical Chemistry By Faisal Razaq | Chapterwise and Topicwise 1200+ Questions | Complete JEE Main & Advanced Syllabus | Handpicked PYQs,,2026-08-14 02:04:00,Krishna09,SPR.R14.A6.L1.B1,20,,PW,BKP2503007173,Default Vendor,PRIME260800028499,anil05,Mahato Book Depot,55353,PWH
PWH20395,ERP-B2B-SALE-2026-23659,2026-08-13 16:33:00,2026-08-13 16:47:00,Third Party,BKP2501006755,PW UPSC Mindmaps Physical Geography For UPSC/PSC Competitive Examinations | Navigating Concepts Through Visual Mindmaps,,2026-08-13 23:05:00,Krishna09,MTR.G0.R40.A12.L2.B2,5,,PW,BKP2501006755,Default Vendor,PRIME260800028563,Tushant,Mahato Book Depot,55353,PWH
PWH20395,ERP-B2B-SALE-2026-23659,2026-08-13 16:33:00,2026-08-13 16:47:00,Third Party,BKP2501006970,PW UPSC Mindmaps Indian Geography For UPSC/PSC Competitive Examinations | Navigating Concepts Through Visual Mindmaps,,2026-08-14 02:03:00,Krishna09,SPR.R12.A5.L1.B2,5,,PW,BKP2501006970,Default Vendor,PRIME260800028512,anil05,Mahato Book Depot,55353,PWH
PWH20395,ERP-B2B-SALE-2026-23659,2026-08-13 16:33:00,2026-08-13 16:47:00,Third Party,BKP2501006806,PW UPSC Mindmaps Ancient and Medieval India For UPSC/PSC Competitive Examinations | Navigating Concepts Through Visual Mindmaps,,2026-08-14 00:54:00,Krishna09,MTR.G0.R02.A05.L4.B2,5,,PW,BKP2501006806,Default Vendor,PRIME260800028579,Tushant,Mahato Book Depot,55353,PWH
PWH20395,ERP-B2B-SALE-2026-23659,2026-08-13 16:33:00,2026-08-13 16:47:00,Third Party,BKP2501006483,UPSC Mindmaps Modern Indian History For UPSC/PSC Competitive Examinations | Navigating Concepts Through Visual Mindmaps,,2026-08-13 22:39:00,Krishna09,MTR.G1.R23.A07.L3.B2,3,,PW,BKP2501006483,Default Vendor,PRIME260800028548,Tushant,Mahato Book Depot,55353,PWH
PWH20395,ERP-B2B-SALE-2026-23659,2026-08-13 16:33:00,2026-08-13 16:47:00,Third Party,BKP2501006483,UPSC Mindmaps Modern Indian History For UPSC/PSC Competitive Examinations | Navigating Concepts Through Visual Mindmaps,,2026-08-13 22:40:00,Krishna09,MTR.G1.R20.A08.L4.B1,2,,PW,BKP2501006483,Default Vendor,PRIME260800028548,Tushant,Mahato Book Depot,55353,PWH
PWH20395,ERP-B2B-SALE-2026-23659,2026-08-13 16:33:00,2026-08-13 16:47:00,Third Party,BKP2501006773,PW UPSC Mindmaps Economy For UPSC/PSC Competitive Examinations | Navigating Concepts Through Visual Mindmaps,,2026-08-14 02:07:00,Krishna09,SPR.R17.A10.L1.B1,5,,PW,BKP2501006773,Default Vendor,PRIME260800028513,anil05,Mahato Book Depot,55353,PWH
PWH20395,ERP-B2B-SALE-2026-23659,2026-08-13 16:33:00,2026-08-13 16:47:00,Third Party,BKP2501006795,PW UPSC Mindmaps Indian Polity For UPSC/PSC Competitive Examinations | Navigating Concepts Through Visual Mindmaps,,2026-08-13 21:49:00,Krishna09,MTR.G2.R40.A07.L4.B1,5,,PW,BKP2501006795,Default Vendor,PRIME260800028553,Tushant,Mahato Book Depot,55353,PWH
PWH20395,ERP-B2B-SALE-2026-23659,2026-08-13 16:33:00,2026-08-13 16:47:00,Third Party,BKP2503007163,"Chemistry Med Easy | Notes, Formulas, Tips & Tricks for NEET/JEE & Board Exams | Pankaj Sir Chemistry Handwritten Notes",,2026-08-14 02:45:00,Krishna09,SPR.R13.A11.L4.B1,30,,PW,BKP2503007163,Default Vendor,PRIME260800028504,anil05,Mahato Book Depot,55353,PWH
PWH20395,ERP-B2B-SALE-2026-23659,2026-08-13 16:33:00,2026-08-13 16:47:00,Third Party,BKP2503007163,"Chemistry Med Easy | Notes, Formulas, Tips & Tricks for NEET/JEE & Board Exams | Pankaj Sir Chemistry Handwritten Notes",,2026-08-13 21:28:00,Krishna09,MTR.G3.R26.A10.L3.B2,5,,PW,BKP2503007163,Default Vendor,PRIME260800028540,Tushant,Mahato Book Depot,55353,PWH
PWH20395,ERP-B2B-SALE-2026-23659,2026-08-13 16:33:00,2026-08-13 16:47:00,Third Party,BKP2503007117,"Maths Made EJEE Class 11 Handwritten Notes By Sachin Jakhar For JEE Main & Advanced Exams | Complete Theory, Basic to Advanced Problems, Special Tricks, PYQ, Detailed Solutions",,2026-08-14 02:08:00,Krishna09,SPR.R18.A3.L1.B2,26,,PW,BKP2503007117,Default Vendor,PRIME260800028490,anil05,Mahato Book Depot,55353,PWH
PWH20395,ERP-B2B-SALE-2026-23659,2026-08-13 16:33:00,2026-08-13 16:47:00,Third Party,BKP2503007117,"Maths Made EJEE Class 11 Handwritten Notes By Sachin Jakhar For JEE Main & Advanced Exams | Complete Theory, Basic to Advanced Problems, Special Tricks, PYQ, Detailed Solutions",,2026-08-13 23:12:00,Krishna09,MTR.G0.R27.A01.L3.B1,4,,PW,BKP2503007117,Default Vendor,PRIME260800028563,Tushant,Mahato Book Depot,55353,PWH
PWH20395,ERP-B2B-SALE-2026-23659,2026-08-13 16:33:00,2026-08-13 16:47:00,Third Party,BKP2506007170,"PW Class 12 Board The Catalyst For Mathematics with Most Relevant Practice Questions Booklet By Ritik Sir & Harish Sir | Handwritten Notes | Detailed Theory, PYQs",,2026-08-14 00:51:00,Krishna09,MTR.G0.R36.A03.L3.B2,10,,PW,BKP2506007170,Default Vendor,PRIME260800028579,Tushant,Mahato Book Depot,55353,PWH
PWH20395,ERP-B2B-SALE-2026-23659,2026-08-13 16:33:00,2026-08-13 16:47:00,Third Party,BKP2504007223,"Class 12 Board The Catalyst For Chemistry with Most Relevant Practice Questions Booklet By Om Pandey | Handwritten Notes | Detailed Theory, Competency Based Questions, PYQs for Exam 2025",,2026-08-13 23:01:00,Krishna09,MTR.G0.R45.A01.L1.B2,10,,PW,BKP2504007223,Default Vendor,PRIME260800028555,Tushant,Mahato Book Depot,55353,PWH
PWH20395,ERP-B2B-SALE-2026-23659,2026-08-13 16:33:00,2026-08-13 16:47:00,Third Party,BKP2508007218,NEET Easy Handwritten Notes Inorganic Chemistry For NEET & JEE Main By Om Pandey | Chapterwise and Topicwise Questions | Backlog Killer Notes with Handpicked PYQs [paperback] Om Pandey,,2026-08-13 23:07:00,Krishna09,MTR.G0.R32.A11.L2.B2,18,,PW,BKP2508007218,Default Vendor,PRIME260800028575,Tushant,Mahato Book Depot,55353,PWH
PWH20395,ERP-B2B-SALE-2026-23659,2026-08-13 16:33:00,2026-08-13 16:47:00,Third Party,BKP2507007026,EaJEE Handwritten Notes For Organic Chemistry By Rohit Sir & SKC Sir For JEE Main & Advanced | Chapterwise and Topicwise Notes | Handpicked Practice Questions & PYQs,,2026-08-13 21:54:00,Krishna09,MTR.G2.R26.A02.L4.B1,7,,PW,BKP2507007026,Default Vendor,PRIME260800028543,Tushant,Mahato Book Depot,55353,PWH
PWH20395,ERP-B2B-SALE-2026-23659,2026-08-13 16:33:00,2026-08-13 16:47:00,Third Party,BKP2509007224,EaJEE Handwritten Notes For Mathematics Class 11 JEE Main & Advanced By Tarun Khandelwal (T.K. Sir) | Chapterwise and Topicwise Questions | Handpicked PYQs,,2026-08-13 22:33:00,Krishna09,MTR.G1.R34.A11.L1.B1,5,,PW,BKP2509007224,Default Vendor,PRIME260800028560,Tushant,Mahato Book Depot,55353,PWH
PWH20395,ERP-B2B-SALE-2026-23659,2026-08-13 16:33:00,2026-08-13 16:47:00,Third Party,BKP2509007224,EaJEE Handwritten Notes For Mathematics Class 11 JEE Main & Advanced By Tarun Khandelwal (T.K. Sir) | Chapterwise and Topicwise Questions | Handpicked PYQs,,2026-08-13 22:35:00,Krishna09,MTR.G1.R26.A12.L3.B1,1,,PW,BKP2509007224,Default Vendor,PRIME260800028548,Tushant,Mahato Book Depot,55353,PWH
PWH20395,ERP-B2B-SALE-2026-23659,2026-08-13 16:33:00,2026-08-13 16:47:00,Third Party,ALR2509014938,"30 AFCAT Previous Years Solved Papers (2025 - 2011) with August 2025 Paper For Flying, Technical & Ground Duty (Non-Technical) Branches 2026 Exam | PYQs | 10 Practice Sets",,2026-08-14 00:37:00,Krishna09,MTR.G0.R12.A09.L1.B1,3,,PW,ALR2509014938,Default Vendor,PRIME260800028573,Tushant,Mahato Book Depot,55353,PWH
PWH20395,ERP-B2B-SALE-2026-23659,2026-08-13 16:33:00,2026-08-13 16:47:00,Third Party,BKP2503009023,"Class 12 Board The Catalyst For Biology with Most Relevant Practice Questions Booklet By Samapti Mam & Yashika Mam For 2026 Exam | Handwritten Notes | Detailed Theory, PYQs",,2026-08-14 01:29:00,Krishna09,SPR.R6.A3.L0.B2,1,,PW,BKP2503009023,Default Vendor,PRIME260800028511,anil05,Mahato Book Depot,55353,PWH
PWH20395,ERP-B2B-SALE-2026-23659,2026-08-13 16:33:00,2026-08-13 16:47:00,Third Party,BKP2503009023,"Class 12 Board The Catalyst For Biology with Most Relevant Practice Questions Booklet By Samapti Mam & Yashika Mam For 2026 Exam | Handwritten Notes | Detailed Theory, PYQs",,2026-08-14 01:29:00,Krishna09,SPR.R6.A3.L0.B2,1,,PW,BKP2503009023,Default Vendor,PRIME260800028510,anil05,Mahato Book Depot,55353,PWH
PWH20395,ERP-B2B-SALE-2026-23659,2026-08-13 16:33:00,2026-08-13 16:47:00,Third Party,ALR2510015435,"PW 30 AFCAT Chapterwise & Topicwise Previous Years Solved Papers (Aug 2025 - 2011) PYQ For Flying, Technical & Ground Duty (Non-Tech) Branches 2026 Exam with 3 Computer Based Tests",,2026-08-13 22:45:00,Krishna09,MTR.G1.R18.A04.L2.B1,2,,PW,ALR2510015435,Default Vendor,PRIME260800028554,Tushant,Mahato Book Depot,55353,PWH
PWH20395,ERP-B2B-SALE-2026-23659,2026-08-13 16:33:00,2026-08-13 16:47:00,Third Party,ALR2510015435,"PW 30 AFCAT Chapterwise & Topicwise Previous Years Solved Papers (Aug 2025 - 2011) PYQ For Flying, Technical & Ground Duty (Non-Tech) Branches 2026 Exam with 3 Computer Based Tests",,2026-08-13 21:49:00,Krishna09,MTR.G2.R38.A07.L4.B1,1,,PW,ALR2510015435,Default Vendor,PRIME260800028554,Tushant,Mahato Book Depot,55353,PWH
PWH20395,ERP-B2B-SALE-2026-23659,2026-08-13 16:33:00,2026-08-13 16:47:00,Third Party,BKP2511017598,"The Mechanism Mantra For NEET, JEE Main, JEE Advanced and Olympiads By Pankaj Sir (Popu Mama) For 2026 Exams l Reaction Mechanisms, Name Reactions and Reagents",,2026-08-13 23:19:00,Krishna09,MTR.G0.R18.A03.L3.B1,3,,PW,BKP2511017598,Default Vendor,PRIME260800028572,Tushant,Mahato Book Depot,55353,PWH
PWH20395,ERP-B2B-SALE-2026-23659,2026-08-13 16:33:00,2026-08-13 16:47:00,Third Party,BKP2512237185,"NEET Biology Immunity Booster Class 11 By Dr. Akanksha Agarwal (Gurumaa) For 2026 Exam | Handwritten Notes | NCERT Based Concepts, PYQs, Tips, Tricks, Flowcharts, Mind Maps & Quick Revision",,2026-08-13 23:20:00,Krishna09,MTR.G0.R16.A07.L2.B1,10,,PW,BKP2512237185,Default Vendor,PRIME260800028572,Tushant,Mahato Book Depot,55353,PWH
PWH20395,ERP-B2B-SALE-2026-23659,2026-08-13 16:33:00,2026-08-13 16:47:00,Third Party,BKP2512379553,SKC Physics Crush Class 11 (English Edition) Handwritten Format Notes By Saleem Sir For JEE and NEET Exams | From Basic to JEE Advanced via JEE/ NEET,,2026-08-14 01:37:00,Krishna09,SPR.R6.A1.L2.B2,16,,PW,BKP2512379553,Default Vendor,PRIME260800028502,anil05,Mahato Book Depot,55353,PWH
PWH20395,ERP-B2B-SALE-2026-23659,2026-08-13 16:33:00,2026-08-13 16:47:00,Third Party,BKP2512379553,SKC Physics Crush Class 11 (English Edition) Handwritten Format Notes By Saleem Sir For JEE and NEET Exams | From Basic to JEE Advanced via JEE/ NEET,,2026-08-13 22:27:00,Krishna09,MTR.G1.R42.A02.L4.B1,1,,PW,BKP2512379553,Default Vendor,PRIME260800028502,anil05,Mahato Book Depot,55353,PWH
PWH20395,ERP-B2B-SALE-2026-23659,2026-08-13 16:33:00,2026-08-13 16:47:00,Third Party,BKP2512379553,SKC Physics Crush Class 11 (English Edition) Handwritten Format Notes By Saleem Sir For JEE and NEET Exams | From Basic to JEE Advanced via JEE/ NEET,,2026-08-13 22:28:00,Krishna09,MTR.G1.R41.A02.L3.B2,1,,PW,BKP2512379553,Default Vendor,PRIME260800028502,anil05,Mahato Book Depot,55353,PWH
PWH20395,ERP-B2B-SALE-2026-23659,2026-08-13 16:33:00,2026-08-13 16:47:00,Third Party,BKP2601577856,"RRB Technician Grade-l Signal Exam 2026 | Basic Science & Engineering and Basics of Computers & Applications l Chapterwise Theory & Exercise, 1200+ Questions (PYQs) with Latest paper 2024",,2026-08-14 00:44:00,Krishna09,MTR.G0.R10.A09.L1.B2,3,,PW,BKP2601577856,Default Vendor,PRIME260800028573,Tushant,Mahato Book Depot,55353,PWH
PWH20395,ERP-B2B-SALE-2026-23659,2026-08-13 16:33:00,2026-08-13 16:47:00,Third Party,BKP2601992939,PW EaJEE Handwritten Notes For Mathematics Class 12 JEE Main & Advanced By Tarun Khandelwal (T.K. Sir) | Chapterwise and Topicwise Questions | Handpicked PYQs,,2026-08-14 01:25:00,Krishna09,SPR.R4.A12.L1.B3,20,,PW,BKP2601992939,Default Vendor,PRIME260800028498,anil05,Mahato Book Depot,55353,PWH
PWH20395,ERP-B2B-SALE-2026-23659,2026-08-13 16:33:00,2026-08-13 16:47:00,Third Party,BKP2601992939,PW EaJEE Handwritten Notes For Mathematics Class 12 JEE Main & Advanced By Tarun Khandelwal (T.K. Sir) | Chapterwise and Topicwise Questions | Handpicked PYQs,,2026-08-14 00:45:00,Krishna09,MTR.G0.R08.A11.L3.B1,10,,PW,BKP2601992939,Default Vendor,PRIME260800028574,Tushant,Mahato Book Depot,55353,PWH
PWH20395,ERP-B2B-SALE-2026-23659,2026-08-13 16:33:00,2026-08-13 16:47:00,Third Party,BKP2512818704,"NEET Biology Immunity Booster Class 12 By Dr. Akanksha Agarwal (Gurumaa) For 2026 Exam | Handwritten Notes | NCERT Based Concepts, PYQs, Tips, Tricks, Flowcharts, Mind Maps & Quick Revision",,2026-08-13 23:08:00,Krishna09,MTR.G0.R32.A06.L1.B1,10,,PW,BKP2512818704,Default Vendor,PRIME260800028564,Tushant,Mahato Book Depot,55353,PWH
PWH20395,ERP-B2B-SALE-2026-23659,2026-08-13 16:33:00,2026-08-13 16:47:00,Third Party,BKP2602263203,"Med Easy Physics Class 11 Handwritten Notes By MR Sir | Helpful For NEET, JEE and Board Exams | Detailed Notes For Basic to Advanced Preparations",,2026-08-13 23:16:00,Krishna09,MTR.G0.R24.A02.L4.B2,8,,PW,BKP2602263203,Default Vendor,PRIME260800028577,Tushant,Mahato Book Depot,55353,PWH
PWH20395,ERP-B2B-SALE-2026-23659,2026-08-13 16:33:00,2026-08-13 16:47:00,Third Party,BKP2602263203,"Med Easy Physics Class 11 Handwritten Notes By MR Sir | Helpful For NEET, JEE and Board Exams | Detailed Notes For Basic to Advanced Preparations",,2026-08-13 23:13:00,Krishna09,MTR.G0.R27.A02.L3.B1,11,,PW,BKP2602263203,Default Vendor,PRIME260800028577,Tushant,Mahato Book Depot,55353,PWH
PWH20395,ERP-B2B-SALE-2026-23659,2026-08-13 16:33:00,2026-08-13 16:47:00,Third Party,BKP2601185378,"PW Arjuna For NEET Class 11 Physics, Chemistry, Botany & Zoology Modules and Questions Booklet with Solutions Combo Set of 16 Books (2026 Edition).",Size,2026-08-14 00:55:00,Krishna09,MTR.G0.R04.A09.L1.B2,2,,PW,BKP2601185378,Default Vendor,PRIME260800028578,Tushant,Mahato Book Depot,55353,PWH
PWH20395,ERP-B2B-SALE-2026-23659,2026-08-13 16:33:00,2026-08-13 16:47:00,Third Party,BKP2601333876,"PW Arjuna For JEE Main & Advanced Class 11 Physics, Chemistry, Mathematics Modules and Question Booklet with Solutions Combo Set of 16 Books (2026 Edition).",Size,2026-08-14 02:15:00,Krishna09,GP_B2B,1,,PW,BKP2601333876,Default Vendor,PRIME260800028512,anil05,Mahato Book Depot,55353,PWH
PWH20395,ERP-B2B-SALE-2026-23659,2026-08-13 16:33:00,2026-08-13 16:47:00,Third Party,BKP2601648604,"PW Lakshya For JEE Main & Advanced Class 12 Physics, Chemistry, Mathematics Modules and Questions Booklet with Solutions Combo Set of 16 Books (2026 Edition) .",,2026-08-14 02:15:00,Krishna09,GP_B2B,1,,PW,BKP2601648604,Default Vendor,PRIME260800028510,anil05,Mahato Book Depot,55353,PWH
PWH20395,ERP-B2B-SALE-2026-23659,2026-08-13 16:33:00,2026-08-13 16:47:00,Third Party,BKP2601379004,"PW Lakshya For NEET Class 12 Physics, Chemistry, Botany & Zoology Modules and Questions Booklet with Solutions Combo Set of 15 Books (2026 Edition) .",Size,2026-08-14 02:14:00,Krishna09,GP_B2B,1,,PW,BKP2601379004,Default Vendor,PRIME260800028511,anil05,Mahato Book Depot,55353,PWH
PWH20395,ERP-B2B-SALE-2026-23659,2026-08-13 16:33:00,2026-08-13 16:47:00,Third Party,BKP2603019478,PW CBSE Question & Concept Bank (QCB) Class 10 Science Chapter-wise and Topic-wise Solved Questions By Samridhi Sharma For 2027 Board Exams with 50% Competency Based Question,,2026-08-13 22:01:00,Krishna09,MTR.G2.R11.A08.L4.B1,1,,PW,BKP2603019478,Default Vendor,PRIME260800028517,anil05,Mahato Book Depot,55353,PWH
PWH20395,ERP-B2B-SALE-2026-23659,2026-08-13 16:33:00,2026-08-13 16:47:00,Third Party,BKP2603019479,PW CBSE Question & Concept Bank (QCB) Class 10 Maths (Standard) Chapter-wise and Topic-wise Solved Questions By Ritik Mishra For 2027 Board Exams with 50% Competency Based Question,,2026-08-13 21:31:00,Krishna09,MTR.G3.R12.A06.L2.B1,4,,PW,BKP2603019479,Default Vendor,PRIME260800028547,Tushant,Mahato Book Depot,55353,PWH
PWH20395,ERP-B2B-SALE-2026-23659,2026-08-13 16:33:00,2026-08-13 16:47:00,Third Party,BKP2603019477,PW CBSE Question & Concept Bank (QCB) Class 10 Social Science Chapter-wise and Topic-wise Solved Questions By Siddarth Sharma & Ujjavala Punj For 2027 Board Exams with 50% Competency Based Question,,2026-08-13 23:04:00,Krishna09,MTR.G0.R42.A07.L2.B1,13,,PW,BKP2603019477,Default Vendor,PRIME260800028557,Tushant,Mahato Book Depot,55353,PWH
PWH20395,ERP-B2B-SALE-2026-23659,2026-08-13 16:33:00,2026-08-13 16:47:00,Third Party,BKP2603019477,PW CBSE Question & Concept Bank (QCB) Class 10 Social Science Chapter-wise and Topic-wise Solved Questions By Siddarth Sharma & Ujjavala Punj For 2027 Board Exams with 50% Competency Based Question,,2026-08-13 22:02:00,Krishna09,MTR.G2.R08.A12.L3.B1,2,,PW,BKP2603019477,Default Vendor,PRIME260800028541,anil05,Mahato Book Depot,55353,PWH
PWH20395,ERP-B2B-SALE-2026-23659,2026-08-13 16:33:00,2026-08-13 16:47:00,Third Party,BKP2603741359,PW CBSE Question & Concept Bank (QCB) Class 10 English Language & Literature Chapter-wise and Topic-wise Solved Questions For 2027 Board Exams with 50% Competency Based Question,,2026-08-13 21:58:00,Krishna09,MTR.G2.R13.A10.L1.B2,1,,PW,BKP2603741359,Default Vendor,PRIME260800028553,Tushant,Mahato Book Depot,55353,PWH
PWH20395,ERP-B2B-SALE-2026-23659,2026-08-13 16:33:00,2026-08-13 16:47:00,Third Party,BKP2603019608,"PW CBSE Class 10 PYQs - Past 10 Years Solved Papers For 2027 Board Exams | Delhi & Outside Delhi with Multiple Sets of 2026 | Science, Maths, Social Science, English | NCERT References",,2026-08-13 21:23:00,Krishna09,MTR.G3.R38.A02.L2.B1,8,,PW,BKP2603019608,Default Vendor,PRIME260800028545,Tushant,Mahato Book Depot,55353,PWH
PWH20395,ERP-B2B-SALE-2026-23659,2026-08-13 16:33:00,2026-08-13 16:47:00,Third Party,BKP2603216361,PW CBSE Question & Concept Bank (QCB) Class 10 Basic Maths Chapter-wise and Topic-wise Solved Questions For 2027 Board Exams with 50% Competency Based Question,,2026-08-13 21:48:00,Krishna09,MTR.G2.R46.A10.L4.B1,10,,PW,BKP2603216361,Default Vendor,PRIME260800028542,anil05,Mahato Book Depot,55353,PWH
PWH20395,ERP-B2B-SALE-2026-23659,2026-08-13 16:33:00,2026-08-13 16:47:00,Third Party,BKP2603020049,"PW CBSE Class 12 PYQs PCME - Past 10 Years Solved Papers For 2027 Board Exams | Delhi & Outside Delhi Papers Covered | Physics, Chemistry, Maths, English",,2026-08-13 22:52:00,Krishna09,MTR.G1.R11.A10.L4.B2,10,,PW,BKP2603020049,Default Vendor,PRIME260800028571,Tushant,Mahato Book Depot,55353,PWH
PWH20395,ERP-B2B-SALE-2026-23659,2026-08-13 16:33:00,2026-08-13 16:47:00,Third Party,BKP2603020048,"PW CBSE Class 12 PYQs PCBE - Past 10 Years Solved Papers For 2027 Board Exams | Delhi & Outside Delhi Papers Covered | Physics, Chemistry, Biology, English",,2026-08-13 22:43:00,Krishna09,MTR.G1.R19.A09.L1.B2,5,,PW,BKP2603020048,Default Vendor,PRIME260800028554,Tushant,Mahato Book Depot,55353,PWH
PWH20395,ERP-B2B-SALE-2026-23659,2026-08-13 16:33:00,2026-08-13 16:47:00,Third Party,BKP2604020480,PW JEE Main 8 Years (2019 - 2026) PYQs Chemistry Chapterwise and Topicwise | All 162 Sets Previous Years Solved Papers For JEE Main 2027 Exams | Concentrate on Relevance,,2026-08-14 01:47:00,Krishna09,SPR.R5.A10.L6.B2,14,,PW,BKP2604020480,Default Vendor,PRIME260800028500,anil05,Mahato Book Depot,55353,PWH
PWH20395,ERP-B2B-SALE-2026-23659,2026-08-13 16:33:00,2026-08-13 16:47:00,Third Party,BKP2604020480,PW JEE Main 8 Years (2019 - 2026) PYQs Chemistry Chapterwise and Topicwise | All 162 Sets Previous Years Solved Papers For JEE Main 2027 Exams | Concentrate on Relevance,,2026-08-13 22:47:00,Krishna09,MTR.G1.R12.A05.L4.B1,1,,PW,BKP2604020480,Default Vendor,PRIME260800028554,Tushant,Mahato Book Depot,55353,PWH
PWH20395,ERP-B2B-SALE-2026-23659,2026-08-13 16:33:00,2026-08-13 16:47:00,Third Party,BKP2604685349,PW CBSE Question & Concept Bank (QCB) Class 10 Hindi-A Chapter-wise and Topic-wise Solved Questions For 2027 Exams with 50% Competency Based Question,,2026-08-13 22:37:00,Krishna09,MTR.G1.R27.A09.L4.B1,15,,PW,BKP2604685349,Default Vendor,PRIME260800028556,Tushant,Mahato Book Depot,55353,PWH
PWH20395,ERP-B2B-SALE-2026-23659,2026-08-13 16:33:00,2026-08-13 16:47:00,Third Party,BKP2604020111,PW CBSE Question & Concept Bank (QCB) Class 10 Hindi-B Chapter-wise and Topic-wise Solved Questions For 2027 Exams with 50% Competency Based Question,,2026-08-13 21:32:00,Krishna09,MTR.G3.R13.A08.L1.B1,15,,PW,BKP2604020111,Default Vendor,PRIME260800028550,Tushant,Mahato Book Depot,55353,PWH
PWH20395,ERP-B2B-SALE-2026-23659,2026-08-13 16:33:00,2026-08-13 16:47:00,Third Party,BKP2604020481,PW JEE Main 8 Years (2019 - 2026) PYQs Physics Chapterwise and Topicwise | All 162 Sets Previous Years Solved Papers For JEE Main 2027 Exams | Concentrate on Relevance,,2026-08-14 00:59:00,Krishna09,SPR.R28.A6.L3.B2,14,,PW,BKP2604020481,Default Vendor,PRIME260800028582,Tushant,Mahato Book Depot,55353,PWH
PWH20395,ERP-B2B-SALE-2026-23659,2026-08-13 16:33:00,2026-08-13 16:47:00,Third Party,BKP2604020481,PW JEE Main 8 Years (2019 - 2026) PYQs Physics Chapterwise and Topicwise | All 162 Sets Previous Years Solved Papers For JEE Main 2027 Exams | Concentrate on Relevance,,2026-08-13 22:46:00,Krishna09,MTR.G1.R16.A05.L3.B1,1,,PW,BKP2604020481,Default Vendor,PRIME260800028563,Tushant,Mahato Book Depot,55353,PWH
PWH20395,ERP-B2B-SALE-2026-23659,2026-08-13 16:33:00,2026-08-13 16:47:00,Third Party,BKP2602019099,PW CBSE Question & Concept Bank (QCB) Class 12 English Core Chapter-wise and Topic-wise Solved Questions By Anurag Sir For 2027 Board Exams with 50% Competency Based Question,,2026-08-13 21:34:00,Krishna09,MTR.G3.R07.A03.L4.B1,10,,PW,BKP2602019099,Default Vendor,PRIME260800028549,Tushant,Mahato Book Depot,55353,PWH
PWH20395,ERP-B2B-SALE-2026-23659,2026-08-13 16:33:00,2026-08-13 16:47:00,Third Party,BKP2602019098,PW CBSE Question & Concept Bank (QCB) Class 12 Biology Chapter-wise and Topic-wise Solved Questions By Samridhi Mam & Aarushi Mam For 2027 Board Exams with 50% Competency Based Question,,2026-08-13 21:33:00,Krishna09,MTR.G3.R11.A06.L4.B2,8,,PW,BKP2602019098,Default Vendor,PRIME260800028546,Tushant,Mahato Book Depot,55353,PWH
PWH20395,ERP-B2B-SALE-2026-23659,2026-08-13 16:33:00,2026-08-13 16:47:00,Third Party,BKP2602975509,PW CBSE Question & Concept Bank (QCB) Class 12 Mathematics Chapter-wise and Topic-wise Solved Questions By Deepak Sir For 2027 Board Exams with 50% Competency Based Question,,2026-08-13 21:35:00,Krishna09,MTR.G3.R02.A01.L4.B2,10,,PW,BKP2602975509,Default Vendor,PRIME260800028547,Tushant,Mahato Book Depot,55353,PWH
PWH20395,ERP-B2B-SALE-2026-23659,2026-08-13 16:33:00,2026-08-13 16:47:00,Third Party,BKP2604020482,PW JEE Main 8 Years (2019 - 2026) PYQs Mathematics Chapterwise and Topicwise | All 162 Sets Previous Years Solved Papers For JEE Main 2027 Exams | Concentrate on Relevance,,2026-08-14 02:34:00,Krishna09,SPR.R8.A11.L2.B1,12,,PW,BKP2604020482,Default Vendor,PRIME260800028101,anil05,Mahato Book Depot,55353,PWH
PWH20395,ERP-B2B-SALE-2026-23659,2026-08-13 16:33:00,2026-08-13 16:47:00,Third Party,BKP2604020482,PW JEE Main 8 Years (2019 - 2026) PYQs Mathematics Chapterwise and Topicwise | All 162 Sets Previous Years Solved Papers For JEE Main 2027 Exams | Concentrate on Relevance,,2026-08-13 22:29:00,Krishna09,MTR.G1.R39.A11.L3.B1,3,,PW,BKP2604020482,Default Vendor,PRIME260800028555,Tushant,Mahato Book Depot,55353,PWH
PWH20395,ERP-B2B-SALE-2026-23659,2026-08-13 16:33:00,2026-08-13 16:47:00,Third Party,BKP2602019097,PW CBSE Question & Concept Bank (QCB) Class 12 Chemistry Chapter-wise and Topic-wise Solved Questions By Shourya Mam & Aakash Sir For 2027 Board Exams with 50% Competency Based Question,,2026-08-14 00:48:00,Krishna09,MTR.G0.R08.A01.L3.B2,10,,PW,BKP2602019097,Default Vendor,PRIME260800028574,Tushant,Mahato Book Depot,55353,PWH
PWH20395,ERP-B2B-SALE-2026-23659,2026-08-13 16:33:00,2026-08-13 16:47:00,Third Party,BKP2604191936,PW NEET PYQ 39 Years Biology For 2027 Exam | PYQ Deja Vu | Additional PYQs from Re-NEET and Other States | Chapterwise and Topicwise Solutions (2026-1988) with Highlighted Must Revise Questions,,2026-08-14 01:49:00,Krishna09,SPR.R8.A4.L2.B1,8,,PW,BKP2604191936,Default Vendor,PRIME260800028095,anil05,Mahato Book Depot,55353,PWH
PWH20395,ERP-B2B-SALE-2026-23659,2026-08-13 16:33:00,2026-08-13 16:47:00,Third Party,BKP2604191936,PW NEET PYQ 39 Years Biology For 2027 Exam | PYQ Deja Vu | Additional PYQs from Re-NEET and Other States | Chapterwise and Topicwise Solutions (2026-1988) with Highlighted Must Revise Questions,,2026-08-13 21:56:00,Krishna09,MTR.G2.R17.A05.L4.B1,1,,PW,BKP2604191936,Default Vendor,PRIME260800028555,Tushant,Mahato Book Depot,55353,PWH
PWH20395,ERP-B2B-SALE-2026-23659,2026-08-13 16:33:00,2026-08-13 16:47:00,Third Party,BKP2604020970,PW NEET PYQ 39 Years Physics For 2027 Exam | PYQ Deja Vu | Additional PYQs from Re-NEET and Other States | Chapterwise and Topicwise Solutions (2026-1988) with Highlighted Must Revise Questions,,2026-08-13 21:38:00,Krishna09,MTR.G3.R02.A06.L4.B2,2,,PW,BKP2604020970,Default Vendor,PRIME260800028550,Tushant,Mahato Book Depot,55353,PWH
PWH20395,ERP-B2B-SALE-2026-23659,2026-08-13 16:33:00,2026-08-13 16:47:00,Third Party,BKP2604020971,PW NEET PYQ 39 Years Chemistry For 2027 Exam | PYQ Deja Vu | Additional PYQs from Re-NEET and Other States | Chapterwise and Topicwise Solutions (2026-1988) with Highlighted Must Revise Questions,,2026-08-13 21:40:00,Krishna09,MTR.G3.R01.A07.L3.B1,10,,PW,BKP2604020971,Default Vendor,PRIME260800028549,Tushant,Mahato Book Depot,55353,PWH
PWH20395,ERP-B2B-SALE-2026-23659,2026-08-13 16:33:00,2026-08-13 16:47:00,Third Party,BKP2604331325,SKC Physics Crush Class 12 Handwritten Format Notes By Saleem Sir For JEE and NEET Exams (Hinglish Edition) | From Basic to JEE Advanced via JEE/ NEET,,2026-08-14 02:39:00,Krishna09,SPR.R17.A2.L3.B1,20,,PW,BKP2604331325,Default Vendor,PRIME260800028102,anil05,Mahato Book Depot,55353,PWH
PWH20395,ERP-B2B-SALE-2026-23659,2026-08-13 16:33:00,2026-08-13 16:47:00,Third Party,BKP2604331325,SKC Physics Crush Class 12 Handwritten Format Notes By Saleem Sir For JEE and NEET Exams (Hinglish Edition) | From Basic to JEE Advanced via JEE/ NEET,,2026-08-14 02:39:00,Krishna09,SPR.R17.A2.L3.B1,20,,PW,BKP2604331325,Default Vendor,PRIME260800028100,anil05,Mahato Book Depot,55353,PWH
PWH20395,ERP-B2B-SALE-2026-23659,2026-08-13 16:33:00,2026-08-13 16:47:00,Third Party,BKP2604020695,SKC Physics Crush Class 11 Handwritten Format Notes By Saleem Sir For JEE and NEET Exams (Hinglish Edition) | Most Important PYQs | From Basic to JEE Advanced via JEE/ NEET,,2026-08-14 02:50:00,Krishna09,SPR.R10.A14.L5.B1,18,,PW,BKP2604020695,Default Vendor,PRIME260800028492,anil05,Mahato Book Depot,55353,PWH
PWH20395,ERP-B2B-SALE-2026-23659,2026-08-13 16:33:00,2026-08-13 16:47:00,Third Party,BKP2604020695,SKC Physics Crush Class 11 Handwritten Format Notes By Saleem Sir For JEE and NEET Exams (Hinglish Edition) | Most Important PYQs | From Basic to JEE Advanced via JEE/ NEET,,2026-08-14 02:00:00,Krishna09,SPR.R10.A14.L5.B1,18,,PW,BKP2604020695,Default Vendor,PRIME260800028493,anil05,Mahato Book Depot,55353,PWH
PWH20395,ERP-B2B-SALE-2026-23659,2026-08-13 16:33:00,2026-08-13 16:47:00,Third Party,BKP2604020695,SKC Physics Crush Class 11 Handwritten Format Notes By Saleem Sir For JEE and NEET Exams (Hinglish Edition) | Most Important PYQs | From Basic to JEE Advanced via JEE/ NEET,,2026-08-13 22:27:00,Krishna09,MTR.G1.R42.A03.L4.B1,4,,PW,BKP2604020695,Default Vendor,PRIME260800028553,Tushant,Mahato Book Depot,55353,PWH
PWH20395,ERP-B2B-SALE-2026-23659,2026-08-13 16:33:00,2026-08-13 16:47:00,Third Party,BKP2602019096,PW CBSE Question & Concept Bank (QCB) Class 12 Physics Chapter-wise and Topic-wise Solved Questions By Rakshak Sir For 2027 Board Exams with 50% Competency Based Question,,2026-08-13 22:39:00,Krishna09,MTR.G1.R21.A07.L1.B1,6,,PW,BKP2602019096,Default Vendor,PRIME260800028548,Tushant,Mahato Book Depot,55353,PWH
PWH20395,ERP-B2B-SALE-2026-23659,2026-08-13 16:33:00,2026-08-13 16:47:00,Third Party,BKP2605021566,"PW NEET PYQ 14 Years (2026-2013) Chapterwise & Topicwise Solved Papers | Additional PYQs of Re-NEET of 2026 & 2024, 2023 Manipur & More | Past Year Questions with Detailed Solutions",,2026-08-13 22:41:00,Krishna09,MTR.G1.R20.A09.L4.B2,10,,PW,BKP2605021566,Default Vendor,PRIME260800028550,Tushant,Mahato Book Depot,55353,PWH
PWH20395,ERP-B2B-SALE-2026-23659,2026-08-13 16:33:00,2026-08-13 16:47:00,Third Party,BKP2605021521,PW All In One RRB Technician Grade 3 Book for 2026-27 Exam | Chapterwise Theory & Exercise | 4000+ Practice Questions | 10 Past Year Questions (PYQs) | 15 CBT Tests | English Edition,,2026-08-13 22:04:00,Krishna09,MTR.G2.R07.A10.L4.B1,3,,PW,BKP2605021521,Default Vendor,PRIME260800028559,Tushant,Mahato Book Depot,55353,PWH
PWH20395,ERP-B2B-SALE-2026-23659,2026-08-13 16:33:00,2026-08-13 16:47:00,Third Party,BKP2605021588,PW 49 Years JEE Advanced Chemistry PYQ Book Chapterwise & Topicwise Solved Papers (1978-2026) | PYQ with Detailed Solutions | Previous Year Questions for IIT JEE Advanced Exam,,2026-08-13 21:21:00,Krishna09,MTR.G3.R46.A07.L3.B1,10,,PW,BKP2605021588,Default Vendor,PRIME260800028551,Tushant,Mahato Book Depot,55353,PWH
PWH20395,ERP-B2B-SALE-2026-23659,2026-08-13 16:33:00,2026-08-13 16:47:00,Third Party,BKP2605021587,PW 49 Years JEE Advanced Physics PYQ Book Chapterwise & Topicwise Solved Papers (1978-2026) | PYQ with Detailed Solutions | Previous Year Questions for IIT JEE Advanced Exam,,2026-08-13 22:45:00,Krishna09,MTR.G1.R18.A04.L4.B1,10,,PW,BKP2605021587,Default Vendor,PRIME260800028554,Tushant,Mahato Book Depot,55353,PWH
PWH20395,ERP-B2B-SALE-2026-23659,2026-08-13 16:33:00,2026-08-13 16:47:00,Third Party,BKP2605021586,PW 49 Years JEE Advanced PYQ Book Maths Chapterwise & Topicwise Solved Papers (1978-2026) | PYQ with Detailed Solutions | Previous Year Questions for IIT JEE Advanced Exam,,2026-08-13 23:12:00,Krishna09,MTR.G0.R29.A05.L2.B2,9,,PW,BKP2605021586,Default Vendor,PRIME260800028563,Tushant,Mahato Book Depot,55353,PWH
PWH20395,ERP-B2B-SALE-2026-23659,2026-08-13 16:33:00,2026-08-13 16:47:00,Third Party,BKP2503006895,Absolute JEE Advanced Physics 2500+ Questions with Formula Sheet Latest Solved Paper and 3 Mock Tests | Covering All JEE Advanced Question Typology,,2026-08-14 01:38:00,Krishna09,SPR.R5.A12.L1.B1,5,,PW,BKP2503006895,Default Vendor,PRIME260800028512,anil05,Mahato Book Depot,55353,PWH
PWH20395,ERP-B2B-SALE-2026-23659,2026-08-13 16:33:00,2026-08-13 16:47:00,Third Party,BKP2503007056,Absolute JEE Advanced Chemistry 2500+ Questions with Formula Sheet Latest Solved Paper and 3 Mock Tests | Covering All JEE Advanced Question Typology,,2026-08-13 23:21:00,Krishna09,MTR.G0.R15.A07.L1.B1,5,,PW,BKP2503007056,Default Vendor,PRIME260800028573,Tushant,Mahato Book Depot,55353,PWH
PWH20395,ERP-B2B-SALE-2026-23659,2026-08-13 16:33:00,2026-08-13 16:47:00,Third Party,BKP2503007062,Absolute JEE Advanced Mathematics 2500+ Questions with Formula Sheet Latest Solved Paper and 3 Mock Tests | Covering All JEE Advanced Question Typology,,2026-08-13 23:19:00,Krishna09,MTR.G0.R20.A04.L1.B1,5,,PW,BKP2503007062,Default Vendor,PRIME260800028575,Tushant,Mahato Book Depot,55353,PWH
PWH20395,ERP-B2B-SALE-2026-23659,2026-08-13 16:33:00,2026-08-13 16:47:00,Third Party,BKP2605021581,PW Objective NCERT Punch 5.0 Biology For NEET 2027 By Dr. Vipin Kumar Sharma l Updated with Most Probable NEET Potential Questions (NPQ) For End Time Preparation,,2026-08-14 01:24:00,Krishna09,SPR.R2.A1.L3.B2,8,,PW,BKP2605021581,Default Vendor,PRIME260800028501,anil05,Mahato Book Depot,55353,PWH
PWH20395,ERP-B2B-SALE-2026-23659,2026-08-13 16:33:00,2026-08-13 16:47:00,Third Party,BKP2605021581,PW Objective NCERT Punch 5.0 Biology For NEET 2027 By Dr. Vipin Kumar Sharma l Updated with Most Probable NEET Potential Questions (NPQ) For End Time Preparation,,2026-08-14 01:23:00,Krishna09,SPR.R2.A1.L3.B2,8,,PW,BKP2605021581,Default Vendor,PRIME260800028503,anil05,Mahato Book Depot,55353,PWH
PWH20395,ERP-B2B-SALE-2026-23659,2026-08-13 16:33:00,2026-08-13 16:47:00,Third Party,BKP2605021581,PW Objective NCERT Punch 5.0 Biology For NEET 2027 By Dr. Vipin Kumar Sharma l Updated with Most Probable NEET Potential Questions (NPQ) For End Time Preparation,,2026-08-13 22:06:00,Krishna09,MTR.G2.R02.A04.L1.B1,4,,PW,BKP2605021581,Default Vendor,PRIME260800028558,Tushant,Mahato Book Depot,55353,PWH
PWH20395,ERP-B2B-SALE-2026-23659,2026-08-13 16:33:00,2026-08-13 16:47:00,Third Party,BKP2605021580,PW Objective NCERT Punch 5.0 Physics For NEET 2027 By Dr. Manish Raj (MR Sir) l Updated with Most Probable NEET Potential Questions (NPQ) For End Time Preparation,,2026-08-14 02:10:00,Krishna09,SPR.R25.A11.L0.B2,10,,PW,BKP2605021580,Default Vendor,PRIME260800028491,anil05,Mahato Book Depot,55353,PWH
PWH20395,ERP-B2B-SALE-2026-23659,2026-08-13 16:33:00,2026-08-13 16:47:00,Third Party,BKP2605021580,PW Objective NCERT Punch 5.0 Physics For NEET 2027 By Dr. Manish Raj (MR Sir) l Updated with Most Probable NEET Potential Questions (NPQ) For End Time Preparation,,2026-08-14 02:10:00,Krishna09,SPR.R25.A11.L0.B2,10,,PW,BKP2605021580,Default Vendor,PRIME260800028495,anil05,Mahato Book Depot,55353,PWH
PWH20395,ERP-B2B-SALE-2026-23659,2026-08-13 16:33:00,2026-08-13 16:47:00,Third Party,BKP2605021582,PW Objective NCERT Punch 5.0 Chemistry For NEET 2027 By Pankaj Sijairya l Updated with Most Probable NEET Potential Questions (NPQ) For End Time Preparation,,2026-08-14 01:56:00,Krishna09,SPR.R9.A12.L4.B1,12,,PW,BKP2605021582,Default Vendor,PRIME260800028496,anil05,Mahato Book Depot,55353,PWH
PWH20395,ERP-B2B-SALE-2026-23659,2026-08-13 16:33:00,2026-08-13 16:47:00,Third Party,BKP2605021582,PW Objective NCERT Punch 5.0 Chemistry For NEET 2027 By Pankaj Sijairya l Updated with Most Probable NEET Potential Questions (NPQ) For End Time Preparation,,2026-08-13 22:59:00,Krishna09,MTR.G0.R46.A10.L4.B1,1,,PW,BKP2605021582,Default Vendor,PRIME260800028563,Tushant,Mahato Book Depot,55353,PWH
PWH20395,ERP-B2B-SALE-2026-23659,2026-08-13 16:33:00,2026-08-13 16:47:00,Third Party,BKP2606022473,OnlyIAS UPSC Prelims Previous Year Solved Papers (2026–1995) | 32 Years Topicwise GS PYQs with 3400+ MCQs & Detailed Explanations | Civil Services IAS Book English Medium | UPSC Books 2027,,2026-08-13 23:14:00,Krishna09,MTR.G0.R25.A09.L3.B2,2,,PW,BKP2606022473,Default Vendor,PRIME260800028578,Tushant,Mahato Book Depot,55353,PWH
PWH20395,ERP-B2B-SALE-2026-23659,2026-08-13 16:33:00,2026-08-13 16:47:00,Third Party,BKP2602019196,PW CBSE Class 9 English Kaveri New NCERT 2026-27 Question and Concept Bank with NCERT Textbook Solutions and Competency Based Questions,,2026-08-13 22:10:00,Krishna09,MTR.G2.R01.A09.L3.B1,1,,PW,BKP2602019196,Default Vendor,PRIME260800028549,Tushant,Mahato Book Depot,55353,PWH
PWH20395,ERP-B2B-SALE-2026-23659,2026-08-13 16:33:00,2026-08-13 16:47:00,Third Party,BKP2602019199,PW CBSE Class 9 Science Exploration New NCERT 2026-27 Question and Concept Bank with NCERT Textbook Solutions and Competency Based Questions By Akshya Tyagi Sir,,2026-08-13 21:27:00,Krishna09,MTR.G3.R26.A08.L1.B1,5,,PW,BKP2602019199,Default Vendor,PRIME260800028545,Tushant,Mahato Book Depot,55353,PWH
PWH20395,ERP-B2B-SALE-2026-23659,2026-08-13 16:33:00,2026-08-13 16:47:00,Third Party,BKP2605021564,"NEET 14 Years PYQs (2026-2013) Chapterwise & Topicwise Solved Papers Hindi Edition | Additional PYQs of Re-NEET of 2026 & 2024, 2023 Manipur & More | Past Year Questions with Detailed Solutions",,2026-08-13 21:30:00,Krishna09,MTR.G3.R17.A02.L4.B2,10,,PW,BKP2605021564,Default Vendor,PRIME260800028546,Tushant,Mahato Book Depot,55353,PWH
PWH20395,ERP-B2B-SALE-2026-23659,2026-08-13 16:33:00,2026-08-13 16:47:00,Third Party,BKP2605021522,All In One RRB Technician Grade 3 Exam 2026-27 Hindi Edition | Chapterwise Theory & Exercise | 4000+ Practice Questions | 10 Past Year Questions (PYQs) | 15 CBT Tests,,2026-08-14 01:53:00,Krishna09,SPR.R9.A2.L3.B2,10,,PW,BKP2605021522,Default Vendor,PRIME260800028510,anil05,Mahato Book Depot,55353,PWH
PWH20395,ERP-B2B-SALE-2026-23659,2026-08-13 16:33:00,2026-08-13 16:47:00,Third Party,BKP2605761717,"PW Physics Handbook For 2026-27 Exams | Highly Useful For NEET, JEE, CBSE Class 11-12 & Other Competitive Exams | Quick Revision Book | Important NCERT Lines",,2026-08-14 02:42:00,Krishna09,SPR.R16.A10.L3.B2,15,,PW,BKP2605761717,Default Vendor,PRIME260800028096,anil05,Mahato Book Depot,55353,PWH
PWH20395,ERP-B2B-SALE-2026-23659,2026-08-13 16:33:00,2026-08-13 16:47:00,Third Party,BKP2605022298,"PW Chemistry Handbook For 2026-27 Exams | Highly Useful For NEET, JEE, CBSE Class 11-12 & Other Competitive Exams | Quick Revision Book | Important NCERT Lines",,2026-08-13 21:56:00,Krishna09,MTR.G2.R17.A04.L2.B2,13,,PW,BKP2605022298,Default Vendor,PRIME260800028556,Tushant,Mahato Book Depot,55353,PWH
PWH20395,ERP-B2B-SALE-2026-23659,2026-08-13 16:33:00,2026-08-13 16:47:00,Third Party,BKP2605022299,"PW Maths Handbook For 2026-27 Exams | Highly Useful For JEE, CBSE Class 11-12 & Other Competitive Exams | Quick Revision Book | Important NCERT Lines",,2026-08-13 21:39:00,Krishna09,MTR.G3.R02.A12.L3.B1,15,,PW,BKP2605022299,Default Vendor,PRIME260800028555,Tushant,Mahato Book Depot,55353,PWH
PWH20395,ERP-B2B-SALE-2026-23659,2026-08-13 16:33:00,2026-08-13 16:47:00,Third Party,BKP2605022308,"PW Biology Handbook For 2026-27 Exams | Highly Useful For NEET, CBSE Class 11-12 & Other Competitive Exams | Quick Revision Book | Important NCERT Lines",,2026-08-13 21:51:00,Krishna09,MTR.G2.R29.A11.L4.B1,6,,PW,BKP2605022308,Default Vendor,PRIME260800028542,anil05,Mahato Book Depot,55353,PWH
PWH20395,ERP-B2B-SALE-2026-23659,2026-08-13 16:33:00,2026-08-13 16:47:00,Third Party,BKP2605021486,"PW CUET PG Hindi Literature PYQ 6 Years and Concept Theory Book (2026-2021) | Ideal for JMI, BHU, DU, & Other Central & Universities",,2026-08-13 23:17:00,Krishna09,MTR.G0.R23.A04.L3.B1,5,,PW,BKP2605021486,Default Vendor,PRIME260800028572,Tushant,Mahato Book Depot,55353,PWH
PWH20395,ERP-B2B-SALE-2026-23659,2026-08-13 16:33:00,2026-08-13 16:47:00,Third Party,BKP2605021493,"PW CUET PG Commerce PYQ 6 Years and Concept Theory Book (2026-2021) | Ideal for JMI, BHU, DU, & Other Central & Universities",,2026-08-13 23:10:00,Krishna09,MTR.G0.R28.A09.L4.B1,5,,PW,BKP2605021493,Default Vendor,PRIME260800028572,Tushant,Mahato Book Depot,55353,PWH
PWH20395,ERP-B2B-SALE-2026-23659,2026-08-13 16:33:00,2026-08-13 16:47:00,Third Party,BKP2606076375,PW JEE Advanced 49 Years (2026-1978) with JEE Main 162 Sets Chemistry PYQs (2026-2019) | Chapterwise and Topicwise Solved Papers For JEE Main & Advanced 2027 Exams,,2026-08-14 02:51:00,Krishna09,SPR.R25.A14.L2.B1,10,,PW,BKP2606076375,Default Vendor,PRIME260800028099,anil05,Mahato Book Depot,55353,PWH
PWH20395,ERP-B2B-SALE-2026-23659,2026-08-13 16:33:00,2026-08-13 16:47:00,Third Party,BKP2606076375,PW JEE Advanced 49 Years (2026-1978) with JEE Main 162 Sets Chemistry PYQs (2026-2019) | Chapterwise and Topicwise Solved Papers For JEE Main & Advanced 2027 Exams,,2026-08-13 22:08:00,Krishna09,MTR.G2.R01.A12.L1.B1,5,,PW,BKP2606076375,Default Vendor,PRIME260800028559,Tushant,Mahato Book Depot,55353,PWH
PWH20395,ERP-B2B-SALE-2026-23659,2026-08-13 16:33:00,2026-08-13 16:47:00,Third Party,BKP2606022749,JEE Advanced 49 Years (2026-1978) with JEE Main 162 Sets Maths PYQs (2026-2019) | Chapterwise and Topicwise Solved Papers For JEE Main & Advanced 2027 Exams,,2026-08-13 22:03:00,Krishna09,MTR.G2.R07.A05.L4.B2,5,,PW,BKP2606022749,Default Vendor,PRIME260800028515,anil05,Mahato Book Depot,55353,PWH
PWH20395,ERP-B2B-SALE-2026-23659,2026-08-13 16:33:00,2026-08-13 16:47:00,Third Party,BKP2606022750,PW JEE Advanced 49 Years (2026-1978) with JEE Main 162 Sets Physics PYQs (2026-2019) | Chapterwise and Topicwise Solved Papers For JEE Main & Advanced 2027 Exams,,2026-08-14 01:33:00,Krishna09,SPR.R3.A3.L2.B1,10,,PW,BKP2606022750,Default Vendor,PRIME260800028497,anil05,Mahato Book Depot,55353,PWH
PWH20395,ERP-B2B-SALE-2026-23659,2026-08-13 16:33:00,2026-08-13 16:47:00,Third Party,BKP2606022750,PW JEE Advanced 49 Years (2026-1978) with JEE Main 162 Sets Physics PYQs (2026-2019) | Chapterwise and Topicwise Solved Papers For JEE Main & Advanced 2027 Exams,,2026-08-14 00:55:00,Krishna09,MTR.G0.R04.A08.L1.B2,2,,PW,BKP2606022750,Default Vendor,PRIME260800028563,Tushant,Mahato Book Depot,55353,PWH
PWH20395,ERP-B2B-SALE-2026-23659,2026-08-13 16:33:00,2026-08-13 16:47:00,Third Party,BKP2606022750,PW JEE Advanced 49 Years (2026-1978) with JEE Main 162 Sets Physics PYQs (2026-2019) | Chapterwise and Topicwise Solved Papers For JEE Main & Advanced 2027 Exams,,2026-08-13 21:36:00,Krishna09,MTR.G3.R02.A06.L3.B2,3,,PW,BKP2606022750,Default Vendor,PRIME260800028543,Tushant,Mahato Book Depot,55353,PWH
PWH20395,ERP-B2B-SALE-2026-23659,2026-08-13 16:33:00,2026-08-13 16:47:00,Third Party,BKP2606844887,"PW New NCERT Class 9 Maths Ganita Manjari Part 1 Textbook Solutions with Mind Maps 2026-27 | Revision Book, Solved NCERT Intext Solutions and End Exercises",,2026-08-14 01:17:00,Krishna09,SPR.R3.A12.L1.B2,5,,PW,BKP2606844887,Default Vendor,PRIME260800028513,anil05,Mahato Book Depot,55353,PWH
PWH20395,ERP-B2B-SALE-2026-23659,2026-08-13 16:33:00,2026-08-13 16:47:00,Third Party,BKP2606022950,"PW New NCERT Class 9 English Kaveri Textbook Solutions with Mind Maps 2026-27 | Revision Book, Solved NCERT Intext Solutions and End Exercises",,2026-08-14 01:21:00,Krishna09,SPR.R2.A9.L2.B1,5,,PW,BKP2606022950,Default Vendor,PRIME260800028513,anil05,Mahato Book Depot,55353,PWH
PWH20395,ERP-B2B-SALE-2026-23659,2026-08-13 16:33:00,2026-08-13 16:47:00,Third Party,BKP2606023189,"PW Maths Made EJEE Class 12 Handwritten Notes By Sachin Jakhar For JEE Main & Advanced Exams | Complete Theory, PYQ with Detailed Solutions",,2026-08-14 04:36:00,Krishna09,SPR.R1.A13.L2.B2,7,,PW,BKP2606023189,Default Vendor,PRIME260800028513,anil05,Mahato Book Depot,55353,PWH
PWH20395,ERP-B2B-SALE-2026-23659,2026-08-13 16:33:00,2026-08-13 16:47:00,Third Party,BKP2606741703,CBSE Class 10 Competency Based Question Bank Mathematics By Ritik Sir For 2027 Board Exams | 400+ Real-life Application based Questions | Higher Order Thinking MCQs & Case-Based Ques,,2026-08-14 03:00:00,Krishna09,SPR.R27.A5.L5.B2,2,,PW,BKP2606741703,Default Vendor,PRIME260800028096,anil05,Mahato Book Depot,55353,PWH
PWH20395,ERP-B2B-SALE-2026-23659,2026-08-13 16:33:00,2026-08-13 16:47:00,Third Party,BKP2606741703,CBSE Class 10 Competency Based Question Bank Mathematics By Ritik Sir For 2027 Board Exams | 400+ Real-life Application based Questions | Higher Order Thinking MCQs & Case-Based Ques,,2026-08-13 22:06:00,Krishna09,MTR.G2.R05.A10.L4.B2,8,,PW,BKP2606741703,Default Vendor,PRIME260800028559,Tushant,Mahato Book Depot,55353,PWH
PWH20395,ERP-B2B-SALE-2026-23659,2026-08-13 16:33:00,2026-08-13 16:47:00,Third Party,BKP2606531186,"PW Concept & Question Bank Class 8 New NCERT English (Poorvi) for 2026 Exams| NCERT Exercises with Detailed Solutions | Literature & Language (Reading, Writing & Grammar) Practice Questions",,2026-08-13 23:04:00,Krishna09,MTR.G0.R43.A05.L3.B2,5,,PW,BKP2606531186,Default Vendor,PRIME260800028573,Tushant,Mahato Book Depot,55353,PWH
PWH20395,ERP-B2B-SALE-2026-23659,2026-08-13 16:33:00,2026-08-13 16:47:00,Third Party,BKP2606023804,"PW Concept & Question Bank Class 8 New NCERT Science (Curiosity) Book for 2026 Exams| NCERT Based Theory, Diagrams & Activities| NCERT Question Bank with Competency Based Practice Questions",,2026-08-13 22:29:00,Krishna09,MTR.G1.R36.A05.L4.B1,5,,PW,BKP2606023804,Default Vendor,PRIME260800028549,Tushant,Mahato Book Depot,55353,PWH
PWH20395,ERP-B2B-SALE-2026-23659,2026-08-13 16:33:00,2026-08-13 16:47:00,Third Party,BKP2606023805,PW Concept & Question Bank Class 8 New NCERT Mathematics (Ganita Prakash I & II) Book for 2026 Exams| NCERT Based Theory & Questions with Solutions | Chapter-wise Practice Questions,,2026-08-13 23:17:00,Krishna09,MTR.G0.R23.A06.L4.B1,5,,PW,BKP2606023805,Default Vendor,PRIME260800028578,Tushant,Mahato Book Depot,55353,PWH
PWH20395,ERP-B2B-SALE-2026-23659,2026-08-13 16:33:00,2026-08-13 16:47:00,Third Party,BKP2606023806,"PW Concept & Question Bank Class 8 New NCERT Social Science (Exploring Society: India & Beyond) Part 1 For 2026 Exams | NCERT Based Theory, Diagrams & Activities with Competency Based Question Bank",,2026-08-13 22:07:00,Krishna09,MTR.G2.R03.A12.L4.B2,2,,PW,BKP2606023806,Default Vendor,PRIME260800028547,Tushant,Mahato Book Depot,55353,PWH
PWH20395,ERP-B2B-SALE-2026-23659,2026-08-13 16:33:00,2026-08-13 16:47:00,Third Party,BKP2605022122,"PW Informative Atlas Book - India & World | Physical, Political, Regional, Thematic Maps For School, UPSC, State PSC & Other Competitive Exams English Edition",,2026-08-14 00:53:00,Krishna09,MTR.G0.R03.A06.L3.B1,15,,PW,BKP2605022122,Default Vendor,PRIME260800028579,Tushant,Mahato Book Depot,55353,PWH
PWH20395,ERP-B2B-SALE-2026-23659,2026-08-13 16:33:00,2026-08-13 16:47:00,Third Party,BKP2606022473,OnlyIAS UPSC Prelims Previous Year Solved Papers (2026–1995) | 32 Years Topicwise GS PYQs with 3400+ MCQs & Detailed Explanations | Civil Services IAS Book English Medium | UPSC Books 2027,,2026-08-13 23:14:00,Krishna09,MTR.G0.R25.A09.L3.B2,8,,PW,BKP2606022473,Default Vendor,PRIME260800028581,Tushant,Mahato Book Depot,55353,PWH
PWH20395,ERP-B2B-SALE-2026-23659,2026-08-13 16:33:00,2026-08-13 16:47:00,Third Party,BKP2309007187,"Physics Med Easy 2.0 Notes | Notes, Formulas, Mnemonics, Tips & Tricks for NEET/JEE & Board Exams | Dr. Manish Raj (MR Sir) Physics Handwritten Notes",,2026-08-14 00:42:00,Krishna09,MTR.G0.R10.A05.L1.B2,8,,PW,BKP2309007187,Default Vendor,PRIME260800028581,Tushant,Mahato Book Depot,55353,PWH
PWH20395,ERP-B2B-SALE-2026-23659,2026-08-13 16:33:00,2026-08-13 16:47:00,Third Party,BKP2309007187,"Physics Med Easy 2.0 Notes | Notes, Formulas, Mnemonics, Tips & Tricks for NEET/JEE & Board Exams | Dr. Manish Raj (MR Sir) Physics Handwritten Notes",,2026-08-14 00:42:00,Krishna09,MTR.G0.R10.A05.L1.B2,24,,PW,BKP2309007187,Default Vendor,PRIME260800028580,Tushant,Mahato Book Depot,55353,PWH
PWH20395,ERP-B2B-SALE-2026-23659,2026-08-13 16:33:00,2026-08-13 16:47:00,Third Party,BKP2602263203,"Med Easy Physics Class 11 Handwritten Notes By MR Sir | Helpful For NEET, JEE and Board Exams | Detailed Notes For Basic to Advanced Preparations",,2026-08-13 23:16:00,Krishna09,MTR.G0.R24.A02.L4.B2,1,,PW,BKP2602263203,Default Vendor,PRIME260800028580,Tushant,Mahato Book Depot,55353,PWH
PWH20395,ERP-B2B-SALE-2026-23659,2026-08-13 16:33:00,2026-08-13 16:47:00,Third Party,BKP2309007187,"Physics Med Easy 2.0 Notes | Notes, Formulas, Mnemonics, Tips & Tricks for NEET/JEE & Board Exams | Dr. Manish Raj (MR Sir) Physics Handwritten Notes",,2026-08-14 00:42:00,Krishna09,MTR.G0.R10.A05.L1.B2,3,,PW,BKP2309007187,Default Vendor,PRIME260800028577,Tushant,Mahato Book Depot,55353,PWH
PWH20395,ERP-B2B-SALE-2026-23659,2026-08-13 16:33:00,2026-08-13 16:47:00,Third Party,BKP2508007218,NEET Easy Handwritten Notes Inorganic Chemistry For NEET & JEE Main By Om Pandey | Chapterwise and Topicwise Questions | Backlog Killer Notes with Handpicked PYQs [paperback] Om Pandey,,2026-08-13 23:07:00,Krishna09,MTR.G0.R32.A11.L2.B2,22,,PW,BKP2508007218,Default Vendor,PRIME260800028576,Tushant,Mahato Book Depot,55353,PWH
PWH20395,ERP-B2B-SALE-2026-23659,2026-08-13 16:33:00,2026-08-13 16:47:00,Third Party,BKP2605021582,PW Objective NCERT Punch 5.0 Chemistry For NEET 2027 By Pankaj Sijairya l Updated with Most Probable NEET Potential Questions (NPQ) For End Time Preparation,,2026-08-13 22:59:00,Krishna09,MTR.G0.R46.A10.L4.B1,7,,PW,BKP2605021582,Default Vendor,PRIME260800028564,Tushant,Mahato Book Depot,55353,PWH
PWH20395,ERP-B2B-SALE-2026-23659,2026-08-13 16:33:00,2026-08-13 16:47:00,Third Party,BKP2605021586,PW 49 Years JEE Advanced PYQ Book Maths Chapterwise & Topicwise Solved Papers (1978-2026) | PYQ with Detailed Solutions | Previous Year Questions for IIT JEE Advanced Exam,,2026-08-13 23:12:00,Krishna09,MTR.G0.R29.A05.L2.B2,1,,PW,BKP2605021586,Default Vendor,PRIME260800028564,Tushant,Mahato Book Depot,55353,PWH
PWH20395,ERP-B2B-SALE-2026-23659,2026-08-13 16:33:00,2026-08-13 16:47:00,Third Party,BKP2509007224,EaJEE Handwritten Notes For Mathematics Class 11 JEE Main & Advanced By Tarun Khandelwal (T.K. Sir) | Chapterwise and Topicwise Questions | Handpicked PYQs,,2026-08-13 22:33:00,Krishna09,MTR.G1.R34.A11.L1.B1,18,,PW,BKP2509007224,Default Vendor,PRIME260800028562,Tushant,Mahato Book Depot,55353,PWH
PWH20395,ERP-B2B-SALE-2026-23659,2026-08-13 16:33:00,2026-08-13 16:47:00,Third Party,BKP2509007224,EaJEE Handwritten Notes For Mathematics Class 11 JEE Main & Advanced By Tarun Khandelwal (T.K. Sir) | Chapterwise and Topicwise Questions | Handpicked PYQs,,2026-08-13 22:33:00,Krishna09,MTR.G1.R34.A11.L1.B1,18,,PW,BKP2509007224,Default Vendor,PRIME260800028561,Tushant,Mahato Book Depot,55353,PWH
PWH20395,ERP-B2B-SALE-2026-23659,2026-08-13 16:33:00,2026-08-13 16:47:00,Third Party,BKP2509007224,EaJEE Handwritten Notes For Mathematics Class 11 JEE Main & Advanced By Tarun Khandelwal (T.K. Sir) | Chapterwise and Topicwise Questions | Handpicked PYQs,,2026-08-13 22:35:00,Krishna09,MTR.G1.R26.A12.L3.B1,14,,PW,BKP2509007224,Default Vendor,PRIME260800028560,Tushant,Mahato Book Depot,55353,PWH
PWH20395,ERP-B2B-SALE-2026-23659,2026-08-13 16:33:00,2026-08-13 16:47:00,Third Party,BKP2509007224,EaJEE Handwritten Notes For Mathematics Class 11 JEE Main & Advanced By Tarun Khandelwal (T.K. Sir) | Chapterwise and Topicwise Questions | Handpicked PYQs,,2026-08-13 22:35:00,Krishna09,MTR.G1.R26.A12.L3.B1,4,,PW,BKP2509007224,Default Vendor,PRIME260800028559,Tushant,Mahato Book Depot,55353,PWH
PWH20395,ERP-B2B-SALE-2026-23659,2026-08-13 16:33:00,2026-08-13 16:47:00,Third Party,BKP2603741359,PW CBSE Question & Concept Bank (QCB) Class 10 English Language & Literature Chapter-wise and Topic-wise Solved Questions For 2027 Board Exams with 50% Competency Based Question,,2026-08-13 21:58:00,Krishna09,MTR.G2.R13.A10.L1.B2,14,,PW,BKP2603741359,Default Vendor,PRIME260800028558,Tushant,Mahato Book Depot,55353,PWH
PWH20395,ERP-B2B-SALE-2026-23659,2026-08-13 16:33:00,2026-08-13 16:47:00,Third Party,BKP2605022298,"PW Chemistry Handbook For 2026-27 Exams | Highly Useful For NEET, JEE, CBSE Class 11-12 & Other Competitive Exams | Quick Revision Book | Important NCERT Lines",,2026-08-13 21:56:00,Krishna09,MTR.G2.R17.A04.L2.B2,2,,PW,BKP2605022298,Default Vendor,PRIME260800028557,Tushant,Mahato Book Depot,55353,PWH
PWH20395,ERP-B2B-SALE-2026-23659,2026-08-13 16:33:00,2026-08-13 16:47:00,Third Party,BKP2606023806,"PW Concept & Question Bank Class 8 New NCERT Social Science (Exploring Society: India & Beyond) Part 1 For 2026 Exams | NCERT Based Theory, Diagrams & Activities with Competency Based Question Bank",,2026-08-13 22:07:00,Krishna09,MTR.G2.R03.A12.L4.B2,3,,PW,BKP2606023806,Default Vendor,PRIME260800028556,Tushant,Mahato Book Depot,55353,PWH
PWH20395,ERP-B2B-SALE-2026-23659,2026-08-13 16:33:00,2026-08-13 16:47:00,Third Party,BKP2512379553,SKC Physics Crush Class 11 (English Edition) Handwritten Format Notes By Saleem Sir For JEE and NEET Exams | From Basic to JEE Advanced via JEE/ NEET,,2026-08-14 01:37:00,Krishna09,SPR.R6.A1.L2.B2,2,,PW,BKP2512379553,Default Vendor,PRIME260800028553,Tushant,Mahato Book Depot,55353,PWH
PWH20395,ERP-B2B-SALE-2026-23659,2026-08-13 16:33:00,2026-08-13 16:47:00,Third Party,BKP2604020971,PW NEET PYQ 39 Years Chemistry For 2027 Exam | PYQ Deja Vu | Additional PYQs from Re-NEET and Other States | Chapterwise and Topicwise Solutions (2026-1988) with Highlighted Must Revise Questions,,2026-08-13 21:40:00,Krishna09,MTR.G3.R01.A07.L3.B1,10,,PW,BKP2604020971,Default Vendor,PRIME260800028553,Tushant,Mahato Book Depot,55353,PWH
PWH20395,ERP-B2B-SALE-2026-23659,2026-08-13 16:33:00,2026-08-13 16:47:00,Third Party,BKP2602019196,PW CBSE Class 9 English Kaveri New NCERT 2026-27 Question and Concept Bank with NCERT Textbook Solutions and Competency Based Questions,,2026-08-13 22:10:00,Krishna09,MTR.G2.R01.A09.L3.B1,4,,PW,BKP2602019196,Default Vendor,PRIME260800028553,Tushant,Mahato Book Depot,55353,PWH
PWH20395,ERP-B2B-SALE-2026-23659,2026-08-13 16:33:00,2026-08-13 16:47:00,Third Party,BKP2602019096,PW CBSE Question & Concept Bank (QCB) Class 12 Physics Chapter-wise and Topic-wise Solved Questions By Rakshak Sir For 2027 Board Exams with 50% Competency Based Question,,2026-08-13 22:39:00,Krishna09,MTR.G1.R21.A07.L1.B1,2,,PW,BKP2602019096,Default Vendor,PRIME260800028553,Tushant,Mahato Book Depot,55353,PWH
PWH20395,ERP-B2B-SALE-2026-23659,2026-08-13 16:33:00,2026-08-13 16:47:00,Third Party,BKP2603019608,"PW CBSE Class 10 PYQs - Past 10 Years Solved Papers For 2027 Board Exams | Delhi & Outside Delhi with Multiple Sets of 2026 | Science, Maths, Social Science, English | NCERT References",,2026-08-13 21:23:00,Krishna09,MTR.G3.R38.A02.L2.B1,12,,PW,BKP2603019608,Default Vendor,PRIME260800028552,Tushant,Mahato Book Depot,55353,PWH
PWH20395,ERP-B2B-SALE-2026-23659,2026-08-13 16:33:00,2026-08-13 16:47:00,Third Party,BKP2604020970,PW NEET PYQ 39 Years Physics For 2027 Exam | PYQ Deja Vu | Additional PYQs from Re-NEET and Other States | Chapterwise and Topicwise Solutions (2026-1988) with Highlighted Must Revise Questions,,2026-08-13 21:38:00,Krishna09,MTR.G3.R02.A06.L4.B2,18,,PW,BKP2604020970,Default Vendor,PRIME260800028551,Tushant,Mahato Book Depot,55353,PWH
PWH20395,ERP-B2B-SALE-2026-23659,2026-08-13 16:33:00,2026-08-13 16:47:00,Third Party,BKP2602019096,PW CBSE Question & Concept Bank (QCB) Class 12 Physics Chapter-wise and Topic-wise Solved Questions By Rakshak Sir For 2027 Board Exams with 50% Competency Based Question,,2026-08-13 22:39:00,Krishna09,MTR.G1.R21.A07.L1.B1,2,,PW,BKP2602019096,Default Vendor,PRIME260800028549,Tushant,Mahato Book Depot,55353,PWH
PWH20395,ERP-B2B-SALE-2026-23659,2026-08-13 16:33:00,2026-08-13 16:47:00,Third Party,BKP2603019479,PW CBSE Question & Concept Bank (QCB) Class 10 Maths (Standard) Chapter-wise and Topic-wise Solved Questions By Ritik Mishra For 2027 Board Exams with 50% Competency Based Question,,2026-08-13 21:31:00,Krishna09,MTR.G3.R12.A06.L2.B1,11,,PW,BKP2603019479,Default Vendor,PRIME260800028548,Tushant,Mahato Book Depot,55353,PWH
PWH20395,ERP-B2B-SALE-2026-23659,2026-08-13 16:33:00,2026-08-13 16:47:00,Third Party,BKP2602019098,PW CBSE Question & Concept Bank (QCB) Class 12 Biology Chapter-wise and Topic-wise Solved Questions By Samridhi Mam & Aarushi Mam For 2027 Board Exams with 50% Competency Based Question,,2026-08-13 21:33:00,Krishna09,MTR.G3.R11.A06.L4.B2,2,,PW,BKP2602019098,Default Vendor,PRIME260800028547,Tushant,Mahato Book Depot,55353,PWH
PWH20395,ERP-B2B-SALE-2026-23659,2026-08-13 16:33:00,2026-08-13 16:47:00,Third Party,BKP2503007163,"Chemistry Med Easy | Notes, Formulas, Tips & Tricks for NEET/JEE & Board Exams | Pankaj Sir Chemistry Handwritten Notes",,2026-08-13 21:28:00,Krishna09,MTR.G3.R26.A10.L3.B2,5,,PW,BKP2503007163,Default Vendor,PRIME260800028545,Tushant,Mahato Book Depot,55353,PWH
PWH20395,ERP-B2B-SALE-2026-23659,2026-08-13 16:33:00,2026-08-13 16:47:00,Third Party,BKP2507007026,EaJEE Handwritten Notes For Organic Chemistry By Rohit Sir & SKC Sir For JEE Main & Advanced | Chapterwise and Topicwise Notes | Handpicked Practice Questions & PYQs,,2026-08-13 21:54:00,Krishna09,MTR.G2.R26.A02.L4.B1,15,,PW,BKP2507007026,Default Vendor,PRIME260800028540,Tushant,Mahato Book Depot,55353,PWH
PWH20395,ERP-B2B-SALE-2026-23659,2026-08-13 16:33:00,2026-08-13 16:47:00,Third Party,BKP2507007026,EaJEE Handwritten Notes For Organic Chemistry By Rohit Sir & SKC Sir For JEE Main & Advanced | Chapterwise and Topicwise Notes | Handpicked Practice Questions & PYQs,,2026-08-13 21:54:00,Krishna09,MTR.G2.R26.A02.L4.B1,18,,PW,BKP2507007026,Default Vendor,PRIME260800028544,Tushant,Mahato Book Depot,55353,PWH
PWH20395,ERP-B2B-SALE-2026-23659,2026-08-13 16:33:00,2026-08-13 16:47:00,Third Party,BKP2605022308,"PW Biology Handbook For 2026-27 Exams | Highly Useful For NEET, CBSE Class 11-12 & Other Competitive Exams | Quick Revision Book | Important NCERT Lines",,2026-08-13 21:51:00,Krishna09,MTR.G2.R29.A11.L4.B1,9,,PW,BKP2605022308,Default Vendor,PRIME260800028543,Tushant,Mahato Book Depot,55353,PWH
PWH20395,ERP-B2B-SALE-2026-23659,2026-08-13 16:33:00,2026-08-13 16:47:00,Third Party,BKP2606022749,JEE Advanced 49 Years (2026-1978) with JEE Main 162 Sets Maths PYQs (2026-2019) | Chapterwise and Topicwise Solved Papers For JEE Main & Advanced 2027 Exams,,2026-08-13 22:03:00,Krishna09,MTR.G2.R07.A05.L4.B2,2,,PW,BKP2606022749,Default Vendor,PRIME260800028542,anil05,Mahato Book Depot,55353,PWH
PWH20395,ERP-B2B-SALE-2026-23659,2026-08-13 16:33:00,2026-08-13 16:47:00,Third Party,BKP2603019478,PW CBSE Question & Concept Bank (QCB) Class 10 Science Chapter-wise and Topic-wise Solved Questions By Samridhi Sharma For 2027 Board Exams with 50% Competency Based Question,,2026-08-13 22:01:00,Krishna09,MTR.G2.R11.A08.L4.B1,14,,PW,BKP2603019478,Default Vendor,PRIME260800028541,anil05,Mahato Book Depot,55353,PWH
PWH20395,ERP-B2B-SALE-2026-23659,2026-08-13 16:33:00,2026-08-13 16:47:00,Third Party,BKP2606022749,JEE Advanced 49 Years (2026-1978) with JEE Main 162 Sets Maths PYQs (2026-2019) | Chapterwise and Topicwise Solved Papers For JEE Main & Advanced 2027 Exams,,2026-08-13 22:03:00,Krishna09,MTR.G2.R07.A05.L4.B2,8,,PW,BKP2606022749,Default Vendor,PRIME260800028517,anil05,Mahato Book Depot,55353,PWH
PWH20395,ERP-B2B-SALE-2026-23659,2026-08-13 16:33:00,2026-08-13 16:47:00,Third Party,BKP2606023189,"PW Maths Made EJEE Class 12 Handwritten Notes By Sachin Jakhar For JEE Main & Advanced Exams | Complete Theory, PYQ with Detailed Solutions",,2026-08-14 04:36:00,Krishna09,SPR.R1.A13.L2.B2,7,,PW,BKP2606023189,Default Vendor,PRIME260800028515,anil05,Mahato Book Depot,55353,PWH
PWH20395,ERP-B2B-SALE-2026-23659,2026-08-13 16:33:00,2026-08-13 16:47:00,Third Party,BKP2606023189,"PW Maths Made EJEE Class 12 Handwritten Notes By Sachin Jakhar For JEE Main & Advanced Exams | Complete Theory, PYQ with Detailed Solutions",,2026-08-14 04:36:00,Krishna09,SPR.R1.A13.L2.B2,16,,PW,BKP2606023189,Default Vendor,PRIME260800028514,anil05,Mahato Book Depot,55353,PWH
PWH20395,ERP-B2B-SALE-2026-23659,2026-08-13 16:33:00,2026-08-13 16:47:00,Third Party,BKP2601333876,"PW Arjuna For JEE Main & Advanced Class 11 Physics, Chemistry, Mathematics Modules and Question Booklet with Solutions Combo Set of 16 Books (2026 Edition).",Size,2026-08-14 02:15:00,Krishna09,GP_B2B,1,,PW,BKP2601333876,Default Vendor,PRIME260800028513,anil05,Mahato Book Depot,55353,PWH
PWH20395,ERP-B2B-SALE-2026-23659,2026-08-13 16:33:00,2026-08-13 16:47:00,Third Party,BKP2601379004,"PW Lakshya For NEET Class 12 Physics, Chemistry, Botany & Zoology Modules and Questions Booklet with Solutions Combo Set of 15 Books (2026 Edition) .",Size,2026-08-14 02:14:00,Krishna09,GP_B2B,1,,PW,BKP2601379004,Default Vendor,PRIME260800028512,anil05,Mahato Book Depot,55353,PWH
PWH20395,ERP-B2B-SALE-2026-23659,2026-08-13 16:33:00,2026-08-13 16:47:00,Third Party,BKP2601648604,"PW Lakshya For JEE Main & Advanced Class 12 Physics, Chemistry, Mathematics Modules and Questions Booklet with Solutions Combo Set of 16 Books (2026 Edition) .",,2026-08-14 02:15:00,Krishna09,GP_B2B,1,,PW,BKP2601648604,Default Vendor,PRIME260800028511,anil05,Mahato Book Depot,55353,PWH
PWH20395,ERP-B2B-SALE-2026-23659,2026-08-13 16:33:00,2026-08-13 16:47:00,Third Party,BKP2503009023,"Class 12 Board The Catalyst For Biology with Most Relevant Practice Questions Booklet By Samapti Mam & Yashika Mam For 2026 Exam | Handwritten Notes | Detailed Theory, PYQs",,2026-08-14 01:29:00,Krishna09,SPR.R6.A3.L0.B2,8,,PW,BKP2503009023,Default Vendor,PRIME260800028511,anil05,Mahato Book Depot,55353,PWH
PWH20395,ERP-B2B-SALE-2026-23659,2026-08-13 16:33:00,2026-08-13 16:47:00,Third Party,BKP2604191936,PW NEET PYQ 39 Years Biology For 2027 Exam | PYQ Deja Vu | Additional PYQs from Re-NEET and Other States | Chapterwise and Topicwise Solutions (2026-1988) with Highlighted Must Revise Questions,,2026-08-14 01:49:00,Krishna09,SPR.R8.A4.L2.B1,11,,PW,BKP2604191936,Default Vendor,PRIME260800028096,anil05,Mahato Book Depot,55353,PWH
PWH20396,ERP-B2B-SALE-2026-23660,2026-08-13 16:33:00,2026-08-13 16:47:00,Third Party,BKP2606362495,33 SSC MTS Multi Tasking (Non-Technical) Staff and Havaldar Previous Solved Papers (2026 -2017) English Edition Refurbish,,2026-08-13 18:08:00,Sumit01,SPR.R4.A7.L1.B3,5,,PW,BKP2606362495,Default Vendor,PRIME260800027568,Tushant,A.K. Mishra Agencies Pvt Ltd,55350,PWH
PWH20397,ERP-B2B-SALE-2026-23661,2026-08-13 16:33:00,2026-08-13 16:47:00,Third Party,BKP2606362495,33 SSC MTS Multi Tasking (Non-Technical) Staff and Havaldar Previous Solved Papers (2026 -2017) English Edition Refurbish,,2026-08-13 18:18:00,Sumit01,SPR.R4.A7.L1.B3,10,,PW,BKP2606362495,Default Vendor,PRIME260800027569,Tushant,A.K. Mishra Agencies Pvt Ltd,55351,PWH
PWH20398,ERP-B2B-SALE-2026-23662,2026-08-13 16:33:00,2026-08-13 16:47:00,Third Party,BKP2606362495,33 SSC MTS Multi Tasking (Non-Technical) Staff and Havaldar Previous Solved Papers (2026 -2017) English Edition Refurbish,,2026-08-13 20:49:00,vikasob,SPR.R4.A7.L1.B3,3,,PW,BKP2606362495,Default Vendor,PRIME260800027473,Tushant,Bijay Pustak Bhandar Private Limited,55347,PWH
PWH20398,ERP-B2B-SALE-2026-23662,2026-08-13 16:33:00,2026-08-13 16:47:00,Third Party,BKP2606362495,33 SSC MTS Multi Tasking (Non-Technical) Staff and Havaldar Previous Solved Papers (2026 -2017) English Edition Refurbish,,2026-08-13 20:52:00,vikasob,SPR.R4.A7.L1.B3,17,,PW,BKP2606362495,Default Vendor,PRIME260800027473,Tushant,Bijay Pustak Bhandar Private Limited,55347,PWH
PWH20399,ERP-B2B-SALE-2026-23640,2026-08-13 16:32:00,2026-08-13 16:47:00,Third Party,BKP2406007181,"CBSE Class 10 Competency Based Question Bank For Board Exam l Science, Mathematics, Social Science | 1500+ Real Life Applications Based Questions| Aligned with Latest CBSE SQP 2024-25",,2026-08-14 02:22:00,mohit5,MTR.G0.R47.A07.L2.B2,5,,PW,BKP2406007181,Default Vendor,PRIME260800027444,Sachin,Agarwal Book House,55348,PWH
PWH20399,ERP-B2B-SALE-2026-23640,2026-08-13 16:32:00,2026-08-13 16:47:00,Third Party,BKP2602019196,PW CBSE Class 9 English Kaveri New NCERT 2026-27 Question and Concept Bank with NCERT Textbook Solutions and Competency Based Questions,,2026-08-14 02:07:00,mohit5,MTR.G2.R01.A09.L3.B1,7,,PW,BKP2602019196,Default Vendor,PRIME260800027444,Sachin,Agarwal Book House,55348,PWH
PWH20399,ERP-B2B-SALE-2026-23640,2026-08-13 16:32:00,2026-08-13 16:47:00,Third Party,BKP2602019199,PW CBSE Class 9 Science Exploration New NCERT 2026-27 Question and Concept Bank with NCERT Textbook Solutions and Competency Based Questions By Akshya Tyagi Sir,,2026-08-14 01:45:00,mohit5,MTR.G3.R26.A08.L1.B1,15,,PW,BKP2602019199,Default Vendor,PRIME260800027443,Sachin,Agarwal Book House,55348,PWH
PWH20399,ERP-B2B-SALE-2026-23640,2026-08-13 16:32:00,2026-08-13 16:47:00,Third Party,BKP2606741703,CBSE Class 10 Competency Based Question Bank Mathematics By Ritik Sir For 2027 Board Exams | 400+ Real-life Application based Questions | Higher Order Thinking MCQs & Case-Based Ques,,2026-08-14 02:03:00,mohit5,MTR.G2.R05.A10.L4.B2,5,,PW,BKP2606741703,Default Vendor,PRIME260800027446,Sachin,Agarwal Book House,55348,PWH
PWH20399,ERP-B2B-SALE-2026-23640,2026-08-13 16:32:00,2026-08-13 16:47:00,Third Party,BKP2606531186,"PW Concept & Question Bank Class 8 New NCERT English (Poorvi) for 2026 Exams| NCERT Exercises with Detailed Solutions | Literature & Language (Reading, Writing & Grammar) Practice Questions",,2026-08-14 02:21:00,mohit5,MTR.G0.R43.A05.L3.B2,8,,PW,BKP2606531186,Default Vendor,PRIME260800027443,Sachin,Agarwal Book House,55348,PWH
PWH20399,ERP-B2B-SALE-2026-23640,2026-08-13 16:32:00,2026-08-13 16:47:00,Third Party,BKP2606023804,"PW Concept & Question Bank Class 8 New NCERT Science (Curiosity) Book for 2026 Exams| NCERT Based Theory, Diagrams & Activities| NCERT Question Bank with Competency Based Practice Questions",,2026-08-14 02:13:00,mohit5,MTR.G1.R36.A05.L4.B1,15,,PW,BKP2606023804,Default Vendor,PRIME260800027445,Sachin,Agarwal Book House,55348,PWH
PWH20399,ERP-B2B-SALE-2026-23640,2026-08-13 16:32:00,2026-08-13 16:47:00,Third Party,BKP2606023805,PW Concept & Question Bank Class 8 New NCERT Mathematics (Ganita Prakash I & II) Book for 2026 Exams| NCERT Based Theory & Questions with Solutions | Chapter-wise Practice Questions,,2026-08-14 02:18:00,mohit5,MTR.G0.R23.A06.L4.B1,3,,PW,BKP2606023805,Default Vendor,PRIME260800027445,Sachin,Agarwal Book House,55348,PWH
PWH20399,ERP-B2B-SALE-2026-23640,2026-08-13 16:32:00,2026-08-13 16:47:00,Third Party,BKP2606023806,"PW Concept & Question Bank Class 8 New NCERT Social Science (Exploring Society: India & Beyond) Part 1 For 2026 Exams | NCERT Based Theory, Diagrams & Activities with Competency Based Question Bank",,2026-08-14 02:00:00,mohit5,MTR.G2.R03.A12.L4.B2,15,,PW,BKP2606023806,Default Vendor,PRIME260800027446,Sachin,Agarwal Book House,55348,PWH
PWH20399,ERP-B2B-SALE-2026-23640,2026-08-13 16:32:00,2026-08-13 16:47:00,Third Party,BKP2606023805,PW Concept & Question Bank Class 8 New NCERT Mathematics (Ganita Prakash I & II) Book for 2026 Exams| NCERT Based Theory & Questions with Solutions | Chapter-wise Practice Questions,,2026-08-14 02:18:00,mohit5,MTR.G0.R23.A06.L4.B1,12,,PW,BKP2606023805,Default Vendor,PRIME260800027446,Sachin,Agarwal Book House,55348,PWH
PWH20399,ERP-B2B-SALE-2026-23640,2026-08-13 16:32:00,2026-08-13 16:47:00,Third Party,BKP2602019196,PW CBSE Class 9 English Kaveri New NCERT 2026-27 Question and Concept Bank with NCERT Textbook Solutions and Competency Based Questions,,2026-08-14 02:07:00,mohit5,MTR.G2.R01.A09.L3.B1,8,,PW,BKP2602019196,Default Vendor,PRIME260800027445,Sachin,Agarwal Book House,55348,PWH
PWH20399,ERP-B2B-SALE-2026-23640,2026-08-13 16:32:00,2026-08-13 16:47:00,Third Party,BKP2606531186,"PW Concept & Question Bank Class 8 New NCERT English (Poorvi) for 2026 Exams| NCERT Exercises with Detailed Solutions | Literature & Language (Reading, Writing & Grammar) Practice Questions",,2026-08-14 02:21:00,mohit5,MTR.G0.R43.A05.L3.B2,7,,PW,BKP2606531186,Default Vendor,PRIME260800027444,Sachin,Agarwal Book House,55348,PWH
PWH20400,ERP-B2B-SALE-2026-23611,2026-08-13 15:45:00,2026-08-13 16:47:00,FOC,BKP2603019478,PW CBSE Question & Concept Bank (QCB) Class 10 Science Chapter-wise and Topic-wise Solved Questions By Samridhi Sharma For 2027 Board Exams with 50% Competency Based Question,,2026-08-13 18:00:00,Manoj001,MTR.G2.R11.A08.L4.B1,5,,PW,BKP2603019478,Default Vendor,PRIME260800024554,deepanshu2,Rajat Bageshwar,55343,PWH
PWH20400,ERP-B2B-SALE-2026-23611,2026-08-13 15:45:00,2026-08-13 16:47:00,FOC,BKP2603019479,PW CBSE Question & Concept Bank (QCB) Class 10 Maths (Standard) Chapter-wise and Topic-wise Solved Questions By Ritik Mishra For 2027 Board Exams with 50% Competency Based Question,,2026-08-13 17:48:00,Manoj001,MTR.G3.R12.A06.L2.B1,5,,PW,BKP2603019479,Default Vendor,PRIME260800024554,deepanshu2,Rajat Bageshwar,55343,PWH
PWH20400,ERP-B2B-SALE-2026-23611,2026-08-13 15:45:00,2026-08-13 16:47:00,FOC,BKP2603019477,PW CBSE Question & Concept Bank (QCB) Class 10 Social Science Chapter-wise and Topic-wise Solved Questions By Siddarth Sharma & Ujjavala Punj For 2027 Board Exams with 50% Competency Based Question,,2026-08-13 17:59:00,Manoj001,MTR.G2.R08.A12.L3.B1,5,,PW,BKP2603019477,Default Vendor,PRIME260800024554,deepanshu2,Rajat Bageshwar,55343,PWH
PWH20400,ERP-B2B-SALE-2026-23611,2026-08-13 15:45:00,2026-08-13 16:47:00,FOC,BKP2603741359,PW CBSE Question & Concept Bank (QCB) Class 10 English Language & Literature Chapter-wise and Topic-wise Solved Questions For 2027 Board Exams with 50% Competency Based Question,,2026-08-13 18:01:00,Manoj001,MTR.G2.R13.A10.L1.B2,5,,PW,BKP2603741359,Default Vendor,PRIME260800024554,deepanshu2,Rajat Bageshwar,55343,PWH
PWH20400,ERP-B2B-SALE-2026-23611,2026-08-13 15:45:00,2026-08-13 16:47:00,FOC,BKP2603216361,PW CBSE Question & Concept Bank (QCB) Class 10 Basic Maths Chapter-wise and Topic-wise Solved Questions For 2027 Board Exams with 50% Competency Based Question,,2026-08-13 18:02:00,Manoj001,MTR.G2.R46.A10.L4.B1,5,,PW,BKP2603216361,Default Vendor,PRIME260800024554,deepanshu2,Rajat Bageshwar,55343,PWH
PWH20400,ERP-B2B-SALE-2026-23611,2026-08-13 15:45:00,2026-08-13 16:47:00,FOC,BKP2602019096,PW CBSE Question & Concept Bank (QCB) Class 12 Physics Chapter-wise and Topic-wise Solved Questions By Rakshak Sir For 2027 Board Exams with 50% Competency Based Question,,2026-08-13 18:10:00,Manoj001,MTR.G1.R21.A07.L1.B1,5,,PW,BKP2602019096,Default Vendor,PRIME260800024554,deepanshu2,Rajat Bageshwar,55343,PWH
PWH20400,ERP-B2B-SALE-2026-23611,2026-08-13 15:45:00,2026-08-13 16:47:00,FOC,BKP2604685349,PW CBSE Question & Concept Bank (QCB) Class 10 Hindi-A Chapter-wise and Topic-wise Solved Questions For 2027 Exams with 50% Competency Based Question,,2026-08-13 18:07:00,Manoj001,MTR.G1.R27.A09.L4.B1,10,,PW,BKP2604685349,Default Vendor,PRIME260800024554,deepanshu2,Rajat Bageshwar,55343,PWH
PWH20400,ERP-B2B-SALE-2026-23611,2026-08-13 15:45:00,2026-08-13 16:47:00,FOC,BKP2604020111,PW CBSE Question & Concept Bank (QCB) Class 10 Hindi-B Chapter-wise and Topic-wise Solved Questions For 2027 Exams with 50% Competency Based Question,,2026-08-13 17:48:00,Manoj001,MTR.G3.R13.A08.L2.B1,2,,PW,BKP2604020111,Default Vendor,PRIME260800024554,deepanshu2,Rajat Bageshwar,55343,PWH
PWH20400,ERP-B2B-SALE-2026-23611,2026-08-13 15:45:00,2026-08-13 16:47:00,FOC,BKP2602019099,PW CBSE Question & Concept Bank (QCB) Class 12 English Core Chapter-wise and Topic-wise Solved Questions By Anurag Sir For 2027 Board Exams with 50% Competency Based Question,,2026-08-13 17:50:00,Manoj001,MTR.G3.R07.A03.L4.B1,5,,PW,BKP2602019099,Default Vendor,PRIME260800024554,deepanshu2,Rajat Bageshwar,55343,PWH
PWH20400,ERP-B2B-SALE-2026-23611,2026-08-13 15:45:00,2026-08-13 16:47:00,FOC,BKP2602019098,PW CBSE Question & Concept Bank (QCB) Class 12 Biology Chapter-wise and Topic-wise Solved Questions By Samridhi Mam & Aarushi Mam For 2027 Board Exams with 50% Competency Based Question,,2026-08-13 17:49:00,Manoj001,MTR.G3.R11.A06.L4.B2,5,,PW,BKP2602019098,Default Vendor,PRIME260800024554,deepanshu2,Rajat Bageshwar,55343,PWH
PWH20400,ERP-B2B-SALE-2026-23611,2026-08-13 15:45:00,2026-08-13 16:47:00,FOC,BKP2602975509,PW CBSE Question & Concept Bank (QCB) Class 12 Mathematics Chapter-wise and Topic-wise Solved Questions By Deepak Sir For 2027 Board Exams with 50% Competency Based Question,,2026-08-13 17:51:00,Manoj001,MTR.G3.R02.A01.L4.B2,5,,PW,BKP2602975509,Default Vendor,PRIME260800024554,deepanshu2,Rajat Bageshwar,55343,PWH
PWH20400,ERP-B2B-SALE-2026-23611,2026-08-13 15:45:00,2026-08-13 16:47:00,FOC,BKP2602019097,PW CBSE Question & Concept Bank (QCB) Class 12 Chemistry Chapter-wise and Topic-wise Solved Questions By Shourya Mam & Aakash Sir For 2027 Board Exams with 50% Competency Based Question,,2026-08-13 18:17:00,Manoj001,MTR.G0.R08.A01.L3.B2,5,,PW,BKP2602019097,Default Vendor,PRIME260800024554,deepanshu2,Rajat Bageshwar,55343,PWH
PWH20400,ERP-B2B-SALE-2026-23611,2026-08-13 15:45:00,2026-08-13 16:47:00,FOC,BKP2603020049,"PW CBSE Class 12 PYQs PCME - Past 10 Years Solved Papers For 2027 Board Exams | Delhi & Outside Delhi Papers Covered | Physics, Chemistry, Maths, English",,2026-08-13 18:13:00,Manoj001,MTR.G1.R11.A10.L4.B2,3,,PW,BKP2603020049,Default Vendor,PRIME260800024554,deepanshu2,Rajat Bageshwar,55343,PWH
PWH20400,ERP-B2B-SALE-2026-23611,2026-08-13 15:45:00,2026-08-13 16:47:00,FOC,BKP2603020048,"PW CBSE Class 12 PYQs PCBE - Past 10 Years Solved Papers For 2027 Board Exams | Delhi & Outside Delhi Papers Covered | Physics, Chemistry, Biology, English",,2026-08-13 18:11:00,Manoj001,MTR.G1.R19.A09.L1.B2,2,,PW,BKP2603020048,Default Vendor,PRIME260800024554,deepanshu2,Rajat Bageshwar,55343,PWH
PWH20400,ERP-B2B-SALE-2026-23611,2026-08-13 15:45:00,2026-08-13 16:47:00,FOC,BKP2603020048,"PW CBSE Class 12 PYQs PCBE - Past 10 Years Solved Papers For 2027 Board Exams | Delhi & Outside Delhi Papers Covered | Physics, Chemistry, Biology, English",,2026-08-13 18:12:00,Manoj001,MTR.G1.R18.A08.L3.B1,3,,PW,BKP2603020048,Default Vendor,PRIME260800024554,deepanshu2,Rajat Bageshwar,55343,PWH
PWH20400,ERP-B2B-SALE-2026-23611,2026-08-13 15:45:00,2026-08-13 16:47:00,FOC,BKP2604020239,Cbse class 10 past 10 year chapterwise pyqs for Maths,,2026-08-13 18:19:00,Manoj001,MTR.G0.R01.A11.L4.B1,10,,PW,BKP2604020239,Default Vendor,PRIME260800024554,deepanshu2,Rajat Bageshwar,55343,PWH
PWH20400,ERP-B2B-SALE-2026-23611,2026-08-13 15:45:00,2026-08-13 16:47:00,FOC,BKP2604020238,"CBSE Class 10 English Language & Literature Chapter-wise, Topic-wise & Typewise 10 Years Solved PYQs (2026-2016) with 3 Multiple Sets of 2026 For 2027 Board Exams | Concept Maps, Competency Tagging",,2026-08-13 18:08:00,Manoj001,MTR.G1.R22.A01.L3.B2,5,,PW,BKP2604020238,Default Vendor,PRIME260800024554,deepanshu2,Rajat Bageshwar,55343,PWH
PWH20400,ERP-B2B-SALE-2026-23611,2026-08-13 15:45:00,2026-08-13 16:47:00,FOC,BKP2604020237,Cbse class 10 past 10 year chapterwise pyqs for Social Science,,2026-08-13 18:16:00,Manoj001,MTR.G0.R20.A12.L1.B1,5,,PW,BKP2604020237,Default Vendor,PRIME260800024554,deepanshu2,Rajat Bageshwar,55343,PWH
PWH20400,ERP-B2B-SALE-2026-23611,2026-08-13 15:45:00,2026-08-13 16:47:00,FOC,BKP2604437976,"PW CBSE Class 10 Science PYQ Chapter-wise, Topic-wise & Typewise 10 Years Solved PYQs (2026-2016) with 5 Multiple Sets of 2026 For 2027 Board Exams | Concept Maps, Competency Tagging, NCERT References",,2026-08-13 17:47:00,Manoj001,MTR.G3.R15.A08.L2.B2,10,,PW,BKP2604437976,Default Vendor,PRIME260800024554,deepanshu2,Rajat Bageshwar,55343,PWH
PWH20401,ERP-B2B-SALE-2026-23663,2026-08-13 16:33:00,2026-08-13 16:52:00,Third Party,BKP2602019098,PW CBSE Question & Concept Bank (QCB) Class 12 Biology Chapter-wise and Topic-wise Solved Questions By Samridhi Mam & Aarushi Mam For 2027 Board Exams with 50% Competency Based Question,,2026-08-13 20:30:00,Krishna09,MTR.G3.R11.A06.L4.B2,12,,PW,BKP2602019098,Default Vendor,PRIME260800027477,Ashu03,Govind Book Agency_TEST PREP,55319,PWH
PWH20401,ERP-B2B-SALE-2026-23663,2026-08-13 16:33:00,2026-08-13 16:52:00,Third Party,BKP2309007187,"Physics Med Easy 2.0 Notes | Notes, Formulas, Mnemonics, Tips & Tricks for NEET/JEE & Board Exams | Dr. Manish Raj (MR Sir) Physics Handwritten Notes",,2026-08-13 20:47:00,Krishna09,MTR.G0.R10.A05.L1.B2,12,,PW,BKP2309007187,Default Vendor,PRIME260800027476,Ashu03,Govind Book Agency_TEST PREP,55319,PWH
PWH20401,ERP-B2B-SALE-2026-23663,2026-08-13 16:33:00,2026-08-13 16:52:00,Third Party,BKP2309007187,"Physics Med Easy 2.0 Notes | Notes, Formulas, Mnemonics, Tips & Tricks for NEET/JEE & Board Exams | Dr. Manish Raj (MR Sir) Physics Handwritten Notes",,2026-08-13 20:53:00,Krishna09,SPR.R26.A6.L1.B4,2,,PW,BKP2309007187,Default Vendor,PRIME260800027474,Ashu03,Govind Book Agency_TEST PREP,55319,PWH
PWH20401,ERP-B2B-SALE-2026-23663,2026-08-13 16:33:00,2026-08-13 16:52:00,Third Party,BKP2602019196,PW CBSE Class 9 English Kaveri New NCERT 2026-27 Question and Concept Bank with NCERT Textbook Solutions and Competency Based Questions,,2026-08-13 21:10:00,Krishna09,SPR.R27.A3.L5.B2,34,,PW,BKP2602019196,Default Vendor,PRIME260700093334,Ashu03,Govind Book Agency_TEST PREP,55319,PWH
PWH20401,ERP-B2B-SALE-2026-23663,2026-08-13 16:33:00,2026-08-13 16:52:00,Third Party,BKP2602019196,PW CBSE Class 9 English Kaveri New NCERT 2026-27 Question and Concept Bank with NCERT Textbook Solutions and Competency Based Questions,,2026-08-13 21:07:00,Krishna09,MTR.G2.R01.A09.L3.B1,16,,PW,BKP2602019196,Default Vendor,PRIME260800027498,Ashu03,Govind Book Agency_TEST PREP,55319,PWH
PWH20401,ERP-B2B-SALE-2026-23663,2026-08-13 16:33:00,2026-08-13 16:52:00,Third Party,BKP2602019199,PW CBSE Class 9 Science Exploration New NCERT 2026-27 Question and Concept Bank with NCERT Textbook Solutions and Competency Based Questions By Akshya Tyagi Sir,,2026-08-13 20:28:00,Krishna09,MTR.G3.R26.A08.L1.B1,22,,PW,BKP2602019199,Default Vendor,PRIME260800027479,Ashu03,Govind Book Agency_TEST PREP,55319,PWH
PWH20401,ERP-B2B-SALE-2026-23663,2026-08-13 16:33:00,2026-08-13 16:52:00,Third Party,BKP2602019199,PW CBSE Class 9 Science Exploration New NCERT 2026-27 Question and Concept Bank with NCERT Textbook Solutions and Competency Based Questions By Akshya Tyagi Sir,,2026-08-13 20:28:00,Krishna09,MTR.G3.R26.A08.L1.B1,28,,PW,BKP2602019199,Default Vendor,PRIME260800027480,Ashu03,Govind Book Agency_TEST PREP,55319,PWH
PWH20401,ERP-B2B-SALE-2026-23663,2026-08-13 16:33:00,2026-08-13 16:52:00,Third Party,BKP2602019098,PW CBSE Question & Concept Bank (QCB) Class 12 Biology Chapter-wise and Topic-wise Solved Questions By Samridhi Mam & Aarushi Mam For 2027 Board Exams with 50% Competency Based Question,,2026-08-13 20:30:00,Krishna09,MTR.G3.R11.A06.L4.B2,18,,PW,BKP2602019098,Default Vendor,PRIME260800027478,Ashu03,Govind Book Agency_TEST PREP,55319,PWH
PWH20401,ERP-B2B-SALE-2026-23663,2026-08-13 16:33:00,2026-08-13 16:52:00,Third Party,BKP2309007187,"Physics Med Easy 2.0 Notes | Notes, Formulas, Mnemonics, Tips & Tricks for NEET/JEE & Board Exams | Dr. Manish Raj (MR Sir) Physics Handwritten Notes",,2026-08-13 20:53:00,Krishna09,SPR.R26.A6.L1.B4,12,,PW,BKP2309007187,Default Vendor,PRIME260800027476,Ashu03,Govind Book Agency_TEST PREP,55319,PWH
PWH20401,ERP-B2B-SALE-2026-23663,2026-08-13 16:33:00,2026-08-13 16:52:00,Third Party,BKP2309007187,"Physics Med Easy 2.0 Notes | Notes, Formulas, Mnemonics, Tips & Tricks for NEET/JEE & Board Exams | Dr. Manish Raj (MR Sir) Physics Handwritten Notes",,2026-08-13 20:53:00,Krishna09,SPR.R26.A6.L1.B4,24,,PW,BKP2309007187,Default Vendor,PRIME260800027475,Ashu03,Govind Book Agency_TEST PREP,55319,PWH
PWH20402,ERP-B2B-SALE-2026-23618,2026-08-13 16:12:00,2026-08-13 17:29:00,Third Party,ATV2509005635,"Curious Jr. Light, Shadow & Optical Instruments Project Kit for Kids Ages 8, 9, 10, 11, 12, 13, 14 Years | STEM Learning & Educational Toy, Kit| Kaleidoscope | Periscope | Pinhole camera",,2026-08-14 10:30:00,SumitPal,MTR.G2.R20.A05.L4.B2,1,,PW,ATV2509005635,Default Vendor,PRIME260800028130,Samir5,Kay Kay Overseas Corporation,55362,PWH
PWH20403,ERP-B2B-SALE-2026-23619,2026-08-13 16:12:00,2026-08-13 17:29:00,Third Party,ATV2603770862,"PW CuriousJr. 2-in-1 Stunt Robots DIY Kit for Kids (8+ Years), Build Skate Rider & Rope Climber Monkey, STEM Science Toy with Motorized Action, Educational Kit, Birthday Gift for Boys & Girls",Size,2026-08-14 10:44:00,SumitPal,CA.MTR.G0.R40,1,,PW,ATV2603770862,Default Vendor,PRIME260800028129,Samir5,Kay Kay Overseas Corporation,55362,PWH
PWH20403,ERP-B2B-SALE-2026-23619,2026-08-13 16:12:00,2026-08-13 17:29:00,Third Party,ATV2509005635,"Curious Jr. Light, Shadow & Optical Instruments Project Kit for Kids Ages 8, 9, 10, 11, 12, 13, 14 Years | STEM Learning & Educational Toy, Kit| Kaleidoscope | Periscope | Pinhole camera",,2026-08-14 10:30:00,SumitPal,MTR.G2.R20.A05.L4.B2,1,,PW,ATV2509005635,Default Vendor,PRIME260800028128,Samir5,Kay Kay Overseas Corporation,55362,PWH
PWH20404,ERP-B2B-SALE-2026-23620,2026-08-13 16:12:00,2026-08-13 17:29:00,Third Party,ATV2601527246,World Map Kit – FG Ready,,2026-08-14 10:35:00,SumitPal,CA.MTR.G0.R47,1,,PW,ATV2601527246,Default Vendor,PRIME260800028127,Samir5,Kay Kay Overseas Corporation,55362,PWH
PWH20404,ERP-B2B-SALE-2026-23620,2026-08-13 16:12:00,2026-08-13 17:29:00,Third Party,ATV2603770862,"PW CuriousJr. 2-in-1 Stunt Robots DIY Kit for Kids (8+ Years), Build Skate Rider & Rope Climber Monkey, STEM Science Toy with Motorized Action, Educational Kit, Birthday Gift for Boys & Girls",Size,2026-08-14 10:44:00,SumitPal,CA.MTR.G0.R40,5,,PW,ATV2603770862,Default Vendor,PRIME260800028126,Samir5,Kay Kay Overseas Corporation,55362,PWH
PWH20404,ERP-B2B-SALE-2026-23620,2026-08-13 16:12:00,2026-08-13 17:29:00,Third Party,ATV2509005635,"Curious Jr. Light, Shadow & Optical Instruments Project Kit for Kids Ages 8, 9, 10, 11, 12, 13, 14 Years | STEM Learning & Educational Toy, Kit| Kaleidoscope | Periscope | Pinhole camera",,2026-08-14 10:30:00,SumitPal,MTR.G2.R20.A05.L4.B2,6,,PW,ATV2509005635,Default Vendor,PRIME260800028125,Samir5,Kay Kay Overseas Corporation,55362,PWH
PWH20405,ERP-B2B-SALE-2026-23621,2026-08-13 16:12:00,2026-08-13 17:29:00,Third Party,ATV2603770862,"PW CuriousJr. 2-in-1 Stunt Robots DIY Kit for Kids (8+ Years), Build Skate Rider & Rope Climber Monkey, STEM Science Toy with Motorized Action, Educational Kit, Birthday Gift for Boys & Girls",Size,2026-08-14 10:40:00,SumitPal,CA.MTR.G0.R41,26,,PW,ATV2603770862,Default Vendor,PRIME260800028124,Samir5,Kay Kay Overseas Corporation,55362,PWH
PWH20405,ERP-B2B-SALE-2026-23621,2026-08-13 16:12:00,2026-08-13 17:29:00,Third Party,ATV2601527246,World Map Kit – FG Ready,,2026-08-14 10:35:00,SumitPal,CA.MTR.G0.R47,5,,PW,ATV2601527246,Default Vendor,PRIME260800028123,Samir5,Kay Kay Overseas Corporation,55362,PWH
PWH20405,ERP-B2B-SALE-2026-23621,2026-08-13 16:12:00,2026-08-13 17:29:00,Third Party,ATV2509005635,"Curious Jr. Light, Shadow & Optical Instruments Project Kit for Kids Ages 8, 9, 10, 11, 12, 13, 14 Years | STEM Learning & Educational Toy, Kit| Kaleidoscope | Periscope | Pinhole camera",,2026-08-14 10:30:00,SumitPal,MTR.G2.R20.A05.L4.B2,5,,PW,ATV2509005635,Default Vendor,PRIME260800028120,Samir5,Kay Kay Overseas Corporation,55362,PWH
PWH20405,ERP-B2B-SALE-2026-23621,2026-08-13 16:12:00,2026-08-13 17:29:00,Third Party,ATV2509005635,"Curious Jr. Light, Shadow & Optical Instruments Project Kit for Kids Ages 8, 9, 10, 11, 12, 13, 14 Years | STEM Learning & Educational Toy, Kit| Kaleidoscope | Periscope | Pinhole camera",,2026-08-14 10:30:00,SumitPal,MTR.G2.R20.A05.L4.B2,16,,PW,ATV2509005635,Default Vendor,PRIME260800028122,Samir5,Kay Kay Overseas Corporation,55362,PWH
PWH20405,ERP-B2B-SALE-2026-23621,2026-08-13 16:12:00,2026-08-13 17:29:00,Third Party,ATV2509005635,"Curious Jr. Light, Shadow & Optical Instruments Project Kit for Kids Ages 8, 9, 10, 11, 12, 13, 14 Years | STEM Learning & Educational Toy, Kit| Kaleidoscope | Periscope | Pinhole camera",,2026-08-14 10:30:00,SumitPal,MTR.G2.R20.A05.L4.B2,16,,PW,ATV2509005635,Default Vendor,PRIME260800028121,Samir5,Kay Kay Overseas Corporation,55362,PWH
PWH20406,ERP-B2B-SALE-2026-23622,2026-08-13 16:12:00,2026-08-13 17:29:00,Third Party,ATV2509005635,"Curious Jr. Light, Shadow & Optical Instruments Project Kit for Kids Ages 8, 9, 10, 11, 12, 13, 14 Years | STEM Learning & Educational Toy, Kit| Kaleidoscope | Periscope | Pinhole camera",,2026-08-14 10:30:00,SumitPal,MTR.G2.R20.A05.L4.B2,2,,PW,ATV2509005635,Default Vendor,PRIME260800028119,Samir5,Kay Kay Overseas Corporation,55362,PWH
PWH20406,ERP-B2B-SALE-2026-23622,2026-08-13 16:12:00,2026-08-13 17:29:00,Third Party,ATV2603770862,"PW CuriousJr. 2-in-1 Stunt Robots DIY Kit for Kids (8+ Years), Build Skate Rider & Rope Climber Monkey, STEM Science Toy with Motorized Action, Educational Kit, Birthday Gift for Boys & Girls",Size,2026-08-14 10:44:00,SumitPal,CA.MTR.G0.R40,3,,PW,ATV2603770862,Default Vendor,PRIME260800028118,Samir5,Kay Kay Overseas Corporation,55362,PWH
PWH20407,ERP-B2B-SALE-2026-23623,2026-08-13 16:12:00,2026-08-13 17:29:00,Third Party,ATV2509005635,"Curious Jr. Light, Shadow & Optical Instruments Project Kit for Kids Ages 8, 9, 10, 11, 12, 13, 14 Years | STEM Learning & Educational Toy, Kit| Kaleidoscope | Periscope | Pinhole camera",,2026-08-14 10:30:00,SumitPal,MTR.G2.R20.A05.L4.B2,2,,PW,ATV2509005635,Default Vendor,PRIME260800028117,Samir5,Kay Kay Overseas Corporation,55362,PWH
PWH20408,ERP-B2B-SALE-2026-23624,2026-08-13 16:12:00,2026-08-13 17:29:00,Third Party,ATV2603770862,"PW CuriousJr. 2-in-1 Stunt Robots DIY Kit for Kids (8+ Years), Build Skate Rider & Rope Climber Monkey, STEM Science Toy with Motorized Action, Educational Kit, Birthday Gift for Boys & Girls",Size,2026-08-14 10:44:00,SumitPal,CA.MTR.G0.R40,2,,PW,ATV2603770862,Default Vendor,PRIME260800028116,Samir5,Kay Kay Overseas Corporation,55362,PWH
PWH20408,ERP-B2B-SALE-2026-23624,2026-08-13 16:12:00,2026-08-13 17:29:00,Third Party,ATV2509005635,"Curious Jr. Light, Shadow & Optical Instruments Project Kit for Kids Ages 8, 9, 10, 11, 12, 13, 14 Years | STEM Learning & Educational Toy, Kit| Kaleidoscope | Periscope | Pinhole camera",,2026-08-14 10:30:00,SumitPal,MTR.G2.R20.A05.L4.B2,2,,PW,ATV2509005635,Default Vendor,PRIME260800028115,Samir5,Kay Kay Overseas Corporation,55362,PWH
PWH20409,ERP-B2B-SALE-2026-23625,2026-08-13 16:12:00,2026-08-13 17:29:00,Third Party,ATV2603770862,"PW CuriousJr. 2-in-1 Stunt Robots DIY Kit for Kids (8+ Years), Build Skate Rider & Rope Climber Monkey, STEM Science Toy with Motorized Action, Educational Kit, Birthday Gift for Boys & Girls",Size,2026-08-14 10:44:00,SumitPal,CA.MTR.G0.R40,7,,PW,ATV2603770862,Default Vendor,PRIME260800028114,Samir5,Kay Kay Overseas Corporation,55362,PWH
PWH20409,ERP-B2B-SALE-2026-23625,2026-08-13 16:12:00,2026-08-13 17:29:00,Third Party,ATV2509005635,"Curious Jr. Light, Shadow & Optical Instruments Project Kit for Kids Ages 8, 9, 10, 11, 12, 13, 14 Years | STEM Learning & Educational Toy, Kit| Kaleidoscope | Periscope | Pinhole camera",,2026-08-14 10:30:00,SumitPal,MTR.G2.R20.A05.L4.B2,9,,PW,ATV2509005635,Default Vendor,PRIME260800028113,Samir5,Kay Kay Overseas Corporation,55362,PWH
PWH20409,ERP-B2B-SALE-2026-23625,2026-08-13 16:12:00,2026-08-13 17:29:00,Third Party,ATV2601527246,World Map Kit – FG Ready,,2026-08-14 10:35:00,SumitPal,CA.MTR.G0.R47,1,,PW,ATV2601527246,Default Vendor,PRIME260800028111,Samir5,Kay Kay Overseas Corporation,55362,PWH
PWH20410,ERP-B2B-SALE-2026-23626,2026-08-13 16:12:00,2026-08-13 17:29:00,Third Party,ATV2603770862,"PW CuriousJr. 2-in-1 Stunt Robots DIY Kit for Kids (8+ Years), Build Skate Rider & Rope Climber Monkey, STEM Science Toy with Motorized Action, Educational Kit, Birthday Gift for Boys & Girls",Size,2026-08-14 10:46:00,SumitPal,CA.MTR.G0.R38,5,,PW,ATV2603770862,Default Vendor,PRIME260800028112,Samir5,Kay Kay Overseas Corporation,55362,PWH
PWH20410,ERP-B2B-SALE-2026-23626,2026-08-13 16:12:00,2026-08-13 17:29:00,Third Party,ATV2509005635,"Curious Jr. Light, Shadow & Optical Instruments Project Kit for Kids Ages 8, 9, 10, 11, 12, 13, 14 Years | STEM Learning & Educational Toy, Kit| Kaleidoscope | Periscope | Pinhole camera",,2026-08-14 10:30:00,SumitPal,MTR.G2.R20.A05.L4.B2,5,,PW,ATV2509005635,Default Vendor,PRIME260800028110,Samir5,Kay Kay Overseas Corporation,55362,PWH
PWH20411,ERP-B2B-SALE-2026-23627,2026-08-13 16:12:00,2026-08-13 17:29:00,Third Party,ATV2601527246,World Map Kit – FG Ready,,2026-08-14 10:35:00,SumitPal,CA.MTR.G0.R47,2,,PW,ATV2601527246,Default Vendor,PRIME260800028109,Samir5,Kay Kay Overseas Corporation,55362,PWH
PWH20411,ERP-B2B-SALE-2026-23627,2026-08-13 16:12:00,2026-08-13 17:29:00,Third Party,ATV2509005635,"Curious Jr. Light, Shadow & Optical Instruments Project Kit for Kids Ages 8, 9, 10, 11, 12, 13, 14 Years | STEM Learning & Educational Toy, Kit| Kaleidoscope | Periscope | Pinhole camera",,2026-08-14 10:30:00,SumitPal,MTR.G2.R20.A05.L4.B2,9,,PW,ATV2509005635,Default Vendor,PRIME260800028108,Samir5,Kay Kay Overseas Corporation,55362,PWH
PWH20411,ERP-B2B-SALE-2026-23627,2026-08-13 16:12:00,2026-08-13 17:29:00,Third Party,ATV2603770862,"PW CuriousJr. 2-in-1 Stunt Robots DIY Kit for Kids (8+ Years), Build Skate Rider & Rope Climber Monkey, STEM Science Toy with Motorized Action, Educational Kit, Birthday Gift for Boys & Girls",Size,2026-08-14 10:44:00,SumitPal,CA.MTR.G0.R40,10,,PW,ATV2603770862,Default Vendor,PRIME260800028107,Samir5,Kay Kay Overseas Corporation,55362,PWH
PWH20416,ERP-B2B-SALE-2026-23409,2026-08-11 00:12:00,2026-08-14 11:16:00,FOC,BKP2606844887,"PW New NCERT Class 9 Maths Ganita Manjari Part 1 Textbook Solutions with Mind Maps 2026-27 | Revision Book, Solved NCERT Intext Solutions and End Exercises",,2026-08-14 12:39:00,Rohan15,SPR.R3.A12.L1.B2,1,,PW,BKP2606844887,Default Vendor,PRIME260800027415,deepanshu2,Mandar Sir,55540,PWH
PWH20416,ERP-B2B-SALE-2026-23409,2026-08-11 00:12:00,2026-08-14 11:16:00,FOC,BKP2606741703,CBSE Class 10 Competency Based Question Bank Mathematics By Ritik Sir For 2027 Board Exams | 400+ Real-life Application based Questions | Higher Order Thinking MCQs & Case-Based Ques,,2026-08-14 12:43:00,Rohan15,MTR.G2.R05.A10.L4.B2,1,,PW,BKP2606741703,Default Vendor,PRIME260800027415,deepanshu2,Mandar Sir,55540,PWH
PWH20416,ERP-B2B-SALE-2026-23409,2026-08-11 00:12:00,2026-08-14 11:16:00,FOC,BKP2604020239,Cbse class 10 past 10 year chapterwise pyqs for Maths,,2026-08-14 12:40:00,Rohan15,MTR.G0.R01.A11.L4.B1,1,,PW,BKP2604020239,Default Vendor,PRIME260800027415,deepanshu2,Mandar Sir,55540,PWH
PWH20416,ERP-B2B-SALE-2026-23409,2026-08-11 00:12:00,2026-08-14 11:16:00,FOC,BKP2605021589,PW CBSE Class 9 Maths Ganita Manjari-1 New NCERT 2026-27 Question and Concept Bank with NCERT Textbook Solutions and Competency Based Questions By Ritik Sir,,2026-08-14 12:42:00,Rohan15,MTR.G1.R32.A04.L3.B1,1,,PW,BKP2605021589,Default Vendor,PRIME260800027415,deepanshu2,Mandar Sir,55540,PWH
PWH20417,ERP-B2B-SALE-2026-23669,2026-08-14 11:32:00,2026-08-14 11:34:00,Third Party,BKP2605021589,PW CBSE Class 9 Maths Ganita Manjari-1 New NCERT 2026-27 Question and Concept Bank with NCERT Textbook Solutions and Competency Based Questions By Ritik Sir,,2026-08-14 11:51:00,Saleem01,SPR.R28.A10.L3.B2,17,,PW,BKP2605021589,Default Vendor,PRIME260800028153,Saleem01,Repro Books Limited,55448,PWH
PWH20417,ERP-B2B-SALE-2026-23669,2026-08-14 11:32:00,2026-08-14 11:34:00,Third Party,BKP2605021589,PW CBSE Class 9 Maths Ganita Manjari-1 New NCERT 2026-27 Question and Concept Bank with NCERT Textbook Solutions and Competency Based Questions By Ritik Sir,,2026-08-14 12:10:00,Saleem01,MTR.G1.R32.A04.L3.B1,27,,PW,BKP2605021589,Default Vendor,PRIME260800028140,Saleem01,Repro Books Limited,55448,PWH
PWH20417,ERP-B2B-SALE-2026-23669,2026-08-14 11:32:00,2026-08-14 11:34:00,Third Party,BKP2605021589,PW CBSE Class 9 Maths Ganita Manjari-1 New NCERT 2026-27 Question and Concept Bank with NCERT Textbook Solutions and Competency Based Questions By Ritik Sir,,2026-08-14 12:15:00,Saleem01,MTR.G1.R30.A11.L3.B2,22,,PW,BKP2605021589,Default Vendor,PRIME260800028132,Saleem01,Repro Books Limited,55448,PWH
PWH20417,ERP-B2B-SALE-2026-23669,2026-08-14 11:32:00,2026-08-14 11:34:00,Third Party,BKP2605021589,PW CBSE Class 9 Maths Ganita Manjari-1 New NCERT 2026-27 Question and Concept Bank with NCERT Textbook Solutions and Competency Based Questions By Ritik Sir,,2026-08-14 12:09:00,Saleem01,MTR.G1.R32.A04.L3.B1,6,,PW,BKP2605021589,Default Vendor,PRIME260800028132,Saleem01,Repro Books Limited,55448,PWH
PWH20417,ERP-B2B-SALE-2026-23669,2026-08-14 11:32:00,2026-08-14 11:34:00,Third Party,BKP2605021589,PW CBSE Class 9 Maths Ganita Manjari-1 New NCERT 2026-27 Question and Concept Bank with NCERT Textbook Solutions and Competency Based Questions By Ritik Sir,,2026-08-14 11:51:00,Saleem01,SPR.R28.A10.L3.B2,34,,PW,BKP2605021589,Default Vendor,PRIME260800028190,Saleem01,Repro Books Limited,55448,PWH
PWH20417,ERP-B2B-SALE-2026-23669,2026-08-14 11:32:00,2026-08-14 11:34:00,Third Party,BKP2605021589,PW CBSE Class 9 Maths Ganita Manjari-1 New NCERT 2026-27 Question and Concept Bank with NCERT Textbook Solutions and Competency Based Questions By Ritik Sir,,2026-08-14 11:51:00,Saleem01,SPR.R28.A10.L3.B2,34,,PW,BKP2605021589,Default Vendor,PRIME260800028189,Saleem01,Repro Books Limited,55448,PWH
PWH20417,ERP-B2B-SALE-2026-23669,2026-08-14 11:32:00,2026-08-14 11:34:00,Third Party,BKP2605021589,PW CBSE Class 9 Maths Ganita Manjari-1 New NCERT 2026-27 Question and Concept Bank with NCERT Textbook Solutions and Competency Based Questions By Ritik Sir,,2026-08-14 11:51:00,Saleem01,SPR.R28.A10.L3.B2,34,,PW,BKP2605021589,Default Vendor,PRIME260800028188,Saleem01,Repro Books Limited,55448,PWH
PWH20417,ERP-B2B-SALE-2026-23669,2026-08-14 11:32:00,2026-08-14 11:34:00,Third Party,BKP2605021589,PW CBSE Class 9 Maths Ganita Manjari-1 New NCERT 2026-27 Question and Concept Bank with NCERT Textbook Solutions and Competency Based Questions By Ritik Sir,,2026-08-14 11:51:00,Saleem01,SPR.R28.A10.L3.B2,34,,PW,BKP2605021589,Default Vendor,PRIME260800028187,Saleem01,Repro Books Limited,55448,PWH
PWH20417,ERP-B2B-SALE-2026-23669,2026-08-14 11:32:00,2026-08-14 11:34:00,Third Party,BKP2605021589,PW CBSE Class 9 Maths Ganita Manjari-1 New NCERT 2026-27 Question and Concept Bank with NCERT Textbook Solutions and Competency Based Questions By Ritik Sir,,2026-08-14 11:51:00,Saleem01,SPR.R28.A10.L3.B2,34,,PW,BKP2605021589,Default Vendor,PRIME260800028186,Saleem01,Repro Books Limited,55448,PWH
PWH20417,ERP-B2B-SALE-2026-23669,2026-08-14 11:32:00,2026-08-14 11:34:00,Third Party,BKP2605021589,PW CBSE Class 9 Maths Ganita Manjari-1 New NCERT 2026-27 Question and Concept Bank with NCERT Textbook Solutions and Competency Based Questions By Ritik Sir,,2026-08-14 11:51:00,Saleem01,SPR.R28.A10.L3.B2,34,,PW,BKP2605021589,Default Vendor,PRIME260800028185,Saleem01,Repro Books Limited,55448,PWH
PWH20417,ERP-B2B-SALE-2026-23669,2026-08-14 11:32:00,2026-08-14 11:34:00,Third Party,BKP2605021589,PW CBSE Class 9 Maths Ganita Manjari-1 New NCERT 2026-27 Question and Concept Bank with NCERT Textbook Solutions and Competency Based Questions By Ritik Sir,,2026-08-14 11:51:00,Saleem01,SPR.R28.A10.L3.B2,34,,PW,BKP2605021589,Default Vendor,PRIME260800028184,Saleem01,Repro Books Limited,55448,PWH
PWH20417,ERP-B2B-SALE-2026-23669,2026-08-14 11:32:00,2026-08-14 11:34:00,Third Party,BKP2605021589,PW CBSE Class 9 Maths Ganita Manjari-1 New NCERT 2026-27 Question and Concept Bank with NCERT Textbook Solutions and Competency Based Questions By Ritik Sir,,2026-08-14 11:51:00,Saleem01,SPR.R28.A10.L3.B2,34,,PW,BKP2605021589,Default Vendor,PRIME260800028183,Saleem01,Repro Books Limited,55448,PWH
PWH20417,ERP-B2B-SALE-2026-23669,2026-08-14 11:32:00,2026-08-14 11:34:00,Third Party,BKP2605021589,PW CBSE Class 9 Maths Ganita Manjari-1 New NCERT 2026-27 Question and Concept Bank with NCERT Textbook Solutions and Competency Based Questions By Ritik Sir,,2026-08-14 11:51:00,Saleem01,SPR.R28.A10.L3.B2,34,,PW,BKP2605021589,Default Vendor,PRIME260800028182,Saleem01,Repro Books Limited,55448,PWH
PWH20417,ERP-B2B-SALE-2026-23669,2026-08-14 11:32:00,2026-08-14 11:34:00,Third Party,BKP2605021589,PW CBSE Class 9 Maths Ganita Manjari-1 New NCERT 2026-27 Question and Concept Bank with NCERT Textbook Solutions and Competency Based Questions By Ritik Sir,,2026-08-14 11:51:00,Saleem01,SPR.R28.A10.L3.B2,34,,PW,BKP2605021589,Default Vendor,PRIME260800028181,Saleem01,Repro Books Limited,55448,PWH
PWH20417,ERP-B2B-SALE-2026-23669,2026-08-14 11:32:00,2026-08-14 11:34:00,Third Party,BKP2605021589,PW CBSE Class 9 Maths Ganita Manjari-1 New NCERT 2026-27 Question and Concept Bank with NCERT Textbook Solutions and Competency Based Questions By Ritik Sir,,2026-08-14 11:51:00,Saleem01,SPR.R28.A10.L3.B2,34,,PW,BKP2605021589,Default Vendor,PRIME260800028180,Princeob,Repro Books Limited,55448,PWH
PWH20417,ERP-B2B-SALE-2026-23669,2026-08-14 11:32:00,2026-08-14 11:34:00,Third Party,BKP2605021589,PW CBSE Class 9 Maths Ganita Manjari-1 New NCERT 2026-27 Question and Concept Bank with NCERT Textbook Solutions and Competency Based Questions By Ritik Sir,,2026-08-14 11:51:00,Saleem01,SPR.R28.A10.L3.B2,34,,PW,BKP2605021589,Default Vendor,PRIME260800028179,Princeob,Repro Books Limited,55448,PWH
PWH20417,ERP-B2B-SALE-2026-23669,2026-08-14 11:32:00,2026-08-14 11:34:00,Third Party,BKP2605021589,PW CBSE Class 9 Maths Ganita Manjari-1 New NCERT 2026-27 Question and Concept Bank with NCERT Textbook Solutions and Competency Based Questions By Ritik Sir,,2026-08-14 11:51:00,Saleem01,SPR.R28.A10.L3.B2,34,,PW,BKP2605021589,Default Vendor,PRIME260800028178,Saleem01,Repro Books Limited,55448,PWH
PWH20417,ERP-B2B-SALE-2026-23669,2026-08-14 11:32:00,2026-08-14 11:34:00,Third Party,BKP2605021589,PW CBSE Class 9 Maths Ganita Manjari-1 New NCERT 2026-27 Question and Concept Bank with NCERT Textbook Solutions and Competency Based Questions By Ritik Sir,,2026-08-14 11:51:00,Saleem01,SPR.R28.A10.L3.B2,34,,PW,BKP2605021589,Default Vendor,PRIME260800028177,Saleem01,Repro Books Limited,55448,PWH
PWH20417,ERP-B2B-SALE-2026-23669,2026-08-14 11:32:00,2026-08-14 11:34:00,Third Party,BKP2605021589,PW CBSE Class 9 Maths Ganita Manjari-1 New NCERT 2026-27 Question and Concept Bank with NCERT Textbook Solutions and Competency Based Questions By Ritik Sir,,2026-08-14 11:51:00,Saleem01,SPR.R28.A10.L3.B2,34,,PW,BKP2605021589,Default Vendor,PRIME260800028176,Saleem01,Repro Books Limited,55448,PWH
PWH20417,ERP-B2B-SALE-2026-23669,2026-08-14 11:32:00,2026-08-14 11:34:00,Third Party,BKP2605021589,PW CBSE Class 9 Maths Ganita Manjari-1 New NCERT 2026-27 Question and Concept Bank with NCERT Textbook Solutions and Competency Based Questions By Ritik Sir,,2026-08-14 11:51:00,Saleem01,SPR.R28.A10.L3.B2,34,,PW,BKP2605021589,Default Vendor,PRIME260800028175,Saleem01,Repro Books Limited,55448,PWH
PWH20417,ERP-B2B-SALE-2026-23669,2026-08-14 11:32:00,2026-08-14 11:34:00,Third Party,BKP2605021589,PW CBSE Class 9 Maths Ganita Manjari-1 New NCERT 2026-27 Question and Concept Bank with NCERT Textbook Solutions and Competency Based Questions By Ritik Sir,,2026-08-14 11:51:00,Saleem01,SPR.R28.A10.L3.B2,34,,PW,BKP2605021589,Default Vendor,PRIME260800028174,Saleem01,Repro Books Limited,55448,PWH
PWH20417,ERP-B2B-SALE-2026-23669,2026-08-14 11:32:00,2026-08-14 11:34:00,Third Party,BKP2605021589,PW CBSE Class 9 Maths Ganita Manjari-1 New NCERT 2026-27 Question and Concept Bank with NCERT Textbook Solutions and Competency Based Questions By Ritik Sir,,2026-08-14 11:51:00,Saleem01,SPR.R28.A10.L3.B2,34,,PW,BKP2605021589,Default Vendor,PRIME260800028173,Saleem01,Repro Books Limited,55448,PWH
PWH20417,ERP-B2B-SALE-2026-23669,2026-08-14 11:32:00,2026-08-14 11:34:00,Third Party,BKP2605021589,PW CBSE Class 9 Maths Ganita Manjari-1 New NCERT 2026-27 Question and Concept Bank with NCERT Textbook Solutions and Competency Based Questions By Ritik Sir,,2026-08-14 11:51:00,Saleem01,SPR.R28.A10.L3.B2,34,,PW,BKP2605021589,Default Vendor,PRIME260800028172,Saleem01,Repro Books Limited,55448,PWH
PWH20417,ERP-B2B-SALE-2026-23669,2026-08-14 11:32:00,2026-08-14 11:34:00,Third Party,BKP2605021589,PW CBSE Class 9 Maths Ganita Manjari-1 New NCERT 2026-27 Question and Concept Bank with NCERT Textbook Solutions and Competency Based Questions By Ritik Sir,,2026-08-14 11:51:00,Saleem01,SPR.R28.A10.L3.B2,34,,PW,BKP2605021589,Default Vendor,PRIME260800028171,Saleem01,Repro Books Limited,55448,PWH
PWH20417,ERP-B2B-SALE-2026-23669,2026-08-14 11:32:00,2026-08-14 11:34:00,Third Party,BKP2605021589,PW CBSE Class 9 Maths Ganita Manjari-1 New NCERT 2026-27 Question and Concept Bank with NCERT Textbook Solutions and Competency Based Questions By Ritik Sir,,2026-08-14 11:51:00,Saleem01,SPR.R28.A10.L3.B2,34,,PW,BKP2605021589,Default Vendor,PRIME260800028170,Saleem01,Repro Books Limited,55448,PWH
PWH20417,ERP-B2B-SALE-2026-23669,2026-08-14 11:32:00,2026-08-14 11:34:00,Third Party,BKP2605021589,PW CBSE Class 9 Maths Ganita Manjari-1 New NCERT 2026-27 Question and Concept Bank with NCERT Textbook Solutions and Competency Based Questions By Ritik Sir,,2026-08-14 11:51:00,Saleem01,SPR.R28.A10.L3.B2,34,,PW,BKP2605021589,Default Vendor,PRIME260800028169,Saleem01,Repro Books Limited,55448,PWH
PWH20417,ERP-B2B-SALE-2026-23669,2026-08-14 11:32:00,2026-08-14 11:34:00,Third Party,BKP2605021589,PW CBSE Class 9 Maths Ganita Manjari-1 New NCERT 2026-27 Question and Concept Bank with NCERT Textbook Solutions and Competency Based Questions By Ritik Sir,,2026-08-14 11:51:00,Saleem01,SPR.R28.A10.L3.B2,34,,PW,BKP2605021589,Default Vendor,PRIME260800028168,Saleem01,Repro Books Limited,55448,PWH
PWH20417,ERP-B2B-SALE-2026-23669,2026-08-14 11:32:00,2026-08-14 11:34:00,Third Party,BKP2605021589,PW CBSE Class 9 Maths Ganita Manjari-1 New NCERT 2026-27 Question and Concept Bank with NCERT Textbook Solutions and Competency Based Questions By Ritik Sir,,2026-08-14 11:51:00,Saleem01,SPR.R28.A10.L3.B2,34,,PW,BKP2605021589,Default Vendor,PRIME260800028167,Saleem01,Repro Books Limited,55448,PWH
PWH20417,ERP-B2B-SALE-2026-23669,2026-08-14 11:32:00,2026-08-14 11:34:00,Third Party,BKP2605021589,PW CBSE Class 9 Maths Ganita Manjari-1 New NCERT 2026-27 Question and Concept Bank with NCERT Textbook Solutions and Competency Based Questions By Ritik Sir,,2026-08-14 11:51:00,Saleem01,SPR.R28.A10.L3.B2,34,,PW,BKP2605021589,Default Vendor,PRIME260800028166,Saleem01,Repro Books Limited,55448,PWH
PWH20417,ERP-B2B-SALE-2026-23669,2026-08-14 11:32:00,2026-08-14 11:34:00,Third Party,BKP2605021589,PW CBSE Class 9 Maths Ganita Manjari-1 New NCERT 2026-27 Question and Concept Bank with NCERT Textbook Solutions and Competency Based Questions By Ritik Sir,,2026-08-14 11:51:00,Saleem01,SPR.R28.A10.L3.B2,34,,PW,BKP2605021589,Default Vendor,PRIME260800028165,Saleem01,Repro Books Limited,55448,PWH
PWH20417,ERP-B2B-SALE-2026-23669,2026-08-14 11:32:00,2026-08-14 11:34:00,Third Party,BKP2605021589,PW CBSE Class 9 Maths Ganita Manjari-1 New NCERT 2026-27 Question and Concept Bank with NCERT Textbook Solutions and Competency Based Questions By Ritik Sir,,2026-08-14 11:51:00,Saleem01,SPR.R28.A10.L3.B2,34,,PW,BKP2605021589,Default Vendor,PRIME260800028164,Saleem01,Repro Books Limited,55448,PWH
PWH20417,ERP-B2B-SALE-2026-23669,2026-08-14 11:32:00,2026-08-14 11:34:00,Third Party,BKP2605021589,PW CBSE Class 9 Maths Ganita Manjari-1 New NCERT 2026-27 Question and Concept Bank with NCERT Textbook Solutions and Competency Based Questions By Ritik Sir,,2026-08-14 11:51:00,Saleem01,SPR.R28.A10.L3.B2,34,,PW,BKP2605021589,Default Vendor,PRIME260800028163,Saleem01,Repro Books Limited,55448,PWH
PWH20417,ERP-B2B-SALE-2026-23669,2026-08-14 11:32:00,2026-08-14 11:34:00,Third Party,BKP2605021589,PW CBSE Class 9 Maths Ganita Manjari-1 New NCERT 2026-27 Question and Concept Bank with NCERT Textbook Solutions and Competency Based Questions By Ritik Sir,,2026-08-14 11:51:00,Saleem01,SPR.R28.A10.L3.B2,34,,PW,BKP2605021589,Default Vendor,PRIME260800028162,Saleem01,Repro Books Limited,55448,PWH
PWH20417,ERP-B2B-SALE-2026-23669,2026-08-14 11:32:00,2026-08-14 11:34:00,Third Party,BKP2605021589,PW CBSE Class 9 Maths Ganita Manjari-1 New NCERT 2026-27 Question and Concept Bank with NCERT Textbook Solutions and Competency Based Questions By Ritik Sir,,2026-08-14 11:51:00,Saleem01,SPR.R28.A10.L3.B2,34,,PW,BKP2605021589,Default Vendor,PRIME260800028161,Saleem01,Repro Books Limited,55448,PWH
PWH20417,ERP-B2B-SALE-2026-23669,2026-08-14 11:32:00,2026-08-14 11:34:00,Third Party,BKP2605021589,PW CBSE Class 9 Maths Ganita Manjari-1 New NCERT 2026-27 Question and Concept Bank with NCERT Textbook Solutions and Competency Based Questions By Ritik Sir,,2026-08-14 11:51:00,Saleem01,SPR.R28.A10.L3.B2,34,,PW,BKP2605021589,Default Vendor,PRIME260800028160,Saleem01,Repro Books Limited,55448,PWH
PWH20417,ERP-B2B-SALE-2026-23669,2026-08-14 11:32:00,2026-08-14 11:34:00,Third Party,BKP2605021589,PW CBSE Class 9 Maths Ganita Manjari-1 New NCERT 2026-27 Question and Concept Bank with NCERT Textbook Solutions and Competency Based Questions By Ritik Sir,,2026-08-14 11:51:00,Saleem01,SPR.R28.A10.L3.B2,34,,PW,BKP2605021589,Default Vendor,PRIME260800028159,Saleem01,Repro Books Limited,55448,PWH
PWH20417,ERP-B2B-SALE-2026-23669,2026-08-14 11:32:00,2026-08-14 11:34:00,Third Party,BKP2605021589,PW CBSE Class 9 Maths Ganita Manjari-1 New NCERT 2026-27 Question and Concept Bank with NCERT Textbook Solutions and Competency Based Questions By Ritik Sir,,2026-08-14 11:51:00,Saleem01,SPR.R28.A10.L3.B2,34,,PW,BKP2605021589,Default Vendor,PRIME260800028158,Saleem01,Repro Books Limited,55448,PWH
PWH20417,ERP-B2B-SALE-2026-23669,2026-08-14 11:32:00,2026-08-14 11:34:00,Third Party,BKP2605021589,PW CBSE Class 9 Maths Ganita Manjari-1 New NCERT 2026-27 Question and Concept Bank with NCERT Textbook Solutions and Competency Based Questions By Ritik Sir,,2026-08-14 11:51:00,Saleem01,SPR.R28.A10.L3.B2,34,,PW,BKP2605021589,Default Vendor,PRIME260800028157,Saleem01,Repro Books Limited,55448,PWH
PWH20417,ERP-B2B-SALE-2026-23669,2026-08-14 11:32:00,2026-08-14 11:34:00,Third Party,BKP2605021589,PW CBSE Class 9 Maths Ganita Manjari-1 New NCERT 2026-27 Question and Concept Bank with NCERT Textbook Solutions and Competency Based Questions By Ritik Sir,,2026-08-14 11:51:00,Saleem01,SPR.R28.A10.L3.B2,34,,PW,BKP2605021589,Default Vendor,PRIME260800028156,Saleem01,Repro Books Limited,55448,PWH
PWH20417,ERP-B2B-SALE-2026-23669,2026-08-14 11:32:00,2026-08-14 11:34:00,Third Party,BKP2605021589,PW CBSE Class 9 Maths Ganita Manjari-1 New NCERT 2026-27 Question and Concept Bank with NCERT Textbook Solutions and Competency Based Questions By Ritik Sir,,2026-08-14 11:51:00,Saleem01,SPR.R28.A10.L3.B2,34,,PW,BKP2605021589,Default Vendor,PRIME260800028155,Saleem01,Repro Books Limited,55448,PWH
PWH20417,ERP-B2B-SALE-2026-23669,2026-08-14 11:32:00,2026-08-14 11:34:00,Third Party,BKP2605021589,PW CBSE Class 9 Maths Ganita Manjari-1 New NCERT 2026-27 Question and Concept Bank with NCERT Textbook Solutions and Competency Based Questions By Ritik Sir,,2026-08-14 11:51:00,Saleem01,SPR.R28.A10.L3.B2,34,,PW,BKP2605021589,Default Vendor,PRIME260800028154,Saleem01,Repro Books Limited,55448,PWH
PWH20417,ERP-B2B-SALE-2026-23669,2026-08-14 11:32:00,2026-08-14 11:34:00,Third Party,BKP2605021589,PW CBSE Class 9 Maths Ganita Manjari-1 New NCERT 2026-27 Question and Concept Bank with NCERT Textbook Solutions and Competency Based Questions By Ritik Sir,,2026-08-14 12:10:00,Saleem01,MTR.G1.R32.A04.L3.B1,17,,PW,BKP2605021589,Default Vendor,PRIME260800028153,Saleem01,Repro Books Limited,55448,PWH
PWH20417,ERP-B2B-SALE-2026-23669,2026-08-14 11:32:00,2026-08-14 11:34:00,Third Party,BKP2605021589,PW CBSE Class 9 Maths Ganita Manjari-1 New NCERT 2026-27 Question and Concept Bank with NCERT Textbook Solutions and Competency Based Questions By Ritik Sir,,2026-08-14 12:10:00,Saleem01,MTR.G1.R32.A04.L3.B1,34,,PW,BKP2605021589,Default Vendor,PRIME260800028152,Saleem01,Repro Books Limited,55448,PWH
PWH20417,ERP-B2B-SALE-2026-23669,2026-08-14 11:32:00,2026-08-14 11:34:00,Third Party,BKP2605021589,PW CBSE Class 9 Maths Ganita Manjari-1 New NCERT 2026-27 Question and Concept Bank with NCERT Textbook Solutions and Competency Based Questions By Ritik Sir,,2026-08-14 12:10:00,Saleem01,MTR.G1.R32.A04.L3.B1,34,,PW,BKP2605021589,Default Vendor,PRIME260800028151,Saleem01,Repro Books Limited,55448,PWH
PWH20417,ERP-B2B-SALE-2026-23669,2026-08-14 11:32:00,2026-08-14 11:34:00,Third Party,BKP2605021589,PW CBSE Class 9 Maths Ganita Manjari-1 New NCERT 2026-27 Question and Concept Bank with NCERT Textbook Solutions and Competency Based Questions By Ritik Sir,,2026-08-14 12:10:00,Saleem01,MTR.G1.R32.A04.L3.B1,34,,PW,BKP2605021589,Default Vendor,PRIME260800028150,Saleem01,Repro Books Limited,55448,PWH
PWH20417,ERP-B2B-SALE-2026-23669,2026-08-14 11:32:00,2026-08-14 11:34:00,Third Party,BKP2605021589,PW CBSE Class 9 Maths Ganita Manjari-1 New NCERT 2026-27 Question and Concept Bank with NCERT Textbook Solutions and Competency Based Questions By Ritik Sir,,2026-08-14 12:10:00,Saleem01,MTR.G1.R32.A04.L3.B1,34,,PW,BKP2605021589,Default Vendor,PRIME260800028149,Saleem01,Repro Books Limited,55448,PWH
PWH20417,ERP-B2B-SALE-2026-23669,2026-08-14 11:32:00,2026-08-14 11:34:00,Third Party,BKP2605021589,PW CBSE Class 9 Maths Ganita Manjari-1 New NCERT 2026-27 Question and Concept Bank with NCERT Textbook Solutions and Competency Based Questions By Ritik Sir,,2026-08-14 12:10:00,Saleem01,MTR.G1.R32.A04.L3.B1,34,,PW,BKP2605021589,Default Vendor,PRIME260800028148,Saleem01,Repro Books Limited,55448,PWH
PWH20417,ERP-B2B-SALE-2026-23669,2026-08-14 11:32:00,2026-08-14 11:34:00,Third Party,BKP2605021589,PW CBSE Class 9 Maths Ganita Manjari-1 New NCERT 2026-27 Question and Concept Bank with NCERT Textbook Solutions and Competency Based Questions By Ritik Sir,,2026-08-14 12:10:00,Saleem01,MTR.G1.R32.A04.L3.B1,34,,PW,BKP2605021589,Default Vendor,PRIME260800028147,Saleem01,Repro Books Limited,55448,PWH
PWH20417,ERP-B2B-SALE-2026-23669,2026-08-14 11:32:00,2026-08-14 11:34:00,Third Party,BKP2605021589,PW CBSE Class 9 Maths Ganita Manjari-1 New NCERT 2026-27 Question and Concept Bank with NCERT Textbook Solutions and Competency Based Questions By Ritik Sir,,2026-08-14 12:10:00,Saleem01,MTR.G1.R32.A04.L3.B1,34,,PW,BKP2605021589,Default Vendor,PRIME260800028146,Saleem01,Repro Books Limited,55448,PWH
PWH20417,ERP-B2B-SALE-2026-23669,2026-08-14 11:32:00,2026-08-14 11:34:00,Third Party,BKP2605021589,PW CBSE Class 9 Maths Ganita Manjari-1 New NCERT 2026-27 Question and Concept Bank with NCERT Textbook Solutions and Competency Based Questions By Ritik Sir,,2026-08-14 12:10:00,Saleem01,MTR.G1.R32.A04.L3.B1,34,,PW,BKP2605021589,Default Vendor,PRIME260800028145,Saleem01,Repro Books Limited,55448,PWH
PWH20417,ERP-B2B-SALE-2026-23669,2026-08-14 11:32:00,2026-08-14 11:34:00,Third Party,BKP2605021589,PW CBSE Class 9 Maths Ganita Manjari-1 New NCERT 2026-27 Question and Concept Bank with NCERT Textbook Solutions and Competency Based Questions By Ritik Sir,,2026-08-14 12:10:00,Saleem01,MTR.G1.R32.A04.L3.B1,34,,PW,BKP2605021589,Default Vendor,PRIME260800028144,Saleem01,Repro Books Limited,55448,PWH
PWH20417,ERP-B2B-SALE-2026-23669,2026-08-14 11:32:00,2026-08-14 11:34:00,Third Party,BKP2605021589,PW CBSE Class 9 Maths Ganita Manjari-1 New NCERT 2026-27 Question and Concept Bank with NCERT Textbook Solutions and Competency Based Questions By Ritik Sir,,2026-08-14 12:10:00,Saleem01,MTR.G1.R32.A04.L3.B1,34,,PW,BKP2605021589,Default Vendor,PRIME260800028143,Saleem01,Repro Books Limited,55448,PWH
PWH20417,ERP-B2B-SALE-2026-23669,2026-08-14 11:32:00,2026-08-14 11:34:00,Third Party,BKP2605021589,PW CBSE Class 9 Maths Ganita Manjari-1 New NCERT 2026-27 Question and Concept Bank with NCERT Textbook Solutions and Competency Based Questions By Ritik Sir,,2026-08-14 12:10:00,Saleem01,MTR.G1.R32.A04.L3.B1,34,,PW,BKP2605021589,Default Vendor,PRIME260800028142,Saleem01,Repro Books Limited,55448,PWH
PWH20417,ERP-B2B-SALE-2026-23669,2026-08-14 11:32:00,2026-08-14 11:34:00,Third Party,BKP2605021589,PW CBSE Class 9 Maths Ganita Manjari-1 New NCERT 2026-27 Question and Concept Bank with NCERT Textbook Solutions and Competency Based Questions By Ritik Sir,,2026-08-14 12:10:00,Saleem01,MTR.G1.R32.A04.L3.B1,34,,PW,BKP2605021589,Default Vendor,PRIME260800028141,Saleem01,Repro Books Limited,55448,PWH
PWH20417,ERP-B2B-SALE-2026-23669,2026-08-14 11:32:00,2026-08-14 11:34:00,Third Party,BKP2605021589,PW CBSE Class 9 Maths Ganita Manjari-1 New NCERT 2026-27 Question and Concept Bank with NCERT Textbook Solutions and Competency Based Questions By Ritik Sir,,2026-08-14 12:15:00,Saleem01,MTR.G1.R30.A11.L3.B2,7,,PW,BKP2605021589,Default Vendor,PRIME260800028140,Saleem01,Repro Books Limited,55448,PWH
PWH20417,ERP-B2B-SALE-2026-23669,2026-08-14 11:32:00,2026-08-14 11:34:00,Third Party,BKP2605021589,PW CBSE Class 9 Maths Ganita Manjari-1 New NCERT 2026-27 Question and Concept Bank with NCERT Textbook Solutions and Competency Based Questions By Ritik Sir,,2026-08-14 12:15:00,Saleem01,MTR.G1.R30.A11.L3.B2,34,,PW,BKP2605021589,Default Vendor,PRIME260800028139,Saleem01,Repro Books Limited,55448,PWH
PWH20417,ERP-B2B-SALE-2026-23669,2026-08-14 11:32:00,2026-08-14 11:34:00,Third Party,BKP2605021589,PW CBSE Class 9 Maths Ganita Manjari-1 New NCERT 2026-27 Question and Concept Bank with NCERT Textbook Solutions and Competency Based Questions By Ritik Sir,,2026-08-14 12:15:00,Saleem01,MTR.G1.R30.A11.L3.B2,34,,PW,BKP2605021589,Default Vendor,PRIME260800028138,Saleem01,Repro Books Limited,55448,PWH
PWH20417,ERP-B2B-SALE-2026-23669,2026-08-14 11:32:00,2026-08-14 11:34:00,Third Party,BKP2605021589,PW CBSE Class 9 Maths Ganita Manjari-1 New NCERT 2026-27 Question and Concept Bank with NCERT Textbook Solutions and Competency Based Questions By Ritik Sir,,2026-08-14 12:15:00,Saleem01,MTR.G1.R30.A11.L3.B2,34,,PW,BKP2605021589,Default Vendor,PRIME260800028137,Saleem01,Repro Books Limited,55448,PWH
PWH20417,ERP-B2B-SALE-2026-23669,2026-08-14 11:32:00,2026-08-14 11:34:00,Third Party,BKP2605021589,PW CBSE Class 9 Maths Ganita Manjari-1 New NCERT 2026-27 Question and Concept Bank with NCERT Textbook Solutions and Competency Based Questions By Ritik Sir,,2026-08-14 12:15:00,Saleem01,MTR.G1.R30.A11.L3.B2,34,,PW,BKP2605021589,Default Vendor,PRIME260800028136,Saleem01,Repro Books Limited,55448,PWH
PWH20417,ERP-B2B-SALE-2026-23669,2026-08-14 11:32:00,2026-08-14 11:34:00,Third Party,BKP2605021589,PW CBSE Class 9 Maths Ganita Manjari-1 New NCERT 2026-27 Question and Concept Bank with NCERT Textbook Solutions and Competency Based Questions By Ritik Sir,,2026-08-14 12:15:00,Saleem01,MTR.G1.R30.A11.L3.B2,34,,PW,BKP2605021589,Default Vendor,PRIME260800028135,Saleem01,Repro Books Limited,55448,PWH
PWH20417,ERP-B2B-SALE-2026-23669,2026-08-14 11:32:00,2026-08-14 11:34:00,Third Party,BKP2605021589,PW CBSE Class 9 Maths Ganita Manjari-1 New NCERT 2026-27 Question and Concept Bank with NCERT Textbook Solutions and Competency Based Questions By Ritik Sir,,2026-08-14 12:15:00,Saleem01,MTR.G1.R30.A11.L3.B2,34,,PW,BKP2605021589,Default Vendor,PRIME260800028134,Saleem01,Repro Books Limited,55448,PWH
PWH20417,ERP-B2B-SALE-2026-23669,2026-08-14 11:32:00,2026-08-14 11:34:00,Third Party,BKP2605021589,PW CBSE Class 9 Maths Ganita Manjari-1 New NCERT 2026-27 Question and Concept Bank with NCERT Textbook Solutions and Competency Based Questions By Ritik Sir,,2026-08-14 12:15:00,Saleem01,MTR.G1.R30.A11.L3.B2,34,,PW,BKP2605021589,Default Vendor,PRIME260800028133,Saleem01,Repro Books Limited,55448,PWH
PWH20418,ERP-B2B-SALE-2026-23678,2026-08-14 14:52:00,2026-08-14 15:22:00,Third Party,BKP2605021589,PW CBSE Class 9 Maths Ganita Manjari-1 New NCERT 2026-27 Question and Concept Bank with NCERT Textbook Solutions and Competency Based Questions By Ritik Sir,,2026-08-14 15:45:00,Rohan15,MTR.G1.R30.A11.L3.B2,1,,PW,BKP2605021589,Default Vendor,PRIME260800028085,,Agarwal Book House,55579,PWH
PWH20418,ERP-B2B-SALE-2026-23678,2026-08-14 14:52:00,2026-08-14 15:22:00,Third Party,BKP2605021589,PW CBSE Class 9 Maths Ganita Manjari-1 New NCERT 2026-27 Question and Concept Bank with NCERT Textbook Solutions and Competency Based Questions By Ritik Sir,,2026-08-14 15:45:00,Rohan15,MTR.G1.R30.A11.L3.B2,14,,PW,BKP2605021589,Default Vendor,PRIME260800028085,,Agarwal Book House,55579,PWH
PWH20419,ERP-B2B-SALE-2026-23670,2026-08-14 14:52:00,2026-08-14 15:23:00,Third Party,BKP2602844871,"PW Yakeen For NEET Droppers Physics, Chemistry, Botany and Zoology Modules with Solutions Combo Set of 24 Books (2026 Edition).",Size,2026-08-14 16:18:00,Rohan15,GP_B2B,1,,PW,BKP2602844871,Default Vendor,PRIME260800030605,,INSTA BOOK STORE,55580,PWH
PWH20419,ERP-B2B-SALE-2026-23670,2026-08-14 14:52:00,2026-08-14 15:23:00,Third Party,BKP2602019192,PW 24 SBI Clerk PYQ - Prelims & Mains Previous Year Solved Papers (Till Nov 2025) with 15 Online CBT Tests For 2026 Exam | 3500 PYQ Questions | Fully Solved,,2026-08-14 15:50:00,Rohan15,MTR.G3.R03.A07.L2.B2,1,,PW,BKP2602019192,Default Vendor,PRIME260800030605,,INSTA BOOK STORE,55580,PWH
PWH20419,ERP-B2B-SALE-2026-23670,2026-08-14 14:52:00,2026-08-14 15:23:00,Third Party,BKP2604020338,PW All in One SBI Clerk Book 2026 Prelims and Mains Exams | Chapterwise Theory and Exercises | 10 Previous Year Questions Papers PYQs and 15 Online CBT Tests English Edition,,2026-08-14 15:52:00,Rohan15,MTR.G1.R29.A06.L1.B2,1,,PW,BKP2604020338,Default Vendor,PRIME260800030605,,INSTA BOOK STORE,55580,PWH
PWH20419,ERP-B2B-SALE-2026-23670,2026-08-14 14:52:00,2026-08-14 15:23:00,Third Party,BKP2604020338,PW All in One SBI Clerk Book 2026 Prelims and Mains Exams | Chapterwise Theory and Exercises | 10 Previous Year Questions Papers PYQs and 15 Online CBT Tests English Edition,,2026-08-14 15:55:00,Rohan15,MTR.G1.R29.A07.L4.B2,1,,PW,BKP2604020338,Default Vendor,PRIME260800030605,,INSTA BOOK STORE,55580,PWH
PWH20419,ERP-B2B-SALE-2026-23670,2026-08-14 14:52:00,2026-08-14 15:23:00,Third Party,BKP2602019192,PW 24 SBI Clerk PYQ - Prelims & Mains Previous Year Solved Papers (Till Nov 2025) with 15 Online CBT Tests For 2026 Exam | 3500 PYQ Questions | Fully Solved,,2026-08-14 15:50:00,Rohan15,MTR.G3.R03.A07.L2.B2,9,,PW,BKP2602019192,Default Vendor,PRIME260800030605,,INSTA BOOK STORE,55580,PWH
PWH20419,ERP-B2B-SALE-2026-23670,2026-08-14 14:52:00,2026-08-14 15:23:00,Third Party,BKP2604020338,PW All in One SBI Clerk Book 2026 Prelims and Mains Exams | Chapterwise Theory and Exercises | 10 Previous Year Questions Papers PYQs and 15 Online CBT Tests English Edition,,2026-08-14 15:52:00,Rohan15,MTR.G1.R29.A06.L1.B2,6,,PW,BKP2604020338,Default Vendor,PRIME260800030606,,INSTA BOOK STORE,55580,PWH
PWH20419,ERP-B2B-SALE-2026-23670,2026-08-14 14:52:00,2026-08-14 15:23:00,Third Party,BKP2604020338,PW All in One SBI Clerk Book 2026 Prelims and Mains Exams | Chapterwise Theory and Exercises | 10 Previous Year Questions Papers PYQs and 15 Online CBT Tests English Edition,,2026-08-14 15:55:00,Rohan15,MTR.G1.R29.A07.L4.B2,2,,PW,BKP2604020338,Default Vendor,PRIME260800030606,,INSTA BOOK STORE,55580,PWH
PWH20420,ERP-B2B-SALE-2026-23671,2026-08-14 14:52:00,2026-08-14 15:23:00,Third Party,BKP2510017433,PW Shaurya NDA/NA Mathematics Book with Latest 2025 Solved Paper | National Defence Academy & Naval Academy Entrance Examination For 2025-26,,2026-08-14 16:31:00,Rohan15,SPR.R17.A8.L0.B3,16,,PW,BKP2510017433,Default Vendor,PRIME260800030609,,Sree Sairam Book Traders,55581,PWH
PWH20420,ERP-B2B-SALE-2026-23671,2026-08-14 14:52:00,2026-08-14 15:23:00,Third Party,BKP2510017433,PW Shaurya NDA/NA Mathematics Book with Latest 2025 Solved Paper | National Defence Academy & Naval Academy Entrance Examination For 2025-26,,2026-08-14 16:21:00,Rohan15,MTR.G0.R36.A01.L1.B2,4,,PW,BKP2510017433,Default Vendor,PRIME260800030611,,Sree Sairam Book Traders,55581,PWH
PWH20420,ERP-B2B-SALE-2026-23671,2026-08-14 14:52:00,2026-08-14 15:23:00,Third Party,BKP2510017436,"Shaurya NDA/NA General Knowledge Book with Latest 2025 Solved Paper | Geography, History, Economics, Political Science For 2025-26 Exam",,2026-08-14 16:36:00,Rohan15,SPR.R2.A10.L1.B4,14,,PW,BKP2510017436,Default Vendor,PRIME260800030608,,Sree Sairam Book Traders,55581,PWH
PWH20420,ERP-B2B-SALE-2026-23671,2026-08-14 14:52:00,2026-08-14 15:23:00,Third Party,BKP2510017436,"Shaurya NDA/NA General Knowledge Book with Latest 2025 Solved Paper | Geography, History, Economics, Political Science For 2025-26 Exam",,2026-08-14 16:36:00,Rohan15,SPR.R2.A10.L1.B4,10,,PW,BKP2510017436,Default Vendor,PRIME260800030607,,Sree Sairam Book Traders,55581,PWH
PWH20420,ERP-B2B-SALE-2026-23671,2026-08-14 14:52:00,2026-08-14 15:23:00,Third Party,BKP2510017436,"Shaurya NDA/NA General Knowledge Book with Latest 2025 Solved Paper | Geography, History, Economics, Political Science For 2025-26 Exam",,2026-08-14 16:01:00,Rohan15,MTR.G1.R47.A05.L4.B2,1,,PW,BKP2510017436,Default Vendor,PRIME260800030611,,Sree Sairam Book Traders,55581,PWH
PWH20420,ERP-B2B-SALE-2026-23671,2026-08-14 14:52:00,2026-08-14 15:23:00,Third Party,BKP2510017435,"PW Shaurya NDA/NA General Ability Science Book with Latest 2025 Solved Paper | Physics, Chemistry, Biology For 2025-26 Exam",,2026-08-14 16:34:00,Rohan15,SPR.R10.A5.L1.B1,8,,PW,BKP2510017435,Default Vendor,PRIME260800030610,,Sree Sairam Book Traders,55581,PWH
PWH20420,ERP-B2B-SALE-2026-23671,2026-08-14 14:52:00,2026-08-14 15:23:00,Third Party,BKP2510017435,"PW Shaurya NDA/NA General Ability Science Book with Latest 2025 Solved Paper | Physics, Chemistry, Biology For 2025-26 Exam",,2026-08-14 16:00:00,Rohan15,MTR.G1.R43.A09.L4.B1,1,,PW,BKP2510017435,Default Vendor,PRIME260800030610,,Sree Sairam Book Traders,55581,PWH
PWH20420,ERP-B2B-SALE-2026-23671,2026-08-14 14:52:00,2026-08-14 15:23:00,Third Party,BKP2510017435,"PW Shaurya NDA/NA General Ability Science Book with Latest 2025 Solved Paper | Physics, Chemistry, Biology For 2025-26 Exam",,2026-08-14 16:25:00,Rohan15,SPR.R26.A3.L0.B1,1,,PW,BKP2510017435,Default Vendor,PRIME260800030610,,Sree Sairam Book Traders,55581,PWH
PWH20420,ERP-B2B-SALE-2026-23671,2026-08-14 14:52:00,2026-08-14 15:23:00,Third Party,BKP2510017435,"PW Shaurya NDA/NA General Ability Science Book with Latest 2025 Solved Paper | Physics, Chemistry, Biology For 2025-26 Exam",,2026-08-14 16:40:00,Rohan15,SPR.R27.A4.L1.B2,4,,PW,BKP2510017435,Default Vendor,PRIME260800030610,,Sree Sairam Book Traders,55581,PWH
PWH20420,ERP-B2B-SALE-2026-23671,2026-08-14 14:52:00,2026-08-14 15:23:00,Third Party,BKP2510017435,"PW Shaurya NDA/NA General Ability Science Book with Latest 2025 Solved Paper | Physics, Chemistry, Biology For 2025-26 Exam",,2026-08-14 16:28:00,Rohan15,SPR.R29.A10.L0.B4,1,,PW,BKP2510017435,Default Vendor,PRIME260800030610,,Sree Sairam Book Traders,55581,PWH
PWH20420,ERP-B2B-SALE-2026-23671,2026-08-14 14:52:00,2026-08-14 15:23:00,Third Party,BKP2510017435,"PW Shaurya NDA/NA General Ability Science Book with Latest 2025 Solved Paper | Physics, Chemistry, Biology For 2025-26 Exam",,2026-08-14 16:41:00,Rohan15,SPR.R28.A8.L1.B2,1,,PW,BKP2510017435,Default Vendor,PRIME260800030610,,Sree Sairam Book Traders,55581,PWH
PWH20420,ERP-B2B-SALE-2026-23671,2026-08-14 14:52:00,2026-08-14 15:23:00,Third Party,BKP2510017435,"PW Shaurya NDA/NA General Ability Science Book with Latest 2025 Solved Paper | Physics, Chemistry, Biology For 2025-26 Exam",,2026-08-14 16:00:00,Rohan15,MTR.G1.R43.A09.L4.B1,3,,PW,BKP2510017435,Default Vendor,PRIME260800030610,,Sree Sairam Book Traders,55581,PWH
PWH20420,ERP-B2B-SALE-2026-23671,2026-08-14 14:52:00,2026-08-14 15:23:00,Third Party,BKP2510017433,PW Shaurya NDA/NA Mathematics Book with Latest 2025 Solved Paper | National Defence Academy & Naval Academy Entrance Examination For 2025-26,,2026-08-14 16:02:00,Rohan15,MTR.G0.R36.A01.L1.B2,5,,PW,BKP2510017433,Default Vendor,PRIME260800030611,,Sree Sairam Book Traders,55581,PWH
PWH20420,ERP-B2B-SALE-2026-23671,2026-08-14 14:52:00,2026-08-14 15:23:00,Third Party,BKP2510017435,"PW Shaurya NDA/NA General Ability Science Book with Latest 2025 Solved Paper | Physics, Chemistry, Biology For 2025-26 Exam",,2026-08-14 16:34:00,Rohan15,SPR.R10.A5.L1.B1,6,,PW,BKP2510017435,Default Vendor,PRIME260800030607,,Sree Sairam Book Traders,55581,PWH
PWH20421,ERP-B2B-SALE-2026-23672,2026-08-14 14:52:00,2026-08-14 15:23:00,Third Party,BKP2503007173,PW EaJEE Handwritten Notes For Physical Chemistry By Faisal Razaq | Chapterwise and Topicwise 1200+ Questions | Complete JEE Main & Advanced Syllabus | Handpicked PYQs,,2026-08-14 17:11:00,Rohan15,MTR.G1.R06.A10.L1.B1,2,,PW,BKP2503007173,Default Vendor,PRIME260800030612,,Kaushal book depot,55582,PWH
PWH20421,ERP-B2B-SALE-2026-23672,2026-08-14 14:52:00,2026-08-14 15:23:00,Third Party,BKP2505007150,JEE Advanced EaJEE Handwritten Notes For Inorganic Chemistry By Om Pandey | Chapterwise and Topicwise Questions | Complete JEE Main & Advanced Syllabus | Handpicked PYQs [Paperback] Om Pandey,,2026-08-14 17:18:00,Rohan15,MTR.G2.R24.A10.L4.B2,2,,PW,BKP2505007150,Default Vendor,PRIME260800030613,,Kaushal book depot,55582,PWH
PWH20421,ERP-B2B-SALE-2026-23672,2026-08-14 14:52:00,2026-08-14 15:23:00,Third Party,BKP2507007026,EaJEE Handwritten Notes For Organic Chemistry By Rohit Sir & SKC Sir For JEE Main & Advanced | Chapterwise and Topicwise Notes | Handpicked Practice Questions & PYQs,,2026-08-14 17:19:00,Rohan15,MTR.G2.R27.A04.L4.B2,2,,PW,BKP2507007026,Default Vendor,PRIME260800030613,,Kaushal book depot,55582,PWH
PWH20421,ERP-B2B-SALE-2026-23672,2026-08-14 14:52:00,2026-08-14 15:23:00,Third Party,BKP2509007224,EaJEE Handwritten Notes For Mathematics Class 11 JEE Main & Advanced By Tarun Khandelwal (T.K. Sir) | Chapterwise and Topicwise Questions | Handpicked PYQs,,2026-08-14 17:10:00,Rohan15,MTR.G1.R26.A12.L3.B1,2,,PW,BKP2509007224,Default Vendor,PRIME260800030612,,Kaushal book depot,55582,PWH
PWH20421,ERP-B2B-SALE-2026-23672,2026-08-14 14:52:00,2026-08-14 15:23:00,Third Party,BKP2601992939,PW EaJEE Handwritten Notes For Mathematics Class 12 JEE Main & Advanced By Tarun Khandelwal (T.K. Sir) | Chapterwise and Topicwise Questions | Handpicked PYQs,,2026-08-14 17:25:00,Rohan15,MTR.G0.R08.A11.L3.B1,2,,PW,BKP2601992939,Default Vendor,PRIME260800030613,,Kaushal book depot,55582,PWH
PWH20421,ERP-B2B-SALE-2026-23672,2026-08-14 14:52:00,2026-08-14 15:23:00,Third Party,BKP2602418406,PW CBSE Class 11 Question & Concept Bank (QCB) Mathematics Chapter-wclass 11 maths question bankise and Topic-wise Solved Questions For 2027 Exams with Competency Based Question,,2026-08-14 16:53:00,Rohan15,SPR.R20.A7.L1.B4,5,,PW,BKP2602418406,Default Vendor,PRIME260800030613,,Kaushal book depot,55582,PWH
PWH20421,ERP-B2B-SALE-2026-23672,2026-08-14 14:52:00,2026-08-14 15:23:00,Third Party,BKP2602019093,PW CBSE Class 11 Question & Concept Bank (QCB) Physics Chapter-wise and Topic-wise Solved Questions For 2027 Exams with Competency Based Question,,2026-08-14 17:12:00,Rohan15,MTR.G1.R04.A08.L4.B2,5,,PW,BKP2602019093,Default Vendor,PRIME260800030612,,Kaushal book depot,55582,PWH
PWH20421,ERP-B2B-SALE-2026-23672,2026-08-14 14:52:00,2026-08-14 15:23:00,Third Party,BKP2602019095,PW CBSE Class 11 Question & Concept Bank (QCB) Biology Chapter-wise and Topic-wise Solved Questions For 2027 Exams with Competency Based Question,,2026-08-14 17:26:00,Rohan15,MTR.G0.R02.A12.L2.B2,5,,PW,BKP2602019095,Default Vendor,PRIME260800030613,,Kaushal book depot,55582,PWH
PWH20421,ERP-B2B-SALE-2026-23672,2026-08-14 14:52:00,2026-08-14 15:23:00,Third Party,BKP2602019094,PW CBSE Class 11 Question & Concept Bank (QCB) Chemistry Chapter-wise and Topic-wise Solved Questions For 2027 with Competency Based Question,,2026-08-14 17:08:00,Rohan15,MTR.G1.R36.A09.L1.B1,5,,PW,BKP2602019094,Default Vendor,PRIME260800030612,,Kaushal book depot,55582,PWH
PWH20421,ERP-B2B-SALE-2026-23672,2026-08-14 14:52:00,2026-08-14 15:23:00,Third Party,BKP2602019196,PW CBSE Class 9 English Kaveri New NCERT 2026-27 Question and Concept Bank with NCERT Textbook Solutions and Competency Based Questions,,2026-08-14 17:34:00,Rohan15,SPR.R27.A3.L5.B2,5,,PW,BKP2602019196,Default Vendor,PRIME260800030613,,Kaushal book depot,55582,PWH
PWH20421,ERP-B2B-SALE-2026-23672,2026-08-14 14:52:00,2026-08-14 15:23:00,Third Party,BKP2605021589,PW CBSE Class 9 Maths Ganita Manjari-1 New NCERT 2026-27 Question and Concept Bank with NCERT Textbook Solutions and Competency Based Questions By Ritik Sir,,2026-08-14 17:09:00,Rohan15,MTR.G1.R30.A11.L3.B2,5,,PW,BKP2605021589,Default Vendor,PRIME260800030612,,Kaushal book depot,55582,PWH
PWH20421,ERP-B2B-SALE-2026-23672,2026-08-14 14:52:00,2026-08-14 15:23:00,Third Party,BKP2605761717,"PW Physics Handbook For 2026-27 Exams | Highly Useful For NEET, JEE, CBSE Class 11-12 & Other Competitive Exams | Quick Revision Book | Important NCERT Lines",,2026-08-14 17:08:00,Rohan15,MTR.G1.R36.A12.L3.B1,2,,PW,BKP2605761717,Default Vendor,PRIME260800030612,,Kaushal book depot,55582,PWH
PWH20421,ERP-B2B-SALE-2026-23672,2026-08-14 14:52:00,2026-08-14 15:23:00,Third Party,BKP2605022298,"PW Chemistry Handbook For 2026-27 Exams | Highly Useful For NEET, JEE, CBSE Class 11-12 & Other Competitive Exams | Quick Revision Book | Important NCERT Lines",,2026-08-14 17:17:00,Rohan15,MTR.G2.R17.A04.L2.B2,2,,PW,BKP2605022298,Default Vendor,PRIME260800030613,,Kaushal book depot,55582,PWH
PWH20421,ERP-B2B-SALE-2026-23672,2026-08-14 14:52:00,2026-08-14 15:23:00,Third Party,BKP2605022299,"PW Maths Handbook For 2026-27 Exams | Highly Useful For JEE, CBSE Class 11-12 & Other Competitive Exams | Quick Revision Book | Important NCERT Lines",,2026-08-14 17:15:00,Rohan15,MTR.G3.R02.A12.L3.B1,2,,PW,BKP2605022299,Default Vendor,PRIME260800030613,,Kaushal book depot,55582,PWH
PWH20421,ERP-B2B-SALE-2026-23672,2026-08-14 14:52:00,2026-08-14 15:23:00,Third Party,BKP2605022308,"PW Biology Handbook For 2026-27 Exams | Highly Useful For NEET, CBSE Class 11-12 & Other Competitive Exams | Quick Revision Book | Important NCERT Lines",,2026-08-14 17:19:00,Rohan15,MTR.G2.R29.A11.L4.B1,2,,PW,BKP2605022308,Default Vendor,PRIME260800030613,,Kaushal book depot,55582,PWH
PWH20421,ERP-B2B-SALE-2026-23672,2026-08-14 14:52:00,2026-08-14 15:23:00,Third Party,BKP2606844887,"PW New NCERT Class 9 Maths Ganita Manjari Part 1 Textbook Solutions with Mind Maps 2026-27 | Revision Book, Solved NCERT Intext Solutions and End Exercises",,2026-08-14 17:00:00,Rohan15,SPR.R3.A12.L1.B2,5,,PW,BKP2606844887,Default Vendor,PRIME260800030612,,Kaushal book depot,55582,PWH
PWH20421,ERP-B2B-SALE-2026-23672,2026-08-14 14:52:00,2026-08-14 15:23:00,Third Party,BKP2606022950,"PW New NCERT Class 9 English Kaveri Textbook Solutions with Mind Maps 2026-27 | Revision Book, Solved NCERT Intext Solutions and End Exercises",,2026-08-14 17:02:00,Rohan15,SPR.R2.A9.L2.B1,5,,PW,BKP2606022950,Default Vendor,PRIME260800030612,,Kaushal book depot,55582,PWH
PWH20421,ERP-B2B-SALE-2026-23672,2026-08-14 14:52:00,2026-08-14 15:23:00,Third Party,BKP2606023189,"PW Maths Made EJEE Class 12 Handwritten Notes By Sachin Jakhar For JEE Main & Advanced Exams | Complete Theory, PYQ with Detailed Solutions",,2026-08-14 16:59:00,Rohan15,SPR.R19.A1.L2.B1,2,,PW,BKP2606023189,Default Vendor,PRIME260800030612,,Kaushal book depot,55582,PWH
PWH20422,ERP-B2B-SALE-2026-23673,2026-08-14 14:52:00,2026-08-14 15:23:00,Third Party,BKP2505007150,JEE Advanced EaJEE Handwritten Notes For Inorganic Chemistry By Om Pandey | Chapterwise and Topicwise Questions | Complete JEE Main & Advanced Syllabus | Handpicked PYQs [Paperback] Om Pandey,,2026-08-14 16:25:00,Sachin01,MTR.G2.R24.A10.L4.B2,1,,PW,BKP2505007150,Default Vendor,PRIME260800028072,,Adarsh Book Depot_TEST PREP,55583,PWH
PWH20422,ERP-B2B-SALE-2026-23673,2026-08-14 14:52:00,2026-08-14 15:23:00,Third Party,BKP2509007224,EaJEE Handwritten Notes For Mathematics Class 11 JEE Main & Advanced By Tarun Khandelwal (T.K. Sir) | Chapterwise and Topicwise Questions | Handpicked PYQs,,2026-08-14 16:27:00,Sachin01,MTR.G1.R26.A12.L3.B1,1,,PW,BKP2509007224,Default Vendor,PRIME260800028072,,Adarsh Book Depot_TEST PREP,55583,PWH
PWH20422,ERP-B2B-SALE-2026-23673,2026-08-14 14:52:00,2026-08-14 15:23:00,Third Party,BKP2512379553,SKC Physics Crush Class 11 (English Edition) Handwritten Format Notes By Saleem Sir For JEE and NEET Exams | From Basic to JEE Advanced via JEE/ NEET,,2026-08-14 16:28:00,Sachin01,MTR.G1.R41.A10.L3.B2,4,,PW,BKP2512379553,Default Vendor,PRIME260800028073,,Adarsh Book Depot_TEST PREP,55583,PWH
PWH20422,ERP-B2B-SALE-2026-23673,2026-08-14 14:52:00,2026-08-14 15:23:00,Third Party,BKP2601992939,PW EaJEE Handwritten Notes For Mathematics Class 12 JEE Main & Advanced By Tarun Khandelwal (T.K. Sir) | Chapterwise and Topicwise Questions | Handpicked PYQs,,2026-08-14 16:40:00,Sachin01,MTR.G0.R08.A11.L3.B1,1,,PW,BKP2601992939,Default Vendor,PRIME260800028073,,Adarsh Book Depot_TEST PREP,55583,PWH
PWH20422,ERP-B2B-SALE-2026-23673,2026-08-14 14:52:00,2026-08-14 15:23:00,Third Party,BKP2601992939,PW EaJEE Handwritten Notes For Mathematics Class 12 JEE Main & Advanced By Tarun Khandelwal (T.K. Sir) | Chapterwise and Topicwise Questions | Handpicked PYQs,,2026-08-14 16:41:00,Sachin01,MTR.G0.R09.A11.L4.B2,1,,PW,BKP2601992939,Default Vendor,PRIME260800028073,,Adarsh Book Depot_TEST PREP,55583,PWH
PWH20422,ERP-B2B-SALE-2026-23673,2026-08-14 14:52:00,2026-08-14 15:23:00,Third Party,BKP2602785354,CA Foundation Accounting Sep 26 by CA Nitin Goel - Vol 1,,2026-08-14 16:21:00,Sachin01,MTR.G3.R25.A01.L2.B2,1,,PW,BKP2602785354,Default Vendor,PRIME260800028072,,Adarsh Book Depot_TEST PREP,55583,PWH
PWH20422,ERP-B2B-SALE-2026-23673,2026-08-14 14:52:00,2026-08-14 15:23:00,Third Party,BKP2602019417,CA Foundation Accounting Sep 26 by CA Nitin Goel - Vol 2,,2026-08-14 16:51:00,Sachin01,SPR.R13.A12.L0.B3,1,,PW,BKP2602019417,Default Vendor,PRIME260800028073,,Adarsh Book Depot_TEST PREP,55583,PWH
PWH20422,ERP-B2B-SALE-2026-23673,2026-08-14 14:52:00,2026-08-14 15:23:00,Third Party,BKP2606076375,PW JEE Advanced 49 Years (2026-1978) with JEE Main 162 Sets Chemistry PYQs (2026-2019) | Chapterwise and Topicwise Solved Papers For JEE Main & Advanced 2027 Exams,,2026-08-14 16:45:00,Sachin01,SPR.R9.UP.L0.B3,1,,PW,BKP2606076375,Default Vendor,PRIME260800028072,,Adarsh Book Depot_TEST PREP,55583,PWH
PWH20422,ERP-B2B-SALE-2026-23673,2026-08-14 14:52:00,2026-08-14 15:23:00,Third Party,BKP2606022749,JEE Advanced 49 Years (2026-1978) with JEE Main 162 Sets Maths PYQs (2026-2019) | Chapterwise and Topicwise Solved Papers For JEE Main & Advanced 2027 Exams,,2026-08-14 16:24:00,Sachin01,MTR.G2.R07.A05.L4.B2,1,,PW,BKP2606022749,Default Vendor,PRIME260800028073,,Adarsh Book Depot_TEST PREP,55583,PWH
PWH20422,ERP-B2B-SALE-2026-23673,2026-08-14 14:52:00,2026-08-14 15:23:00,Third Party,BKP2606022750,PW JEE Advanced 49 Years (2026-1978) with JEE Main 162 Sets Physics PYQs (2026-2019) | Chapterwise and Topicwise Solved Papers For JEE Main & Advanced 2027 Exams,,2026-08-14 16:19:00,Sachin01,MTR.G3.R02.A06.L3.B2,1,,PW,BKP2606022750,Default Vendor,PRIME260800028072,,Adarsh Book Depot_TEST PREP,55583,PWH
PWH20422,ERP-B2B-SALE-2026-23673,2026-08-14 14:52:00,2026-08-14 15:23:00,Third Party,BKP2606022750,PW JEE Advanced 49 Years (2026-1978) with JEE Main 162 Sets Physics PYQs (2026-2019) | Chapterwise and Topicwise Solved Papers For JEE Main & Advanced 2027 Exams,,2026-08-14 16:19:00,Sachin01,MTR.G3.R02.A06.L3.B2,4,,PW,BKP2606022750,Default Vendor,PRIME260800028071,,Adarsh Book Depot_TEST PREP,55583,PWH
PWH20422,ERP-B2B-SALE-2026-23673,2026-08-14 14:52:00,2026-08-14 15:23:00,Third Party,BKP2602785354,CA Foundation Accounting Sep 26 by CA Nitin Goel - Vol 1,,2026-08-14 16:21:00,Sachin01,MTR.G3.R25.A01.L2.B2,1,,PW,BKP2602785354,Default Vendor,PRIME260800028072,,Adarsh Book Depot_TEST PREP,55583,PWH
PWH20422,ERP-B2B-SALE-2026-23673,2026-08-14 14:52:00,2026-08-14 15:23:00,Third Party,BKP2606022749,JEE Advanced 49 Years (2026-1978) with JEE Main 162 Sets Maths PYQs (2026-2019) | Chapterwise and Topicwise Solved Papers For JEE Main & Advanced 2027 Exams,,2026-08-14 16:24:00,Sachin01,MTR.G2.R07.A05.L4.B2,4,,PW,BKP2606022749,Default Vendor,PRIME260800028073,,Adarsh Book Depot_TEST PREP,55583,PWH
PWH20422,ERP-B2B-SALE-2026-23673,2026-08-14 14:52:00,2026-08-14 15:23:00,Third Party,BKP2505007150,JEE Advanced EaJEE Handwritten Notes For Inorganic Chemistry By Om Pandey | Chapterwise and Topicwise Questions | Complete JEE Main & Advanced Syllabus | Handpicked PYQs [Paperback] Om Pandey,,2026-08-14 16:25:00,Sachin01,MTR.G2.R24.A10.L4.B2,2,,PW,BKP2505007150,Default Vendor,PRIME260800028072,,Adarsh Book Depot_TEST PREP,55583,PWH
PWH20422,ERP-B2B-SALE-2026-23673,2026-08-14 14:52:00,2026-08-14 15:23:00,Third Party,BKP2509007224,EaJEE Handwritten Notes For Mathematics Class 11 JEE Main & Advanced By Tarun Khandelwal (T.K. Sir) | Chapterwise and Topicwise Questions | Handpicked PYQs,,2026-08-14 16:27:00,Sachin01,MTR.G1.R26.A12.L3.B1,2,,PW,BKP2509007224,Default Vendor,PRIME260800028072,,Adarsh Book Depot_TEST PREP,55583,PWH
PWH20422,ERP-B2B-SALE-2026-23673,2026-08-14 14:52:00,2026-08-14 15:23:00,Third Party,BKP2512379553,SKC Physics Crush Class 11 (English Edition) Handwritten Format Notes By Saleem Sir For JEE and NEET Exams | From Basic to JEE Advanced via JEE/ NEET,,2026-08-14 16:28:00,Sachin01,MTR.G1.R41.A10.L3.B2,1,,PW,BKP2512379553,Default Vendor,PRIME260800028072,,Adarsh Book Depot_TEST PREP,55583,PWH
PWH20422,ERP-B2B-SALE-2026-23673,2026-08-14 14:52:00,2026-08-14 15:23:00,Third Party,BKP2601992939,PW EaJEE Handwritten Notes For Mathematics Class 12 JEE Main & Advanced By Tarun Khandelwal (T.K. Sir) | Chapterwise and Topicwise Questions | Handpicked PYQs,,2026-08-14 16:41:00,Sachin01,MTR.G0.R09.A11.L4.B2,1,,PW,BKP2601992939,Default Vendor,PRIME260800028073,,Adarsh Book Depot_TEST PREP,55583,PWH
PWH20422,ERP-B2B-SALE-2026-23673,2026-08-14 14:52:00,2026-08-14 15:23:00,Third Party,BKP2606076375,PW JEE Advanced 49 Years (2026-1978) with JEE Main 162 Sets Chemistry PYQs (2026-2019) | Chapterwise and Topicwise Solved Papers For JEE Main & Advanced 2027 Exams,,2026-08-14 16:45:00,Sachin01,SPR.R9.UP.L0.B3,4,,PW,BKP2606076375,Default Vendor,PRIME260800028072,,Adarsh Book Depot_TEST PREP,55583,PWH
PWH20422,ERP-B2B-SALE-2026-23673,2026-08-14 14:52:00,2026-08-14 15:23:00,Third Party,BKP2602019417,CA Foundation Accounting Sep 26 by CA Nitin Goel - Vol 2,,2026-08-14 16:51:00,Sachin01,SPR.R13.A12.L0.B3,1,,PW,BKP2602019417,Default Vendor,PRIME260800028073,,Adarsh Book Depot_TEST PREP,55583,PWH
PWH20423,ERP-B2B-SALE-2026-23674,2026-08-14 14:52:00,2026-08-14 15:23:00,Third Party,BKP2605021589,PW CBSE Class 9 Maths Ganita Manjari-1 New NCERT 2026-27 Question and Concept Bank with NCERT Textbook Solutions and Competency Based Questions By Ritik Sir,,2026-08-14 16:07:00,Sachin01,MTR.G1.R30.A11.L3.B2,1,,PW,BKP2605021589,Default Vendor,PRIME260800028081,,Oudh Stationery Mart,55584,PWH
PWH20423,ERP-B2B-SALE-2026-23674,2026-08-14 14:52:00,2026-08-14 15:23:00,Third Party,BKP2605021589,PW CBSE Class 9 Maths Ganita Manjari-1 New NCERT 2026-27 Question and Concept Bank with NCERT Textbook Solutions and Competency Based Questions By Ritik Sir,,2026-08-14 16:07:00,Sachin01,MTR.G1.R30.A11.L3.B2,2,,PW,BKP2605021589,Default Vendor,PRIME260800028081,,Oudh Stationery Mart,55584,PWH
PWH20424,ERP-B2B-SALE-2026-23675,2026-08-14 14:52:00,2026-08-14 15:23:00,Third Party,BKP2601185378,"PW Arjuna For NEET Class 11 Physics, Chemistry, Botany & Zoology Modules and Questions Booklet with Solutions Combo Set of 16 Books (2026 Edition).",Size,2026-08-14 17:23:00,Sachin01,GP_B2B,1,,PW,BKP2601185378,Default Vendor,PRIME260800028076,,Raj Book Distributor,55585,PWH
PWH20424,ERP-B2B-SALE-2026-23675,2026-08-14 14:52:00,2026-08-14 15:23:00,Third Party,BKP2601185378,"PW Arjuna For NEET Class 11 Physics, Chemistry, Botany & Zoology Modules and Questions Booklet with Solutions Combo Set of 16 Books (2026 Edition).",Size,2026-08-14 17:23:00,Sachin01,GP_B2B,1,,PW,BKP2601185378,Default Vendor,PRIME260800028076,,Raj Book Distributor,55585,PWH
PWH20425,ERP-B2B-SALE-2026-23676,2026-08-14 14:52:00,2026-08-14 15:23:00,Third Party,BKP2505007150,JEE Advanced EaJEE Handwritten Notes For Inorganic Chemistry By Om Pandey | Chapterwise and Topicwise Questions | Complete JEE Main & Advanced Syllabus | Handpicked PYQs [Paperback] Om Pandey,,2026-08-14 16:13:00,Sachin01,MTR.G2.R24.A10.L4.B2,1,,PW,BKP2505007150,Default Vendor,PRIME260800028083,,Jha Book Centre,55590,PWH
PWH20425,ERP-B2B-SALE-2026-23676,2026-08-14 14:52:00,2026-08-14 15:23:00,Third Party,BKP2505007150,JEE Advanced EaJEE Handwritten Notes For Inorganic Chemistry By Om Pandey | Chapterwise and Topicwise Questions | Complete JEE Main & Advanced Syllabus | Handpicked PYQs [Paperback] Om Pandey,,2026-08-14 16:13:00,Sachin01,MTR.G2.R24.A10.L4.B2,2,,PW,BKP2505007150,Default Vendor,PRIME260800028083,,Jha Book Centre,55590,PWH
PWH20426,ERP-B2B-SALE-2026-23677,2026-08-14 14:52:00,2026-08-14 15:23:00,Third Party,BKP2605021589,PW CBSE Class 9 Maths Ganita Manjari-1 New NCERT 2026-27 Question and Concept Bank with NCERT Textbook Solutions and Competency Based Questions By Ritik Sir,,2026-08-14 16:09:00,Sachin01,MTR.G1.R30.A11.L3.B2,1,,PW,BKP2605021589,Default Vendor,PRIME260800028080,,School Book Udupi,55591,PWH
PWH20426,ERP-B2B-SALE-2026-23677,2026-08-14 14:52:00,2026-08-14 15:23:00,Third Party,BKP2605021589,PW CBSE Class 9 Maths Ganita Manjari-1 New NCERT 2026-27 Question and Concept Bank with NCERT Textbook Solutions and Competency Based Questions By Ritik Sir,,2026-08-14 16:09:00,Sachin01,MTR.G1.R30.A11.L3.B2,4,,PW,BKP2605021589,Default Vendor,PRIME260800028080,,School Book Udupi,55591,PWH
PWH20428,ERP-B2B-SALE-2026-23680,2026-08-14 14:52:00,2026-08-14 15:23:00,Third Party,BKP2605021589,PW CBSE Class 9 Maths Ganita Manjari-1 New NCERT 2026-27 Question and Concept Bank with NCERT Textbook Solutions and Competency Based Questions By Ritik Sir,,2026-08-14 16:16:00,Sachin01,MTR.G1.R30.A11.L3.B2,1,,PW,BKP2605021589,Default Vendor,PRIME260800028082,,Sapra Book Depot,55592,PWH
PWH20428,ERP-B2B-SALE-2026-23680,2026-08-14 14:52:00,2026-08-14 15:23:00,Third Party,BKP2605021589,PW CBSE Class 9 Maths Ganita Manjari-1 New NCERT 2026-27 Question and Concept Bank with NCERT Textbook Solutions and Competency Based Questions By Ritik Sir,,2026-08-14 16:16:00,Sachin01,MTR.G1.R30.A11.L3.B2,4,,PW,BKP2605021589,Default Vendor,PRIME260800028082,,Sapra Book Depot,55592,PWH
PWH20429,ERP-B2B-SALE-2026-23681,2026-08-14 14:52:00,2026-08-14 15:23:00,Third Party,BKP2309007187,"Physics Med Easy 2.0 Notes | Notes, Formulas, Mnemonics, Tips & Tricks for NEET/JEE & Board Exams | Dr. Manish Raj (MR Sir) Physics Handwritten Notes",,2026-08-14 16:01:00,Manoj001,SPR.R28.A1.L0.B3,10,,PW,BKP2309007187,Default Vendor,PRIME260800028794,,Raj Traders,55586,PWH
PWH20429,ERP-B2B-SALE-2026-23681,2026-08-14 14:52:00,2026-08-14 15:23:00,Third Party,BKP2402007120,"Botany Med Easy Dr. Vipin Sharma Handwritten Notes | Flow Charts, Mindmaps, Mnemonics for NEET & Board Exams as per latest NMC NEET Syllabus",,2026-08-14 17:21:00,Manoj001,MTR.G2.R06.A09.L3.B1,20,,PW,BKP2402007120,Default Vendor,PRIME260800028794,,Raj Traders,55586,PWH
PWH20429,ERP-B2B-SALE-2026-23681,2026-08-14 14:52:00,2026-08-14 15:23:00,Third Party,BKP2503007117,"Maths Made EJEE Class 11 Handwritten Notes By Sachin Jakhar For JEE Main & Advanced Exams | Complete Theory, Basic to Advanced Problems, Special Tricks, PYQ, Detailed Solutions",,2026-08-14 16:51:00,Manoj001,MTR.G0.R27.A01.L3.B1,10,,PW,BKP2503007117,Default Vendor,PRIME260800028794,,Raj Traders,55586,PWH
PWH20429,ERP-B2B-SALE-2026-23681,2026-08-14 14:52:00,2026-08-14 15:23:00,Third Party,BKP2505007150,JEE Advanced EaJEE Handwritten Notes For Inorganic Chemistry By Om Pandey | Chapterwise and Topicwise Questions | Complete JEE Main & Advanced Syllabus | Handpicked PYQs [Paperback] Om Pandey,,2026-08-14 16:42:00,Manoj001,SPR.R4.A9.L4.B1,20,,PW,BKP2505007150,Default Vendor,PRIME260800026397,,Raj Traders,55586,PWH
PWH20429,ERP-B2B-SALE-2026-23681,2026-08-14 14:52:00,2026-08-14 15:23:00,Third Party,BKP2604020480,PW JEE Main 8 Years (2019 - 2026) PYQs Chemistry Chapterwise and Topicwise | All 162 Sets Previous Years Solved Papers For JEE Main 2027 Exams | Concentrate on Relevance,,2026-08-14 17:34:00,Manoj001,MTR.G1.R12.A05.L4.B1,2,,PW,BKP2604020480,Default Vendor,PRIME260800028794,,Raj Traders,55586,PWH
PWH20429,ERP-B2B-SALE-2026-23681,2026-08-14 14:52:00,2026-08-14 15:23:00,Third Party,BKP2604020480,PW JEE Main 8 Years (2019 - 2026) PYQs Chemistry Chapterwise and Topicwise | All 162 Sets Previous Years Solved Papers For JEE Main 2027 Exams | Concentrate on Relevance,,2026-08-14 17:35:00,Manoj001,MTR.G1.R13.A07.L3.B2,8,,PW,BKP2604020480,Default Vendor,PRIME260800028794,,Raj Traders,55586,PWH
PWH20429,ERP-B2B-SALE-2026-23681,2026-08-14 14:52:00,2026-08-14 15:23:00,Third Party,BKP2604020481,PW JEE Main 8 Years (2019 - 2026) PYQs Physics Chapterwise and Topicwise | All 162 Sets Previous Years Solved Papers For JEE Main 2027 Exams | Concentrate on Relevance,,2026-08-14 16:07:00,Manoj001,SPR.R28.A6.L3.B2,14,,PW,BKP2604020481,Default Vendor,PRIME260700004499,,Raj Traders,55586,PWH
PWH20429,ERP-B2B-SALE-2026-23681,2026-08-14 14:52:00,2026-08-14 15:23:00,Third Party,BKP2604020481,PW JEE Main 8 Years (2019 - 2026) PYQs Physics Chapterwise and Topicwise | All 162 Sets Previous Years Solved Papers For JEE Main 2027 Exams | Concentrate on Relevance,,2026-08-14 17:33:00,Manoj001,MTR.G1.R16.A05.L3.B1,6,,PW,BKP2604020481,Default Vendor,PRIME260800028794,,Raj Traders,55586,PWH
PWH20429,ERP-B2B-SALE-2026-23681,2026-08-14 14:52:00,2026-08-14 15:23:00,Third Party,BKP2604331325,SKC Physics Crush Class 12 Handwritten Format Notes By Saleem Sir For JEE and NEET Exams (Hinglish Edition) | From Basic to JEE Advanced via JEE/ NEET,,2026-08-14 16:19:00,Manoj001,SPR.R17.A2.L3.B1,20,,PW,BKP2604331325,Default Vendor,PRIME260500095935,,Raj Traders,55586,PWH
PWH20429,ERP-B2B-SALE-2026-23681,2026-08-14 14:52:00,2026-08-14 15:23:00,Third Party,BKP2604331325,SKC Physics Crush Class 12 Handwritten Format Notes By Saleem Sir For JEE and NEET Exams (Hinglish Edition) | From Basic to JEE Advanced via JEE/ NEET,,2026-08-14 16:18:00,Manoj001,SPR.R17.A2.L3.B1,20,,PW,BKP2604331325,Default Vendor,PRIME260500095909,,Raj Traders,55586,PWH
PWH20429,ERP-B2B-SALE-2026-23681,2026-08-14 14:52:00,2026-08-14 15:23:00,Third Party,BKP2604331325,SKC Physics Crush Class 12 Handwritten Format Notes By Saleem Sir For JEE and NEET Exams (Hinglish Edition) | From Basic to JEE Advanced via JEE/ NEET,,2026-08-14 17:02:00,Manoj001,MTR.G3.R27.A06.L4.B1,10,,PW,BKP2604331325,Default Vendor,PRIME260800028794,,Raj Traders,55586,PWH
PWH20429,ERP-B2B-SALE-2026-23681,2026-08-14 14:52:00,2026-08-14 15:23:00,Third Party,BKP2604020695,SKC Physics Crush Class 11 Handwritten Format Notes By Saleem Sir For JEE and NEET Exams (Hinglish Edition) | Most Important PYQs | From Basic to JEE Advanced via JEE/ NEET,,2026-08-14 16:32:00,Manoj001,SPR.R10.A14.L5.B1,18,,PW,BKP2604020695,Default Vendor,PRIME260700007777,,Raj Traders,55586,PWH
PWH20429,ERP-B2B-SALE-2026-23681,2026-08-14 14:52:00,2026-08-14 15:23:00,Third Party,BKP2604020695,SKC Physics Crush Class 11 Handwritten Format Notes By Saleem Sir For JEE and NEET Exams (Hinglish Edition) | Most Important PYQs | From Basic to JEE Advanced via JEE/ NEET,,2026-08-14 16:31:00,Manoj001,SPR.R10.A14.L5.B1,18,,PW,BKP2604020695,Default Vendor,PRIME260700007775,,Raj Traders,55586,PWH
PWH20429,ERP-B2B-SALE-2026-23681,2026-08-14 14:52:00,2026-08-14 15:23:00,Third Party,BKP2604020695,SKC Physics Crush Class 11 Handwritten Format Notes By Saleem Sir For JEE and NEET Exams (Hinglish Edition) | Most Important PYQs | From Basic to JEE Advanced via JEE/ NEET,,2026-08-14 17:30:00,Manoj001,MTR.G1.R42.A03.L4.B1,14,,PW,BKP2604020695,Default Vendor,PRIME260800028794,,Raj Traders,55586,PWH
PWH20429,ERP-B2B-SALE-2026-23681,2026-08-14 14:52:00,2026-08-14 15:23:00,Third Party,BKP2606023189,"PW Maths Made EJEE Class 12 Handwritten Notes By Sachin Jakhar For JEE Main & Advanced Exams | Complete Theory, PYQ with Detailed Solutions",,2026-08-14 16:14:00,Manoj001,SPR.R19.A1.L2.B1,20,,PW,BKP2606023189,Default Vendor,PRIME260800028794,,Raj Traders,55586,PWH
PWH20430,ERP-B2B-SALE-2026-23682,2026-08-14 14:52:00,2026-08-14 15:24:00,Third Party,BKP2605021581,PW Objective NCERT Punch 5.0 Biology For NEET 2027 By Dr. Vipin Kumar Sharma l Updated with Most Probable NEET Potential Questions (NPQ) For End Time Preparation,,2026-08-14 16:44:00,Manoj001,SPR.R2.A1.L3.B2,8,,PW,BKP2605021581,Default Vendor,PRIME260700067462,,Batta Books Pvt Ltd.,55588,PWH
PWH20430,ERP-B2B-SALE-2026-23682,2026-08-14 14:52:00,2026-08-14 15:24:00,Third Party,BKP2605021581,PW Objective NCERT Punch 5.0 Biology For NEET 2027 By Dr. Vipin Kumar Sharma l Updated with Most Probable NEET Potential Questions (NPQ) For End Time Preparation,,2026-08-14 16:22:00,Manoj001,SPR.R18.A7.L5.B2,6,,PW,BKP2605021581,Default Vendor,PRIME260700016723,,Batta Books Pvt Ltd.,55588,PWH
PWH20430,ERP-B2B-SALE-2026-23682,2026-08-14 14:52:00,2026-08-14 15:24:00,Third Party,BKP2605021581,PW Objective NCERT Punch 5.0 Biology For NEET 2027 By Dr. Vipin Kumar Sharma l Updated with Most Probable NEET Potential Questions (NPQ) For End Time Preparation,,2026-08-14 17:39:00,Manoj001,MTR.G1.R34.A07.L2.B2,1,,PW,BKP2605021581,Default Vendor,PRIME260800028793,,Batta Books Pvt Ltd.,55588,PWH
PWH20430,ERP-B2B-SALE-2026-23682,2026-08-14 14:52:00,2026-08-14 15:24:00,Third Party,BKP2605021580,PW Objective NCERT Punch 5.0 Physics For NEET 2027 By Dr. Manish Raj (MR Sir) l Updated with Most Probable NEET Potential Questions (NPQ) For End Time Preparation,,2026-08-14 16:10:00,Manoj001,SPR.R25.A11.L0.B2,10,,PW,BKP2605021580,Default Vendor,PRIME260700102806,,Batta Books Pvt Ltd.,55588,PWH
PWH20430,ERP-B2B-SALE-2026-23682,2026-08-14 14:52:00,2026-08-14 15:24:00,Third Party,BKP2605021580,PW Objective NCERT Punch 5.0 Physics For NEET 2027 By Dr. Manish Raj (MR Sir) l Updated with Most Probable NEET Potential Questions (NPQ) For End Time Preparation,,2026-08-14 17:17:00,Manoj001,MTR.G2.R24.A05.L4.B2,5,,PW,BKP2605021580,Default Vendor,PRIME260800028793,,Batta Books Pvt Ltd.,55588,PWH
PWH20430,ERP-B2B-SALE-2026-23682,2026-08-14 14:52:00,2026-08-14 15:24:00,Third Party,BKP2605021582,PW Objective NCERT Punch 5.0 Chemistry For NEET 2027 By Pankaj Sijairya l Updated with Most Probable NEET Potential Questions (NPQ) For End Time Preparation,,2026-08-14 16:35:00,Manoj001,SPR.R9.A12.L4.B1,12,,PW,BKP2605021582,Default Vendor,PRIME260800018397,,Batta Books Pvt Ltd.,55588,PWH
PWH20430,ERP-B2B-SALE-2026-23682,2026-08-14 14:52:00,2026-08-14 15:24:00,Third Party,BKP2605021582,PW Objective NCERT Punch 5.0 Chemistry For NEET 2027 By Pankaj Sijairya l Updated with Most Probable NEET Potential Questions (NPQ) For End Time Preparation,,2026-08-14 16:48:00,Manoj001,MTR.G0.R46.A10.L4.B1,3,,PW,BKP2605021582,Default Vendor,PRIME260800028793,,Batta Books Pvt Ltd.,55588,PWH
PWH20430,ERP-B2B-SALE-2026-23682,2026-08-14 14:52:00,2026-08-14 15:24:00,Third Party,BKP2604020338,PW All in One SBI Clerk Book 2026 Prelims and Mains Exams | Chapterwise Theory and Exercises | 10 Previous Year Questions Papers PYQs and 15 Online CBT Tests English Edition,,2026-08-14 17:37:00,Manoj001,MTR.G1.R29.A07.L4.B2,5,,PW,BKP2604020338,Default Vendor,PRIME260800028793,,Batta Books Pvt Ltd.,55588,PWH
PWH20430,ERP-B2B-SALE-2026-23682,2026-08-14 14:52:00,2026-08-14 15:24:00,Third Party,BKP2605021589,PW CBSE Class 9 Maths Ganita Manjari-1 New NCERT 2026-27 Question and Concept Bank with NCERT Textbook Solutions and Competency Based Questions By Ritik Sir,,2026-08-14 17:38:00,Manoj001,MTR.G1.R30.A11.L3.B2,20,,PW,BKP2605021589,Default Vendor,PRIME260800028793,,Batta Books Pvt Ltd.,55588,PWH
PWH20431,ERP-B2B-SALE-2026-23683,2026-08-14 14:52:00,2026-08-14 15:24:00,Third Party,BKP2402007120,"Botany Med Easy Dr. Vipin Sharma Handwritten Notes | Flow Charts, Mindmaps, Mnemonics for NEET & Board Exams as per latest NMC NEET Syllabus",,2026-08-14 23:15:00,Krishna09,MTR.G2.R06.A09.L3.B1,1,,PW,BKP2402007120,Default Vendor,PRIME260800029574,,Prajna Book Gallery,55639,PWH
PWH20431,ERP-B2B-SALE-2026-23683,2026-08-14 14:52:00,2026-08-14 15:24:00,Third Party,BKP2504006875,"PW 20 Years Karnataka CET Chapterwise Solved Papers (2006 - 2025) | Physics, Chemistry, Mathematics and Biology | KCET PYQ Book For Engineering Exam 2026",,2026-08-14 23:08:00,Krishna09,MTR.G3.R43.A08.L3.B2,1,,PW,BKP2504006875,Default Vendor,PRIME260800029574,,Prajna Book Gallery,55639,PWH
PWH20431,ERP-B2B-SALE-2026-23683,2026-08-14 14:52:00,2026-08-14 15:24:00,Third Party,BKP2509006814,"All in One IBPS RRB PO Prelims & Mains (Officers Scale-l) Exams 2025-26 By Mayank Sir & Vidhu Sir | Chapterwise Theory, Practice Questions | 10 Past Year Papers (PYQ)",,2026-08-14 23:07:00,Krishna09,MTR.G3.R42.A02.L3.B2,1,,PW,BKP2509006814,Default Vendor,PRIME260800029574,,Prajna Book Gallery,55639,PWH
PWH20431,ERP-B2B-SALE-2026-23683,2026-08-14 14:52:00,2026-08-14 15:24:00,Third Party,BKP2509008834,PW NDA/NA National Defence Academy & Naval Academy 23 Previous Years Solved Papers (2014 - Sept 2025) Chapterwise & Topicwise 7500+ PYQs l Maths & General Ability For Exam 2026,,2026-08-15 00:51:00,Krishna09,MTR.G0.R28.A05.L3.B2,1,,PW,BKP2509008834,Default Vendor,PRIME260800029574,,Prajna Book Gallery,55639,PWH
PWH20431,ERP-B2B-SALE-2026-23683,2026-08-14 14:52:00,2026-08-14 15:24:00,Third Party,BKP2509008834,PW NDA/NA National Defence Academy & Naval Academy 23 Previous Years Solved Papers (2014 - Sept 2025) Chapterwise & Topicwise 7500+ PYQs l Maths & General Ability For Exam 2026,,2026-08-14 23:20:00,Krishna09,MTR.G1.R08.A05.L2.B2,1,,PW,BKP2509008834,Default Vendor,PRIME260800029574,,Prajna Book Gallery,55639,PWH
PWH20431,ERP-B2B-SALE-2026-23683,2026-08-14 14:52:00,2026-08-14 15:24:00,Third Party,BKP2512734527,PW Mission 100 Biology Book For NEET UG 2026 Exams | Chapterwise Revision & Practice Based on 80-20 Rule with Sample Papers and Handpicked Past Year Questions (PYQ),,2026-08-15 00:52:00,Krishna09,MTR.G0.R22.A02.L1.B2,5,,PW,BKP2512734527,Default Vendor,PRIME260800029574,,Prajna Book Gallery,55639,PWH
PWH20431,ERP-B2B-SALE-2026-23683,2026-08-14 14:52:00,2026-08-14 15:24:00,Third Party,BKP2512261191,PW Mission 100 Physics Book For NEET UG 2026 Exams | Chapterwise Revision & Practice Based on 80-20 Rule with Sample Papers and Handpicked Past Year Questions (PYQ),,2026-08-15 00:55:00,Krishna09,MTR.G0.R13.A04.L3.B1,5,,PW,BKP2512261191,Default Vendor,PRIME260800029574,,Prajna Book Gallery,55639,PWH
PWH20431,ERP-B2B-SALE-2026-23683,2026-08-14 14:52:00,2026-08-14 15:24:00,Third Party,BKP2512780031,PW Mission 100 Chemistry Book For NEET UG 2026 Exams | Chapterwise Revision & Practice Based on 80-20 Rule with Sample Papers and Handpicked Past Year Questions (PYQ),,2026-08-15 00:57:00,Krishna09,MTR.G0.R36.A11.L2.B1,5,,PW,BKP2512780031,Default Vendor,PRIME260800029574,,Prajna Book Gallery,55639,PWH
PWH20431,ERP-B2B-SALE-2026-23683,2026-08-14 14:52:00,2026-08-14 15:24:00,Third Party,BKP2601333876,"PW Arjuna For JEE Main & Advanced Class 11 Physics, Chemistry, Mathematics Modules and Question Booklet with Solutions Combo Set of 16 Books (2026 Edition).",Size,2026-08-15 01:07:00,Krishna09,GP_B2B,2,,PW,BKP2601333876,Default Vendor,PRIME260800029574,,Prajna Book Gallery,55639,PWH
PWH20431,ERP-B2B-SALE-2026-23683,2026-08-14 14:52:00,2026-08-14 15:24:00,Third Party,BKP2601124475,"PW Prayas For JEE Main & Advanced Droppers Physics, Chemistry and Mathematics Modules with Solutions Combo Set of 24 Books (2026 Edition).",Size,2026-08-15 01:04:00,Krishna09,GP_KIT_02,2,,PW,BKP2601124475,Default Vendor,PRIME260800029574,,Prajna Book Gallery,55639,PWH
PWH20431,ERP-B2B-SALE-2026-23683,2026-08-14 14:52:00,2026-08-14 15:24:00,Third Party,BKP2602844871,"PW Yakeen For NEET Droppers Physics, Chemistry, Botany and Zoology Modules with Solutions Combo Set of 24 Books (2026 Edition).",Size,2026-08-15 01:08:00,Krishna09,GP_B2B,2,,PW,BKP2602844871,Default Vendor,PRIME260800029574,,Prajna Book Gallery,55639,PWH
PWH20431,ERP-B2B-SALE-2026-23683,2026-08-14 14:52:00,2026-08-14 15:24:00,Third Party,BKP2601648604,"PW Lakshya For JEE Main & Advanced Class 12 Physics, Chemistry, Mathematics Modules and Questions Booklet with Solutions Combo Set of 16 Books (2026 Edition) .",,2026-08-15 01:12:00,Krishna09,GP_B2B,2,,PW,BKP2601648604,Default Vendor,PRIME260800029574,,Prajna Book Gallery,55639,PWH
PWH20431,ERP-B2B-SALE-2026-23683,2026-08-14 14:52:00,2026-08-14 15:24:00,Third Party,BKP2601379004,"PW Lakshya For NEET Class 12 Physics, Chemistry, Botany & Zoology Modules and Questions Booklet with Solutions Combo Set of 15 Books (2026 Edition) .",Size,2026-08-15 01:08:00,Krishna09,GP_B2B,2,,PW,BKP2601379004,Default Vendor,PRIME260800029574,,Prajna Book Gallery,55639,PWH
PWH20431,ERP-B2B-SALE-2026-23683,2026-08-14 14:52:00,2026-08-14 15:24:00,Third Party,BKP2602019208,PW IBPS Clerk PYQ - 27 Year-wise Prelims & Mains Previous Year Solved Papers Till Nov 2025 with 15 Online CBT Tests For Exam 2026-27 | 3750 PYQs | English Edition,,2026-08-14 23:15:00,Krishna09,MTR.G2.R08.A11.L2.B1,1,,PW,BKP2602019208,Default Vendor,PRIME260800029574,,Prajna Book Gallery,55639,PWH
PWH20431,ERP-B2B-SALE-2026-23683,2026-08-14 14:52:00,2026-08-14 15:24:00,Third Party,BKP2602019200,PW IBPS PO PYQ - 27 Year-wise Prelims & Mains Previous Year Solved Papers Till Oct 2025 with 15 Online CBT Tests for Exam 2026-27 | 3250 PYQs | English Edition,,2026-08-15 00:53:00,Krishna09,MTR.G0.R22.A12.L3.B2,3,,PW,BKP2602019200,Default Vendor,PRIME260800029574,,Prajna Book Gallery,55639,PWH
PWH20431,ERP-B2B-SALE-2026-23683,2026-08-14 14:52:00,2026-08-14 15:24:00,Third Party,BKP2603019882,"PW SSC Game Changer English PYQ 7550+ MCQs For 2026 Exams | Chapter, Topic & Exam-wise Previous Year Solved Questions | For CGL, CHSL, MTS, CPO, GD, Delhi Police, Steno",,2026-08-15 00:53:00,Krishna09,MTR.G0.R19.A12.L3.B2,3,,PW,BKP2603019882,Default Vendor,PRIME260800029574,,Prajna Book Gallery,55639,PWH
PWH20431,ERP-B2B-SALE-2026-23683,2026-08-14 14:52:00,2026-08-14 15:24:00,Third Party,BKP2602909300,PW All in One IBPS Clerk 2026 Book Prelims & Mains Exams | Chapterwise Theory and Exercises | 12 Previous Year Solved Papers PYQ Till Oct 2025 and 15 Online CBT Tests English Edition,,2026-08-14 23:10:00,Krishna09,MTR.G3.R32.A09.L3.B1,1,,PW,BKP2602909300,Default Vendor,PRIME260800029574,,Prajna Book Gallery,55639,PWH
PWH20431,ERP-B2B-SALE-2026-23683,2026-08-14 14:52:00,2026-08-14 15:24:00,Third Party,BKP2605021581,PW Objective NCERT Punch 5.0 Biology For NEET 2027 By Dr. Vipin Kumar Sharma l Updated with Most Probable NEET Potential Questions (NPQ) For End Time Preparation,,2026-08-14 23:21:00,Krishna09,MTR.G1.R34.A07.L2.B2,1,,PW,BKP2605021581,Default Vendor,PRIME260800029574,,Prajna Book Gallery,55639,PWH
PWH20431,ERP-B2B-SALE-2026-23683,2026-08-14 14:52:00,2026-08-14 15:24:00,Third Party,BKP2605021580,PW Objective NCERT Punch 5.0 Physics For NEET 2027 By Dr. Manish Raj (MR Sir) l Updated with Most Probable NEET Potential Questions (NPQ) For End Time Preparation,,2026-08-14 23:14:00,Krishna09,MTR.G2.R24.A05.L4.B2,1,,PW,BKP2605021580,Default Vendor,PRIME260800029574,,Prajna Book Gallery,55639,PWH
PWH20431,ERP-B2B-SALE-2026-23683,2026-08-14 14:52:00,2026-08-14 15:24:00,Third Party,BKP2605021582,PW Objective NCERT Punch 5.0 Chemistry For NEET 2027 By Pankaj Sijairya l Updated with Most Probable NEET Potential Questions (NPQ) For End Time Preparation,,2026-08-15 00:50:00,Krishna09,MTR.G0.R46.A10.L4.B1,5,,PW,BKP2605021582,Default Vendor,PRIME260800029574,,Prajna Book Gallery,55639,PWH
PWH20431,ERP-B2B-SALE-2026-23683,2026-08-14 14:52:00,2026-08-14 15:24:00,Third Party,BKP2601185378,"PW Arjuna For NEET Class 11 Physics, Chemistry, Botany & Zoology Modules and Questions Booklet with Solutions Combo Set of 16 Books (2026 Edition).",Size,2026-08-15 00:55:00,Krishna09,MTR.G0.R04.A09.L1.B2,2,,PW,BKP2601185378,Default Vendor,PRIME260800029574,,Prajna Book Gallery,55639,PWH
PWH20431,ERP-B2B-SALE-2026-23683,2026-08-14 14:52:00,2026-08-14 15:24:00,Third Party,BKP2509006814,"All in One IBPS RRB PO Prelims & Mains (Officers Scale-l) Exams 2025-26 By Mayank Sir & Vidhu Sir | Chapterwise Theory, Practice Questions | 10 Past Year Papers (PYQ)",,2026-08-14 23:07:00,Krishna09,MTR.G3.R42.A02.L3.B2,2,,PW,BKP2509006814,Default Vendor,PRIME260800029574,,Prajna Book Gallery,55639,PWH
PWH20431,ERP-B2B-SALE-2026-23683,2026-08-14 14:52:00,2026-08-14 15:24:00,Third Party,BKP2504006875,"PW 20 Years Karnataka CET Chapterwise Solved Papers (2006 - 2025) | Physics, Chemistry, Mathematics and Biology | KCET PYQ Book For Engineering Exam 2026",,2026-08-14 23:08:00,Krishna09,MTR.G3.R43.A08.L3.B2,4,,PW,BKP2504006875,Default Vendor,PRIME260800029574,,Prajna Book Gallery,55639,PWH
PWH20431,ERP-B2B-SALE-2026-23683,2026-08-14 14:52:00,2026-08-14 15:24:00,Third Party,BKP2602909300,PW All in One IBPS Clerk 2026 Book Prelims & Mains Exams | Chapterwise Theory and Exercises | 12 Previous Year Solved Papers PYQ Till Oct 2025 and 15 Online CBT Tests English Edition,,2026-08-14 23:10:00,Krishna09,MTR.G3.R32.A09.L3.B1,2,,PW,BKP2602909300,Default Vendor,PRIME260800029574,,Prajna Book Gallery,55639,PWH
PWH20431,ERP-B2B-SALE-2026-23683,2026-08-14 14:52:00,2026-08-14 15:24:00,Third Party,BKP2605021580,PW Objective NCERT Punch 5.0 Physics For NEET 2027 By Dr. Manish Raj (MR Sir) l Updated with Most Probable NEET Potential Questions (NPQ) For End Time Preparation,,2026-08-14 23:14:00,Krishna09,MTR.G2.R24.A05.L4.B2,4,,PW,BKP2605021580,Default Vendor,PRIME260800029574,,Prajna Book Gallery,55639,PWH
PWH20431,ERP-B2B-SALE-2026-23683,2026-08-14 14:52:00,2026-08-14 15:24:00,Third Party,BKP2402007120,"Botany Med Easy Dr. Vipin Sharma Handwritten Notes | Flow Charts, Mindmaps, Mnemonics for NEET & Board Exams as per latest NMC NEET Syllabus",,2026-08-14 23:14:00,Krishna09,MTR.G2.R06.A09.L3.B1,4,,PW,BKP2402007120,Default Vendor,PRIME260800029574,,Prajna Book Gallery,55639,PWH
PWH20431,ERP-B2B-SALE-2026-23683,2026-08-14 14:52:00,2026-08-14 15:24:00,Third Party,BKP2602019208,PW IBPS Clerk PYQ - 27 Year-wise Prelims & Mains Previous Year Solved Papers Till Nov 2025 with 15 Online CBT Tests For Exam 2026-27 | 3750 PYQs | English Edition,,2026-08-14 23:15:00,Krishna09,MTR.G2.R08.A11.L2.B1,2,,PW,BKP2602019208,Default Vendor,PRIME260800029574,,Prajna Book Gallery,55639,PWH
PWH20431,ERP-B2B-SALE-2026-23683,2026-08-14 14:52:00,2026-08-14 15:24:00,Third Party,BKP2605021581,PW Objective NCERT Punch 5.0 Biology For NEET 2027 By Dr. Vipin Kumar Sharma l Updated with Most Probable NEET Potential Questions (NPQ) For End Time Preparation,,2026-08-14 23:21:00,Krishna09,MTR.G1.R34.A07.L2.B2,3,,PW,BKP2605021581,Default Vendor,PRIME260800029574,,Prajna Book Gallery,55639,PWH
PWH20431,ERP-B2B-SALE-2026-23683,2026-08-14 14:52:00,2026-08-14 15:24:00,Third Party,BKP2605021581,PW Objective NCERT Punch 5.0 Biology For NEET 2027 By Dr. Vipin Kumar Sharma l Updated with Most Probable NEET Potential Questions (NPQ) For End Time Preparation,,2026-08-14 23:18:00,Krishna09,MTR.G1.R34.A07.L2.B2,1,,PW,BKP2605021581,Default Vendor,PRIME260800029574BKP2605021581,,Prajna Book Gallery,55639,PWH
PWH20431,ERP-B2B-SALE-2026-23683,2026-08-14 14:52:00,2026-08-14 15:24:00,Third Party,BKP2509008834,PW NDA/NA National Defence Academy & Naval Academy 23 Previous Years Solved Papers (2014 - Sept 2025) Chapterwise & Topicwise 7500+ PYQs l Maths & General Ability For Exam 2026,,2026-08-14 23:20:00,Krishna09,MTR.G1.R08.A05.L2.B2,3,,PW,BKP2509008834,Default Vendor,PRIME260800029574,,Prajna Book Gallery,55639,PWH
PWH20432,ERP-B2B-SALE-2026-23684,2026-08-14 14:52:00,2026-08-14 15:24:00,Third Party,BKP2605021589,PW CBSE Class 9 Maths Ganita Manjari-1 New NCERT 2026-27 Question and Concept Bank with NCERT Textbook Solutions and Competency Based Questions By Ritik Sir,,2026-08-14 17:50:00,Rohan15,MTR.G1.R30.A11.L3.B2,30,,PW,BKP2605021589,Default Vendor,PRIME260800028084,,Ravi Prakashan Mandir,55593,PWH
PWH20433,ERP-B2B-SALE-2026-23685,2026-08-14 14:52:00,2026-08-14 15:24:00,Third Party,BKP2512734527,PW Mission 100 Biology Book For NEET UG 2026 Exams | Chapterwise Revision & Practice Based on 80-20 Rule with Sample Papers and Handpicked Past Year Questions (PYQ),,2026-08-14 17:57:00,SumitPal,SPR.R5.A12.L1.B2,18,,PW,BKP2512734527,Default Vendor,PRIME260800028074,,SREE VIDYA BOOK DEPOT_Test_Prep,55594,PWH
PWH20433,ERP-B2B-SALE-2026-23685,2026-08-14 14:52:00,2026-08-14 15:24:00,Third Party,BKP2512734527,PW Mission 100 Biology Book For NEET UG 2026 Exams | Chapterwise Revision & Practice Based on 80-20 Rule with Sample Papers and Handpicked Past Year Questions (PYQ),,2026-08-14 18:21:00,SumitPal,MTR.G0.R22.A02.L1.B2,1,,PW,BKP2512734527,Default Vendor,PRIME260800028075,,SREE VIDYA BOOK DEPOT_Test_Prep,55594,PWH
PWH20433,ERP-B2B-SALE-2026-23685,2026-08-14 14:52:00,2026-08-14 15:24:00,Third Party,BKP2512780031,PW Mission 100 Chemistry Book For NEET UG 2026 Exams | Chapterwise Revision & Practice Based on 80-20 Rule with Sample Papers and Handpicked Past Year Questions (PYQ),,2026-08-14 18:15:00,SumitPal,SPR.R24.A2.L4.B1,18,,PW,BKP2512780031,Default Vendor,PRIME260800028075,,SREE VIDYA BOOK DEPOT_Test_Prep,55594,PWH
PWH20433,ERP-B2B-SALE-2026-23685,2026-08-14 14:52:00,2026-08-14 15:24:00,Third Party,BKP2512780031,PW Mission 100 Chemistry Book For NEET UG 2026 Exams | Chapterwise Revision & Practice Based on 80-20 Rule with Sample Papers and Handpicked Past Year Questions (PYQ),,2026-08-14 18:19:00,SumitPal,MTR.G0.R36.A11.L2.B1,1,,PW,BKP2512780031,Default Vendor,PRIME260800028075,,SREE VIDYA BOOK DEPOT_Test_Prep,55594,PWH
PWH20433,ERP-B2B-SALE-2026-23685,2026-08-14 14:52:00,2026-08-14 15:24:00,Third Party,BKP2512780031,PW Mission 100 Chemistry Book For NEET UG 2026 Exams | Chapterwise Revision & Practice Based on 80-20 Rule with Sample Papers and Handpicked Past Year Questions (PYQ),,2026-08-14 18:19:00,SumitPal,MTR.G0.R36.A11.L2.B1,1,,PW,BKP2512780031,Default Vendor,PRIME260800028075,,SREE VIDYA BOOK DEPOT_Test_Prep,55594,PWH
PWH20433,ERP-B2B-SALE-2026-23685,2026-08-14 14:52:00,2026-08-14 15:24:00,Third Party,BKP2512734527,PW Mission 100 Biology Book For NEET UG 2026 Exams | Chapterwise Revision & Practice Based on 80-20 Rule with Sample Papers and Handpicked Past Year Questions (PYQ),,2026-08-14 18:20:00,SumitPal,MTR.G0.R22.A02.L1.B2,1,,PW,BKP2512734527,Default Vendor,PRIME260800028075,,SREE VIDYA BOOK DEPOT_Test_Prep,55594,PWH
PWH20434,ERP-B2B-SALE-2026-23686,2026-08-14 14:52:00,2026-08-14 15:24:00,Third Party,BKP2605021589,PW CBSE Class 9 Maths Ganita Manjari-1 New NCERT 2026-27 Question and Concept Bank with NCERT Textbook Solutions and Competency Based Questions By Ritik Sir,,2026-08-14 17:48:00,Rohan15,MTR.G1.R30.A11.L3.B2,10,,PW,BKP2605021589,Default Vendor,PRIME260800028086,,SREE VIDYA BOOK DEPOT_Test_Prep,55595,PWH
PWH20435,ERP-B2B-SALE-2026-23687,2026-08-14 14:52:00,2026-08-14 15:24:00,Third Party,BKP2605021589,PW CBSE Class 9 Maths Ganita Manjari-1 New NCERT 2026-27 Question and Concept Bank with NCERT Textbook Solutions and Competency Based Questions By Ritik Sir,,2026-08-14 23:02:00,Krishna09,MTR.G1.R30.A11.L3.B2,1,,PW,BKP2605021589,Default Vendor,PRIME260800028087,,Ratan Book And Stationary,55596,PWH
PWH20435,ERP-B2B-SALE-2026-23687,2026-08-14 14:52:00,2026-08-14 15:24:00,Third Party,BKP2605021589,PW CBSE Class 9 Maths Ganita Manjari-1 New NCERT 2026-27 Question and Concept Bank with NCERT Textbook Solutions and Competency Based Questions By Ritik Sir,,2026-08-14 23:02:00,Krishna09,MTR.G1.R30.A11.L3.B2,2,,PW,BKP2605021589,Default Vendor,PRIME260800028087,,Ratan Book And Stationary,55596,PWH
PWH20436,ERP-B2B-SALE-2026-23688,2026-08-14 14:52:00,2026-08-14 15:24:00,Third Party,BKP2606362495,33 SSC MTS Multi Tasking (Non-Technical) Staff and Havaldar Previous Solved Papers (2026 -2017) English Edition Refurbish,,2026-08-14 22:57:00,Krishna09,SPR.R4.A7.L1.B3,1,,PW,BKP2606362495,Default Vendor,PRIME260800028088,,Bijay Pustak Bhandar Private Limited,55597,PWH
PWH20436,ERP-B2B-SALE-2026-23688,2026-08-14 14:52:00,2026-08-14 15:24:00,Third Party,BKP2606362495,33 SSC MTS Multi Tasking (Non-Technical) Staff and Havaldar Previous Solved Papers (2026 -2017) English Edition Refurbish,,2026-08-14 22:57:00,Krishna09,SPR.R4.A7.L1.B3,9,,PW,BKP2606362495,Default Vendor,PRIME260800028088,,Bijay Pustak Bhandar Private Limited,55597,PWH
PWH20437,ERP-B2B-SALE-2026-23689,2026-08-14 14:52:00,2026-08-14 15:47:00,Third Party,BKP2606362495,33 SSC MTS Multi Tasking (Non-Technical) Staff and Havaldar Previous Solved Papers (2026 -2017) English Edition Refurbish,,2026-08-14 23:01:00,Bharat21,SPR.R4.A7.L1.B3,2,,PW,BKP2606362495,Default Vendor,PRIME260800028091,,Naresh Book Depot_TEST PREP,55656,PWH
PWH20438,ERP-B2B-SALE-2026-23690,2026-08-14 14:52:00,2026-08-14 15:24:00,Third Party,BKP2602785354,CA Foundation Accounting Sep 26 by CA Nitin Goel - Vol 1,,2026-08-14 18:30:00,Rohan15,MTR.G3.R25.A01.L2.B2,15,,PW,BKP2602785354,Default Vendor,PRIME260800028077,,Sri Rangapublisher and distributor,55598,PWH
PWH20438,ERP-B2B-SALE-2026-23690,2026-08-14 14:52:00,2026-08-14 15:24:00,Third Party,BKP2602019417,CA Foundation Accounting Sep 26 by CA Nitin Goel - Vol 2,,2026-08-14 18:27:00,Rohan15,SPR.R13.A12.L0.B3,8,,PW,BKP2602019417,Default Vendor,PRIME260800028077,,Sri Rangapublisher and distributor,55598,PWH
PWH20438,ERP-B2B-SALE-2026-23690,2026-08-14 14:52:00,2026-08-14 15:24:00,Third Party,BKP2602019417,CA Foundation Accounting Sep 26 by CA Nitin Goel - Vol 2,,2026-08-14 18:26:00,Rohan15,SPR.R13.A12.L0.B3,7,,PW,BKP2602019417,Default Vendor,PRIME260800028077,,Sri Rangapublisher and distributor,55598,PWH
PWH20440,ERP-B2B-SALE-2026-23692,2026-08-14 14:52:00,2026-08-14 15:25:00,Third Party,BKP2605021589,PW CBSE Class 9 Maths Ganita Manjari-1 New NCERT 2026-27 Question and Concept Bank with NCERT Textbook Solutions and Competency Based Questions By Ritik Sir,,2026-08-14 18:33:00,Manoj001,MTR.G1.R30.A11.L3.B2,3,,PW,BKP2605021589,Default Vendor,PRIME260800028079,,Bajrangi Old & New Book Centre,55599,PWH
PWH20440,ERP-B2B-SALE-2026-23692,2026-08-14 14:52:00,2026-08-14 15:25:00,Third Party,BKP2505007200,MR Physics Questions Solving Med Easy | Chapterwise and Topicwise 6000+ Practice Questions with Answer Keys | Complete Class 11 & 12 Syllabus For NEET and JEE,,2026-08-14 18:28:00,Manoj001,MTR.G3.R24.A12.L4.B1,11,,PW,BKP2505007200,Default Vendor,PRIME260800028078,,Bajrangi Old & New Book Centre,55599,PWH
PWH20440,ERP-B2B-SALE-2026-23692,2026-08-14 14:52:00,2026-08-14 15:25:00,Third Party,BKP2505007150,JEE Advanced EaJEE Handwritten Notes For Inorganic Chemistry By Om Pandey | Chapterwise and Topicwise Questions | Complete JEE Main & Advanced Syllabus | Handpicked PYQs [Paperback] Om Pandey,,2026-08-14 18:30:00,Manoj001,MTR.G2.R24.A10.L4.B2,15,,PW,BKP2505007150,Default Vendor,PRIME260800028079,,Bajrangi Old & New Book Centre,55599,PWH
PWH20440,ERP-B2B-SALE-2026-23692,2026-08-14 14:52:00,2026-08-14 15:25:00,Third Party,BKP2505007200,MR Physics Questions Solving Med Easy | Chapterwise and Topicwise 6000+ Practice Questions with Answer Keys | Complete Class 11 & 12 Syllabus For NEET and JEE,,2026-08-14 18:28:00,Manoj001,MTR.G3.R24.A12.L4.B1,4,,PW,BKP2505007200,Default Vendor,PRIME260800028079,,Bajrangi Old & New Book Centre,55599,PWH
PWH20441,ERP-B2B-SALE-2026-23693,2026-08-14 14:52:00,2026-08-14 15:25:00,Third Party,BKP2503006840,UPSC Mindmaps Ancient and Medieval (Hindi) India For UPSC/PSC Competitive Examinations | Navigating Concepts Through Visual Mindmaps,,2026-08-14 17:53:00,Manoj001,MTR.G0.R12.A04.L2.B2,20,,PW,BKP2503006840,Default Vendor,PRIME260800028792,,Mahato Book Depot,55589,PWH
PWH20441,ERP-B2B-SALE-2026-23693,2026-08-14 14:52:00,2026-08-14 15:25:00,Third Party,BKP2605021811,"PW Nursing Books Vision High Combo Set of 3 Books | 5000+ Questions with PYQs, Detailed Explanations | For NORCET, RRB, NHM CHO, DSSSB, AIIMS CRE, ESIC, JIPMER Exams",Size,2026-08-14 17:58:00,Manoj001,GP_KIT_13,3,,PW,BKP2605021811,Default Vendor,PRIME260800028792,,Mahato Book Depot,55589,PWH
PWH20441,ERP-B2B-SALE-2026-23693,2026-08-14 14:52:00,2026-08-14 15:25:00,Third Party,BKP2605021589,PW CBSE Class 9 Maths Ganita Manjari-1 New NCERT 2026-27 Question and Concept Bank with NCERT Textbook Solutions and Competency Based Questions By Ritik Sir,,2026-08-14 17:43:00,Manoj001,MTR.G1.R30.A11.L3.B2,5,,PW,BKP2605021589,Default Vendor,PRIME260800028792,,Mahato Book Depot,55589,PWH
PWH20441,ERP-B2B-SALE-2026-23693,2026-08-14 14:52:00,2026-08-14 15:25:00,Third Party,BKP2505007200,MR Physics Questions Solving Med Easy | Chapterwise and Topicwise 6000+ Practice Questions with Answer Keys | Complete Class 11 & 12 Syllabus For NEET and JEE,,2026-08-14 17:05:00,Manoj001,MTR.G3.R24.A12.L4.B1,16,,PW,BKP2505007200,Default Vendor,PRIME260800028792,,Mahato Book Depot,55589,PWH
PWH20441,ERP-B2B-SALE-2026-23693,2026-08-14 14:52:00,2026-08-14 15:25:00,Third Party,BKP2505007150,JEE Advanced EaJEE Handwritten Notes For Inorganic Chemistry By Om Pandey | Chapterwise and Topicwise Questions | Complete JEE Main & Advanced Syllabus | Handpicked PYQs [Paperback] Om Pandey,,2026-08-14 18:10:00,Manoj001,SPR.R4.A9.L4.B1,20,,PW,BKP2505007150,Default Vendor,PRIME260800026398,,Mahato Book Depot,55589,PWH
PWH20441,ERP-B2B-SALE-2026-23693,2026-08-14 14:52:00,2026-08-14 15:25:00,Third Party,BKP2505007150,JEE Advanced EaJEE Handwritten Notes For Inorganic Chemistry By Om Pandey | Chapterwise and Topicwise Questions | Complete JEE Main & Advanced Syllabus | Handpicked PYQs [Paperback] Om Pandey,,2026-08-14 18:10:00,Manoj001,SPR.R4.A9.L4.B1,20,,PW,BKP2505007150,Default Vendor,PRIME260800026406,,Mahato Book Depot,55589,PWH
PWH20441,ERP-B2B-SALE-2026-23693,2026-08-14 14:52:00,2026-08-14 15:25:00,Third Party,BKP2505006734,UPSC Mindmaps Indian Polity (Hindi) For UPSC/PSC Competitive Examinations | Navigating Concepts Through Visual Mindmaps,,2026-08-14 17:41:00,Manoj001,MTR.G1.R41.A08.L4.B1,3,,PW,BKP2505006734,Default Vendor,PRIME260800028792,,Mahato Book Depot,55589,PWH
PWH20441,ERP-B2B-SALE-2026-23693,2026-08-14 14:52:00,2026-08-14 15:25:00,Third Party,BKP2505006734,UPSC Mindmaps Indian Polity (Hindi) For UPSC/PSC Competitive Examinations | Navigating Concepts Through Visual Mindmaps,,2026-08-14 17:15:00,Manoj001,MTR.G2.R32.A05.L4.B2,17,,PW,BKP2505006734,Default Vendor,PRIME260800028792,,Mahato Book Depot,55589,PWH
PWH20441,ERP-B2B-SALE-2026-23693,2026-08-14 14:52:00,2026-08-14 15:25:00,Third Party,BKP2503006744,UPSC Mindmaps Indian Geography (Hindi) For UPSC/PSC Competitive Examinations | Navigating Concepts Through Visual Mindmaps,,2026-08-14 17:54:00,Manoj001,MTR.G0.R03.A05.L3.B2,6,,PW,BKP2503006744,Default Vendor,PRIME260800028792,,Mahato Book Depot,55589,PWH
PWH20441,ERP-B2B-SALE-2026-23693,2026-08-14 14:52:00,2026-08-14 15:25:00,Third Party,BKP2503006744,UPSC Mindmaps Indian Geography (Hindi) For UPSC/PSC Competitive Examinations | Navigating Concepts Through Visual Mindmaps,,2026-08-14 17:16:00,Manoj001,MTR.G2.R35.A04.L3.B2,14,,PW,BKP2503006744,Default Vendor,PRIME260800028792,,Mahato Book Depot,55589,PWH
PWH20441,ERP-B2B-SALE-2026-23693,2026-08-14 14:52:00,2026-08-14 15:25:00,Third Party,BKP2503006760,UPSC Mindmaps Economy (Hindi) For UPSC/PSC Competitive Examinations | Navigating Concepts Through Visual Mindmaps,,2026-08-14 17:42:00,Manoj001,MTR.G1.R41.A09.L2.B1,9,,PW,BKP2503006760,Default Vendor,PRIME260800028792,,Mahato Book Depot,55589,PWH
PWH20441,ERP-B2B-SALE-2026-23693,2026-08-14 14:52:00,2026-08-14 15:25:00,Third Party,BKP2503006760,UPSC Mindmaps Economy (Hindi) For UPSC/PSC Competitive Examinations | Navigating Concepts Through Visual Mindmaps,,2026-08-14 17:14:00,Manoj001,MTR.G2.R29.A01.L2.B2,11,,PW,BKP2503006760,Default Vendor,PRIME260800028792,,Mahato Book Depot,55589,PWH
PWH20441,ERP-B2B-SALE-2026-23693,2026-08-14 14:52:00,2026-08-14 15:25:00,Third Party,BKP2503006818,PW UPSC Mindmaps Modern Indian History (Hindi) For UPSC/PSC Competitive Examinations | Navigating Concepts Through Visual Mindmaps,,2026-08-14 17:45:00,Manoj001,MTR.G1.R23.A08.L3.B2,20,,PW,BKP2503006818,Default Vendor,PRIME260800028792,,Mahato Book Depot,55589,PWH
PWH20443,ERP-B2B-SALE-2026-23695,2026-08-14 14:52:00,2026-08-14 15:25:00,Third Party,BKP2606362495,33 SSC MTS Multi Tasking (Non-Technical) Staff and Havaldar Previous Solved Papers (2026 -2017) English Edition Refurbish,,2026-08-14 22:57:00,Bharat21,SPR.R4.A7.L1.B3,4,,PW,BKP2606362495,Default Vendor,PRIME260800028090,,Batta Books Pvt Ltd.,55601,PWH
PWH20443,ERP-B2B-SALE-2026-23695,2026-08-14 14:52:00,2026-08-14 15:25:00,Third Party,BKP2606362495,33 SSC MTS Multi Tasking (Non-Technical) Staff and Havaldar Previous Solved Papers (2026 -2017) English Edition Refurbish,,2026-08-14 22:59:00,Bharat21,SPR.R4.A7.L1.B3,1,,PW,BKP2606362495,Default Vendor,PRIME260800028090,,Batta Books Pvt Ltd.,55601,PWH
PWH20445,ERP-B2B-SALE-2026-23697,2026-08-14 14:52:00,2026-08-14 15:25:00,Third Party,BKP2602019142,"PW CSIR NET Recap Chemical Sciences PYQ Chapterwise & Yearwise Previous 11 Years Solved Papers (2015-December 2025) | Latest December 2025 Paper Covered l For TIFR, JEST, GATE and IIT JAM Exams",,2026-08-14 23:09:00,Bharat21,SPR.R4.A14.L0.B4,2,,PW,BKP2602019142,Default Vendor,PRIME260800028089,,New Vidyasagar,55658,PWH
PWH20445,ERP-B2B-SALE-2026-23697,2026-08-14 14:52:00,2026-08-14 15:25:00,Third Party,BKP2606362495,33 SSC MTS Multi Tasking (Non-Technical) Staff and Havaldar Previous Solved Papers (2026 -2017) English Edition Refurbish,,2026-08-14 23:02:00,Bharat21,SPR.R4.A7.L1.B3,1,,PW,BKP2606362495,Default Vendor,PRIME260800028089,,New Vidyasagar,55658,PWH
PWH20445,ERP-B2B-SALE-2026-23697,2026-08-14 14:52:00,2026-08-14 15:25:00,Third Party,BKP2606023800,SSC MTS Book 2026 | 33 Yearwise Previous Year Papers PYQ Hindi Edition (2026-2017) Multi Tasking (Non Technical) Staff & Havaldar | 15 Online Mock Tests Exam,,2026-08-14 23:04:00,Bharat21,MTR.G0.R27.A11.L2.B1,1,,PW,BKP2606023800,Default Vendor,PRIME260800028089,,New Vidyasagar,55658,PWH
PWH20446,ERP-B2B-SALE-2026-23668,2026-08-14 10:28:00,2026-08-14 15:25:00,FOC,BKP2603019647,CBSE Improvement Score Amplifier Class 10 Science For 2026 Improvement Board Exams | 5 PYQs Sets of 2026 Solved Papers | Sample Papers & Chapter-wise Concepts Maps,,2026-08-14 16:15:00,Shersingh,MTR.G0.R16.A10.L3.B1,1,,PW,BKP2603019647,Default Vendor,PRIME260800021401,deepanshu2,Rohit Dharmik,55587,PWH
PWH20446,ERP-B2B-SALE-2026-23668,2026-08-14 10:28:00,2026-08-14 15:25:00,FOC,BKP2603019647,CBSE Improvement Score Amplifier Class 10 Science For 2026 Improvement Board Exams | 5 PYQs Sets of 2026 Solved Papers | Sample Papers & Chapter-wise Concepts Maps,,2026-08-14 16:16:00,Shersingh,MTR.G3.R25.A11.L4.B1,1,,PW,BKP2603019647,Default Vendor,PRIME260800021401,deepanshu2,Rohit Dharmik,55587,PWH
PWH20446,ERP-B2B-SALE-2026-23668,2026-08-14 10:28:00,2026-08-14 15:25:00,FOC,BKP2603216361,PW CBSE Question & Concept Bank (QCB) Class 10 Basic Maths Chapter-wise and Topic-wise Solved Questions For 2027 Board Exams with 50% Competency Based Question,,2026-08-14 16:17:00,Shersingh,MTR.G2.R46.A10.L4.B1,1,,PW,BKP2603216361,Default Vendor,PRIME260800021402,deepanshu2,Rohit Dharmik,55587,PWH
PWH20446,ERP-B2B-SALE-2026-23668,2026-08-14 10:28:00,2026-08-14 15:25:00,FOC,BKP2602019196,PW CBSE Class 9 English Kaveri New NCERT 2026-27 Question and Concept Bank with NCERT Textbook Solutions and Competency Based Questions,,2026-08-14 16:25:00,Shersingh,SPR.R27.A3.L5.B2,5,,PW,BKP2602019196,Default Vendor,PRIME260800021402,deepanshu2,Rohit Dharmik,55587,PWH
PWH20446,ERP-B2B-SALE-2026-23668,2026-08-14 10:28:00,2026-08-14 15:25:00,FOC,BKP2602019196,PW CBSE Class 9 English Kaveri New NCERT 2026-27 Question and Concept Bank with NCERT Textbook Solutions and Competency Based Questions,,2026-08-14 16:26:00,Shersingh,SPR.R27.A3.L5.B2,1,,PW,BKP2602019196,Default Vendor,PRIME260800021402,deepanshu2,Rohit Dharmik,55587,PWH
PWH20446,ERP-B2B-SALE-2026-23668,2026-08-14 10:28:00,2026-08-14 15:25:00,FOC,BKP2604020238,"CBSE Class 10 English Language & Literature Chapter-wise, Topic-wise & Typewise 10 Years Solved PYQs (2026-2016) with 3 Multiple Sets of 2026 For 2027 Board Exams | Concept Maps, Competency Tagging",,2026-08-14 16:18:00,Shersingh,MTR.G1.R22.A01.L3.B2,1,,PW,BKP2604020238,Default Vendor,PRIME260800021402,deepanshu2,Rohit Dharmik,55587,PWH
PWH20446,ERP-B2B-SALE-2026-23668,2026-08-14 10:28:00,2026-08-14 15:25:00,FOC,BKP2603019647,CBSE Improvement Score Amplifier Class 10 Science For 2026 Improvement Board Exams | 5 PYQs Sets of 2026 Solved Papers | Sample Papers & Chapter-wise Concepts Maps,,2026-08-14 16:15:00,Shersingh,MTR.G0.R16.A10.L3.B1,2,,PW,BKP2603019647,Default Vendor,PRIME260800021401,deepanshu2,Rohit Dharmik,55587,PWH
PWH20446,ERP-B2B-SALE-2026-23668,2026-08-14 10:28:00,2026-08-14 15:25:00,FOC,BKP2603019647,CBSE Improvement Score Amplifier Class 10 Science For 2026 Improvement Board Exams | 5 PYQs Sets of 2026 Solved Papers | Sample Papers & Chapter-wise Concepts Maps,,2026-08-14 16:16:00,Shersingh,MTR.G3.R25.A11.L4.B1,6,,PW,BKP2603019647,Default Vendor,PRIME260800021401,deepanshu2,Rohit Dharmik,55587,PWH
PWH20446,ERP-B2B-SALE-2026-23668,2026-08-14 10:28:00,2026-08-14 15:25:00,FOC,BKP2603216361,PW CBSE Question & Concept Bank (QCB) Class 10 Basic Maths Chapter-wise and Topic-wise Solved Questions For 2027 Board Exams with 50% Competency Based Question,,2026-08-14 16:17:00,Shersingh,MTR.G2.R46.A10.L4.B1,3,,PW,BKP2603216361,Default Vendor,PRIME260800021402,deepanshu2,Rohit Dharmik,55587,PWH
PWH20446,ERP-B2B-SALE-2026-23668,2026-08-14 10:28:00,2026-08-14 15:25:00,FOC,BKP2603216361,PW CBSE Question & Concept Bank (QCB) Class 10 Basic Maths Chapter-wise and Topic-wise Solved Questions For 2027 Board Exams with 50% Competency Based Question,,2026-08-14 16:17:00,Shersingh,MTR.G2.R46.A10.L4.B1,6,,PW,BKP2603216361,Default Vendor,PRIME260800021402,deepanshu2,Rohit Dharmik,55587,PWH
PWH20446,ERP-B2B-SALE-2026-23668,2026-08-14 10:28:00,2026-08-14 15:25:00,FOC,BKP2604020238,"CBSE Class 10 English Language & Literature Chapter-wise, Topic-wise & Typewise 10 Years Solved PYQs (2026-2016) with 3 Multiple Sets of 2026 For 2027 Board Exams | Concept Maps, Competency Tagging",,2026-08-14 16:18:00,Shersingh,MTR.G1.R22.A01.L3.B2,5,,PW,BKP2604020238,Default Vendor,PRIME260800021402,deepanshu2,Rohit Dharmik,55587,PWH
PWH20446,ERP-B2B-SALE-2026-23668,2026-08-14 10:28:00,2026-08-14 15:25:00,FOC,BKP2604020238,"CBSE Class 10 English Language & Literature Chapter-wise, Topic-wise & Typewise 10 Years Solved PYQs (2026-2016) with 3 Multiple Sets of 2026 For 2027 Board Exams | Concept Maps, Competency Tagging",,2026-08-14 16:18:00,Shersingh,MTR.G1.R22.A01.L3.B2,4,,PW,BKP2604020238,Default Vendor,PRIME260800021402,deepanshu2,Rohit Dharmik,55587,PWH
PWH20446,ERP-B2B-SALE-2026-23668,2026-08-14 10:28:00,2026-08-14 15:25:00,FOC,BKP2602019196,PW CBSE Class 9 English Kaveri New NCERT 2026-27 Question and Concept Bank with NCERT Textbook Solutions and Competency Based Questions,,2026-08-14 16:25:00,Shersingh,SPR.R27.A3.L5.B2,1,,PW,BKP2602019196,Default Vendor,PRIME260800021401,deepanshu2,Rohit Dharmik,55587,PWH
PWH20446,ERP-B2B-SALE-2026-23668,2026-08-14 10:28:00,2026-08-14 15:25:00,FOC,BKP2602019196,PW CBSE Class 9 English Kaveri New NCERT 2026-27 Question and Concept Bank with NCERT Textbook Solutions and Competency Based Questions,,2026-08-14 16:26:00,Shersingh,SPR.R27.A3.L5.B2,3,,PW,BKP2602019196,Default Vendor,PRIME260800021401,deepanshu2,Rohit Dharmik,55587,PWH
PWH20447,ERP-B2B-SALE-2026-23585,2026-08-13 12:35:00,2026-08-14 15:56:00,STO,ALR2304017031,Diary (Only IAS),,2026-08-14 18:03:00,Shersingh,MTR.G0.R14.A02.L1.B1,1,,PW,ALR2304017031,Default Vendor,PRIME260800028509,,NOIDA ONE,55638,PWH
PWH20447,ERP-B2B-SALE-2026-23585,2026-08-13 12:35:00,2026-08-14 15:56:00,STO,ALR2308017085,Water Bottle (only IAS),,2026-08-14 18:07:00,Shersingh,MTR.G2.R42.A03.L2.B2,1,,PW,ALR2308017085,Default Vendor,ALR2308017085,,NOIDA ONE,55638,PWH
PWH20447,ERP-B2B-SALE-2026-23585,2026-08-13 12:35:00,2026-08-14 15:56:00,STO,ALR2304017031,Diary (Only IAS),,2026-08-14 18:03:00,Shersingh,MTR.G0.R14.A02.L1.B1,6,,PW,ALR2304017031,Default Vendor,PRIME260800028509,,NOIDA ONE,55638,PWH
PWH20447,ERP-B2B-SALE-2026-23585,2026-08-13 12:35:00,2026-08-14 15:56:00,STO,ALR2308017085,Water Bottle (only IAS),,2026-08-14 18:07:00,Shersingh,MTR.G2.R42.A03.L2.B2,6,,PW,ALR2308017085,Default Vendor,ALR2308017085,,NOIDA ONE,55638,PWH
PWH20448,ERP-B2B-SALE-2026-23710,2026-08-14 16:22:00,2026-08-14 16:23:00,FOC,BKP2602221941,PW 33 SSC CGL PYQ (Combined Graduate Level) Tier 1 Previous Year Solved Papers (2025-2018) with 5 Online Mock Tests For 2026-27 Exam | Yearwise PYQs | Fully Solved | English Edition,,2026-08-14 16:45:00,Shersingh,MTR.G3.R02.A08.L4.B2,1,,PW,BKP2602221941,Default Vendor,PRIME260800028523,deepanshu2,Ravi Pratap Singh,55602,PWH
PWH20448,ERP-B2B-SALE-2026-23710,2026-08-14 16:22:00,2026-08-14 16:23:00,FOC,BKP2510009318,"PW GK Pulse General Knowledge Book with 1000+ One liner PYQs | UPSC NDA, CDS, EPFO, State PSC, C, Banking, Railway, Defence, Teaching, Other State Govt Exams By Krati Ma'am",,2026-08-14 16:51:00,Shersingh,MTR.G0.R14.A05.L2.B1,1,,PW,BKP2510009318,Default Vendor,PRIME260800028523,deepanshu2,Ravi Pratap Singh,55602,PWH
PWH20449,ERP-B2B-SALE-2026-23709,2026-08-14 16:19:00,2026-08-14 16:23:00,FOC,BKP2603019880,"PW SSC Game Changer Maths PYQ 7750+ MCQs For 2026 Exams | Chapter, Topic & Exam-wise Previous Year Solved Questions | For CGL, CHSL, MTS, CPO, GD, Delhi Police, Steno",,2026-08-14 16:52:00,Shersingh,MTR.G0.R30.A08.L3.B1,1,,PW,BKP2603019880,Default Vendor,PRIME260800028522,deepanshu2,Preety Jaiswal,55603,PWH
PWH20450,ERP-B2B-SALE-2026-23708,2026-08-14 16:17:00,2026-08-14 16:23:00,FOC,BKP2602019192,PW 24 SBI Clerk PYQ - Prelims & Mains Previous Year Solved Papers (Till Nov 2025) with 15 Online CBT Tests For 2026 Exam | 3500 PYQ Questions | Fully Solved,,2026-08-14 16:46:00,Shersingh,MTR.G3.R03.A07.L2.B2,1,,PW,BKP2602019192,Default Vendor,PRIME260800028521,deepanshu2,Bharti,55604,PWH
PWH20452,ERP-B2B-SALE-2026-23700,2026-08-14 15:52:00,2026-08-14 16:23:00,FOC,BKP2604212741,"CBSE Class 10 Chapter-wise, Topic-wise & Typewise 10 Years Solved PYQs Science, Maths (Standard), Social Science, English Combo",Size,2026-08-14 16:50:00,Shersingh,MTR.G0.R10.A11.L2.B2,1,,PW,BKP2604212741,Default Vendor,PRIME260800028520,deepanshu2,Geetanjali Dash,55605,PWH
PWH20452,ERP-B2B-SALE-2026-23700,2026-08-14 15:52:00,2026-08-14 16:23:00,FOC,BKP2605021208,"PW CBSE Question & Concept Bank (QCB) Class 10 Maths (Std), Science, Social Science, English, Hindi-A Combo Set of 5 Books Chapterwise & Topicwise Solved Questions For 2027 Exams",Size,2026-08-14 16:57:00,Shersingh,SPR.R26.A1.L1.B4,1,,PW,BKP2605021208,Default Vendor,PRIME260800028520,deepanshu2,Geetanjali Dash,55605,PWH
PWH20453,ERP-B2B-SALE-2026-23699,2026-08-14 15:38:00,2026-08-14 16:23:00,FOC,BKP2605021208,"PW CBSE Question & Concept Bank (QCB) Class 10 Maths (Std), Science, Social Science, English, Hindi-A Combo Set of 5 Books Chapterwise & Topicwise Solved Questions For 2027 Exams",Size,2026-08-14 16:57:00,Shersingh,SPR.R26.A1.L1.B4,1,,PW,BKP2605021208,Default Vendor,PRIME260800028519,deepanshu2,Kenisha Yadav,55606,PWH
PWH20453,ERP-B2B-SALE-2026-23699,2026-08-14 15:38:00,2026-08-14 16:23:00,FOC,BKP2604212741,"CBSE Class 10 Chapter-wise, Topic-wise & Typewise 10 Years Solved PYQs Science, Maths (Standard), Social Science, English Combo",Size,2026-08-14 16:49:00,Shersingh,MTR.G0.R10.A11.L2.B2,1,,PW,BKP2604212741,Default Vendor,PRIME260800028519,deepanshu2,Kenisha Yadav,55606,PWH
PWH20454,ERP-B2B-SALE-2026-23714,2026-08-14 16:37:00,2026-08-14 17:18:00,Third Party,BKP2505007200,MR Physics Questions Solving Med Easy | Chapterwise and Topicwise 6000+ Practice Questions with Answer Keys | Complete Class 11 & 12 Syllabus For NEET and JEE,,2026-08-14 18:09:00,vikasb2b,SPR.R13.A11.L6.B2,22,,PW,BKP2505007200,Default Vendor,PRIME260800022957,,COCOBLUE RETAIL LIMITED,55637,PWH
PWH20454,ERP-B2B-SALE-2026-23714,2026-08-14 16:37:00,2026-08-14 17:18:00,Third Party,BKP2505007200,MR Physics Questions Solving Med Easy | Chapterwise and Topicwise 6000+ Practice Questions with Answer Keys | Complete Class 11 & 12 Syllabus For NEET and JEE,,2026-08-14 18:09:00,vikasb2b,SPR.R13.A11.L6.B2,22,,PW,BKP2505007200,Default Vendor,PRIME260800022958,,COCOBLUE RETAIL LIMITED,55637,PWH
PWH20454,ERP-B2B-SALE-2026-23714,2026-08-14 16:37:00,2026-08-14 17:18:00,Third Party,BKP2505007200,MR Physics Questions Solving Med Easy | Chapterwise and Topicwise 6000+ Practice Questions with Answer Keys | Complete Class 11 & 12 Syllabus For NEET and JEE,,2026-08-14 18:09:00,vikasb2b,SPR.R13.A11.L6.B2,22,,PW,BKP2505007200,Default Vendor,PRIME260800022959,,COCOBLUE RETAIL LIMITED,55637,PWH
PWH20454,ERP-B2B-SALE-2026-23714,2026-08-14 16:37:00,2026-08-14 17:18:00,Third Party,BKP2505007200,MR Physics Questions Solving Med Easy | Chapterwise and Topicwise 6000+ Practice Questions with Answer Keys | Complete Class 11 & 12 Syllabus For NEET and JEE,,2026-08-14 18:09:00,vikasb2b,SPR.R13.A11.L6.B2,22,,PW,BKP2505007200,Default Vendor,PRIME260800022960,,COCOBLUE RETAIL LIMITED,55637,PWH
PWH20454,ERP-B2B-SALE-2026-23714,2026-08-14 16:37:00,2026-08-14 17:18:00,Third Party,BKP2505007200,MR Physics Questions Solving Med Easy | Chapterwise and Topicwise 6000+ Practice Questions with Answer Keys | Complete Class 11 & 12 Syllabus For NEET and JEE,,2026-08-14 18:36:00,vikasb2b,SPR.R13.A11.L6.B2,22,,PW,BKP2505007200,Default Vendor,PRIME260800022961,,COCOBLUE RETAIL LIMITED,55637,PWH
PWH20454,ERP-B2B-SALE-2026-23714,2026-08-14 16:37:00,2026-08-14 17:18:00,Third Party,BKP2505007200,MR Physics Questions Solving Med Easy | Chapterwise and Topicwise 6000+ Practice Questions with Answer Keys | Complete Class 11 & 12 Syllabus For NEET and JEE,,2026-08-14 18:08:00,vikasb2b,SPR.R13.A11.L6.B2,22,,PW,BKP2505007200,Default Vendor,PRIME260800022956,,COCOBLUE RETAIL LIMITED,55637,PWH
PWH20454,ERP-B2B-SALE-2026-23714,2026-08-14 16:37:00,2026-08-14 17:18:00,Third Party,BKP2505007200,MR Physics Questions Solving Med Easy | Chapterwise and Topicwise 6000+ Practice Questions with Answer Keys | Complete Class 11 & 12 Syllabus For NEET and JEE,,2026-08-14 18:11:00,vikasb2b,SPR.R13.A12.L4.B1,22,,PW,BKP2505007200,Default Vendor,PRIME260800024750,,COCOBLUE RETAIL LIMITED,55637,PWH
PWH20454,ERP-B2B-SALE-2026-23714,2026-08-14 16:37:00,2026-08-14 17:18:00,Third Party,BKP2505007200,MR Physics Questions Solving Med Easy | Chapterwise and Topicwise 6000+ Practice Questions with Answer Keys | Complete Class 11 & 12 Syllabus For NEET and JEE,,2026-08-14 18:12:00,vikasb2b,SPR.R13.A12.L4.B1,22,,PW,BKP2505007200,Default Vendor,PRIME260800024755,,COCOBLUE RETAIL LIMITED,55637,PWH
PWH20454,ERP-B2B-SALE-2026-23714,2026-08-14 16:37:00,2026-08-14 17:18:00,Third Party,BKP2505007200,MR Physics Questions Solving Med Easy | Chapterwise and Topicwise 6000+ Practice Questions with Answer Keys | Complete Class 11 & 12 Syllabus For NEET and JEE,,2026-08-14 18:12:00,vikasb2b,SPR.R13.A12.L4.B1,22,,PW,BKP2505007200,Default Vendor,PRIME260800024751,,COCOBLUE RETAIL LIMITED,55637,PWH
PWH20454,ERP-B2B-SALE-2026-23714,2026-08-14 16:37:00,2026-08-14 17:18:00,Third Party,BKP2505007200,MR Physics Questions Solving Med Easy | Chapterwise and Topicwise 6000+ Practice Questions with Answer Keys | Complete Class 11 & 12 Syllabus For NEET and JEE,,2026-08-14 18:12:00,vikasb2b,SPR.R13.A12.L4.B1,22,,PW,BKP2505007200,Default Vendor,PRIME260800024752,,COCOBLUE RETAIL LIMITED,55637,PWH
PWH20454,ERP-B2B-SALE-2026-23714,2026-08-14 16:37:00,2026-08-14 17:18:00,Third Party,BKP2505007200,MR Physics Questions Solving Med Easy | Chapterwise and Topicwise 6000+ Practice Questions with Answer Keys | Complete Class 11 & 12 Syllabus For NEET and JEE,,2026-08-14 18:12:00,vikasb2b,SPR.R13.A12.L4.B1,22,,PW,BKP2505007200,Default Vendor,PRIME260800024753,,COCOBLUE RETAIL LIMITED,55637,PWH
PWH20454,ERP-B2B-SALE-2026-23714,2026-08-14 16:37:00,2026-08-14 17:18:00,Third Party,BKP2505007200,MR Physics Questions Solving Med Easy | Chapterwise and Topicwise 6000+ Practice Questions with Answer Keys | Complete Class 11 & 12 Syllabus For NEET and JEE,,2026-08-14 18:12:00,vikasb2b,SPR.R13.A12.L4.B1,22,,PW,BKP2505007200,Default Vendor,PRIME260800024754,,COCOBLUE RETAIL LIMITED,55637,PWH
PWH20454,ERP-B2B-SALE-2026-23714,2026-08-14 16:37:00,2026-08-14 17:18:00,Third Party,BKP2505007200,MR Physics Questions Solving Med Easy | Chapterwise and Topicwise 6000+ Practice Questions with Answer Keys | Complete Class 11 & 12 Syllabus For NEET and JEE,,2026-08-14 18:12:00,vikasb2b,SPR.R13.A12.L4.B1,22,,PW,BKP2505007200,Default Vendor,PRIME260800024756,,COCOBLUE RETAIL LIMITED,55637,PWH
PWH20454,ERP-B2B-SALE-2026-23714,2026-08-14 16:37:00,2026-08-14 17:18:00,Third Party,BKP2505007200,MR Physics Questions Solving Med Easy | Chapterwise and Topicwise 6000+ Practice Questions with Answer Keys | Complete Class 11 & 12 Syllabus For NEET and JEE,,2026-08-14 18:12:00,vikasb2b,SPR.R13.A12.L4.B1,22,,PW,BKP2505007200,Default Vendor,PRIME260800024757,,COCOBLUE RETAIL LIMITED,55637,PWH
PWH20454,ERP-B2B-SALE-2026-23714,2026-08-14 16:37:00,2026-08-14 17:18:00,Third Party,BKP2505007200,MR Physics Questions Solving Med Easy | Chapterwise and Topicwise 6000+ Practice Questions with Answer Keys | Complete Class 11 & 12 Syllabus For NEET and JEE,,2026-08-14 18:13:00,vikasb2b,SPR.R13.A12.L4.B1,22,,PW,BKP2505007200,Default Vendor,PRIME260800024758,,COCOBLUE RETAIL LIMITED,55637,PWH
PWH20454,ERP-B2B-SALE-2026-23714,2026-08-14 16:37:00,2026-08-14 17:18:00,Third Party,BKP2505007200,MR Physics Questions Solving Med Easy | Chapterwise and Topicwise 6000+ Practice Questions with Answer Keys | Complete Class 11 & 12 Syllabus For NEET and JEE,,2026-08-14 18:13:00,vikasb2b,SPR.R13.A12.L4.B1,22,,PW,BKP2505007200,Default Vendor,PRIME260800024759,,COCOBLUE RETAIL LIMITED,55637,PWH
PWH20454,ERP-B2B-SALE-2026-23714,2026-08-14 16:37:00,2026-08-14 17:18:00,Third Party,BKP2505007200,MR Physics Questions Solving Med Easy | Chapterwise and Topicwise 6000+ Practice Questions with Answer Keys | Complete Class 11 & 12 Syllabus For NEET and JEE,,2026-08-14 18:13:00,vikasb2b,SPR.R13.A12.L4.B1,22,,PW,BKP2505007200,Default Vendor,PRIME260800024760,,COCOBLUE RETAIL LIMITED,55637,PWH
PWH20454,ERP-B2B-SALE-2026-23714,2026-08-14 16:37:00,2026-08-14 17:18:00,Third Party,BKP2505007200,MR Physics Questions Solving Med Easy | Chapterwise and Topicwise 6000+ Practice Questions with Answer Keys | Complete Class 11 & 12 Syllabus For NEET and JEE,,2026-08-14 18:13:00,vikasb2b,SPR.R13.A12.L4.B1,22,,PW,BKP2505007200,Default Vendor,PRIME260800024761,,COCOBLUE RETAIL LIMITED,55637,PWH
PWH20454,ERP-B2B-SALE-2026-23714,2026-08-14 16:37:00,2026-08-14 17:18:00,Third Party,BKP2505007200,MR Physics Questions Solving Med Easy | Chapterwise and Topicwise 6000+ Practice Questions with Answer Keys | Complete Class 11 & 12 Syllabus For NEET and JEE,,2026-08-14 18:13:00,vikasb2b,SPR.R13.A12.L4.B1,22,,PW,BKP2505007200,Default Vendor,PRIME260800024762,,COCOBLUE RETAIL LIMITED,55637,PWH
PWH20454,ERP-B2B-SALE-2026-23714,2026-08-14 16:37:00,2026-08-14 17:18:00,Third Party,BKP2505007200,MR Physics Questions Solving Med Easy | Chapterwise and Topicwise 6000+ Practice Questions with Answer Keys | Complete Class 11 & 12 Syllabus For NEET and JEE,,2026-08-14 18:14:00,vikasb2b,SPR.R13.A12.L4.B1,22,,PW,BKP2505007200,Default Vendor,PRIME260800024763,,COCOBLUE RETAIL LIMITED,55637,PWH
PWH20454,ERP-B2B-SALE-2026-23714,2026-08-14 16:37:00,2026-08-14 17:18:00,Third Party,BKP2505007200,MR Physics Questions Solving Med Easy | Chapterwise and Topicwise 6000+ Practice Questions with Answer Keys | Complete Class 11 & 12 Syllabus For NEET and JEE,,2026-08-14 18:13:00,vikasb2b,SPR.R13.A12.L4.B1,22,,PW,BKP2505007200,Default Vendor,PRIME260800024764,,COCOBLUE RETAIL LIMITED,55637,PWH
PWH20454,ERP-B2B-SALE-2026-23714,2026-08-14 16:37:00,2026-08-14 17:18:00,Third Party,BKP2505007200,MR Physics Questions Solving Med Easy | Chapterwise and Topicwise 6000+ Practice Questions with Answer Keys | Complete Class 11 & 12 Syllabus For NEET and JEE,,2026-08-14 18:14:00,vikasb2b,SPR.R13.A12.L4.B1,22,,PW,BKP2505007200,Default Vendor,PRIME260800024765,,COCOBLUE RETAIL LIMITED,55637,PWH
PWH20454,ERP-B2B-SALE-2026-23714,2026-08-14 16:37:00,2026-08-14 17:18:00,Third Party,BKP2505007200,MR Physics Questions Solving Med Easy | Chapterwise and Topicwise 6000+ Practice Questions with Answer Keys | Complete Class 11 & 12 Syllabus For NEET and JEE,,2026-08-14 18:14:00,vikasb2b,SPR.R13.A12.L4.B1,22,,PW,BKP2505007200,Default Vendor,PRIME260800024766,,COCOBLUE RETAIL LIMITED,55637,PWH
PWH20454,ERP-B2B-SALE-2026-23714,2026-08-14 16:37:00,2026-08-14 17:18:00,Third Party,BKP2505007200,MR Physics Questions Solving Med Easy | Chapterwise and Topicwise 6000+ Practice Questions with Answer Keys | Complete Class 11 & 12 Syllabus For NEET and JEE,,2026-08-14 18:11:00,vikasb2b,SPR.R13.A12.L4.B1,22,,PW,BKP2505007200,Default Vendor,PRIME260800024748,,COCOBLUE RETAIL LIMITED,55637,PWH
PWH20454,ERP-B2B-SALE-2026-23714,2026-08-14 16:37:00,2026-08-14 17:18:00,Third Party,BKP2505007200,MR Physics Questions Solving Med Easy | Chapterwise and Topicwise 6000+ Practice Questions with Answer Keys | Complete Class 11 & 12 Syllabus For NEET and JEE,,2026-08-14 18:10:00,vikasb2b,SPR.R13.A12.L4.B1,22,,PW,BKP2505007200,Default Vendor,PRIME260800022963,,COCOBLUE RETAIL LIMITED,55637,PWH
PWH20454,ERP-B2B-SALE-2026-23714,2026-08-14 16:37:00,2026-08-14 17:18:00,Third Party,BKP2505007200,MR Physics Questions Solving Med Easy | Chapterwise and Topicwise 6000+ Practice Questions with Answer Keys | Complete Class 11 & 12 Syllabus For NEET and JEE,,2026-08-14 18:11:00,vikasb2b,SPR.R13.A12.L4.B1,22,,PW,BKP2505007200,Default Vendor,PRIME260800022964,,COCOBLUE RETAIL LIMITED,55637,PWH
PWH20454,ERP-B2B-SALE-2026-23714,2026-08-14 16:37:00,2026-08-14 17:18:00,Third Party,BKP2505007200,MR Physics Questions Solving Med Easy | Chapterwise and Topicwise 6000+ Practice Questions with Answer Keys | Complete Class 11 & 12 Syllabus For NEET and JEE,,2026-08-14 18:11:00,vikasb2b,SPR.R13.A12.L4.B1,22,,PW,BKP2505007200,Default Vendor,PRIME260800022965,,COCOBLUE RETAIL LIMITED,55637,PWH
PWH20454,ERP-B2B-SALE-2026-23714,2026-08-14 16:37:00,2026-08-14 17:18:00,Third Party,BKP2505007200,MR Physics Questions Solving Med Easy | Chapterwise and Topicwise 6000+ Practice Questions with Answer Keys | Complete Class 11 & 12 Syllabus For NEET and JEE,,2026-08-14 18:28:00,vikasb2b,MTR.G3.R24.A12.L4.B1,1,,PW,BKP2505007200,Default Vendor,PRIME260800029833,,COCOBLUE RETAIL LIMITED,55637,PWH
PWH20454,ERP-B2B-SALE-2026-23714,2026-08-14 16:37:00,2026-08-14 17:18:00,Third Party,BKP2505007200,MR Physics Questions Solving Med Easy | Chapterwise and Topicwise 6000+ Practice Questions with Answer Keys | Complete Class 11 & 12 Syllabus For NEET and JEE,,2026-08-14 18:28:00,vikasb2b,MTR.G3.R24.A12.L4.B1,14,,PW,BKP2505007200,Default Vendor,PRIME260800029833,,COCOBLUE RETAIL LIMITED,55637,PWH
PWH20455,ERP-B2B-SALE-2026-23712,2026-08-14 16:37:00,2026-08-14 17:18:00,Third Party,BKP2605021589,PW CBSE Class 9 Maths Ganita Manjari-1 New NCERT 2026-27 Question and Concept Bank with NCERT Textbook Solutions and Competency Based Questions By Ritik Sir,,2026-08-16 12:38:00,SumitPal,MTR.G1.R30.A11.L3.B2,3,,PW,BKP2605021589,Default Vendor,PRIME260800030615,,COCOBLUE RETAIL LIMITED,55636,PWH
PWH20455,ERP-B2B-SALE-2026-23712,2026-08-14 16:37:00,2026-08-14 17:18:00,Third Party,BKP2605021589,PW CBSE Class 9 Maths Ganita Manjari-1 New NCERT 2026-27 Question and Concept Bank with NCERT Textbook Solutions and Competency Based Questions By Ritik Sir,,2026-08-16 12:51:00,SumitPal,MTR.G1.R30.A05.L3.B1,524,,PW,BKP2605021589,Default Vendor,PRIME260800030615,,COCOBLUE RETAIL LIMITED,55636,PWH
PWH20455,ERP-B2B-SALE-2026-23712,2026-08-14 16:37:00,2026-08-14 17:18:00,Third Party,BKP2605021589,PW CBSE Class 9 Maths Ganita Manjari-1 New NCERT 2026-27 Question and Concept Bank with NCERT Textbook Solutions and Competency Based Questions By Ritik Sir,,2026-08-16 12:41:00,SumitPal,MTR.G1.R06.A02.L4.B2,41,,PW,BKP2605021589,Default Vendor,PRIME260800030615,,COCOBLUE RETAIL LIMITED,55636,PWH
PWH20455,ERP-B2B-SALE-2026-23712,2026-08-14 16:37:00,2026-08-14 17:18:00,Third Party,BKP2605022122,"PW Informative Atlas Book - India & World | Physical, Political, Regional, Thematic Maps For School, UPSC, State PSC & Other Competitive Exams English Edition",,2026-08-16 11:09:00,SumitPal,SPR.R12.A7.L6.B1,465,,PW,BKP2605022122,Default Vendor,PRIME260800030616,,COCOBLUE RETAIL LIMITED,55636,PWH
PWH20455,ERP-B2B-SALE-2026-23712,2026-08-14 16:37:00,2026-08-14 17:18:00,Third Party,BKP2605022122,"PW Informative Atlas Book - India & World | Physical, Political, Regional, Thematic Maps For School, UPSC, State PSC & Other Competitive Exams English Edition",,2026-08-16 13:48:00,SumitPal,MTR.G0.R04.A12.L3.B1,1,,PW,BKP2605022122,Default Vendor,PRIME260800030615,,COCOBLUE RETAIL LIMITED,55636,PWH
PWH20455,ERP-B2B-SALE-2026-23712,2026-08-14 16:37:00,2026-08-14 17:18:00,Third Party,BKP2508007218,NEET Easy Handwritten Notes Inorganic Chemistry For NEET & JEE Main By Om Pandey | Chapterwise and Topicwise Questions | Backlog Killer Notes with Handpicked PYQs [paperback] Om Pandey,,2026-08-16 13:27:00,SumitPal,MTR.G0.R32.A11.L2.B2,34,,PW,BKP2508007218,Default Vendor,PRIME260800030615,,COCOBLUE RETAIL LIMITED,55636,PWH
PWH20455,ERP-B2B-SALE-2026-23712,2026-08-14 16:37:00,2026-08-14 17:18:00,Third Party,BKP2508007218,NEET Easy Handwritten Notes Inorganic Chemistry For NEET & JEE Main By Om Pandey | Chapterwise and Topicwise Questions | Backlog Killer Notes with Handpicked PYQs [paperback] Om Pandey,,2026-08-16 11:42:00,SumitPal,SPR.R26.A6.L1.B1,1,,PW,BKP2508007218,Default Vendor,PRIME260800030616,,COCOBLUE RETAIL LIMITED,55636,PWH
PWH20455,ERP-B2B-SALE-2026-23712,2026-08-14 16:37:00,2026-08-14 17:18:00,Third Party,BKP2508007218,NEET Easy Handwritten Notes Inorganic Chemistry For NEET & JEE Main By Om Pandey | Chapterwise and Topicwise Questions | Backlog Killer Notes with Handpicked PYQs [paperback] Om Pandey,,2026-08-16 11:37:00,SumitPal,SPR.R27.A13.L1.B2,1,,PW,BKP2508007218,Default Vendor,PRIME260800030616,,COCOBLUE RETAIL LIMITED,55636,PWH
PWH20455,ERP-B2B-SALE-2026-23712,2026-08-14 16:37:00,2026-08-14 17:18:00,Third Party,BKP2508007218,NEET Easy Handwritten Notes Inorganic Chemistry For NEET & JEE Main By Om Pandey | Chapterwise and Topicwise Questions | Backlog Killer Notes with Handpicked PYQs [paperback] Om Pandey,,2026-08-16 11:43:00,SumitPal,SPR.R27.A2.L0.B1,3,,PW,BKP2508007218,Default Vendor,PRIME260800030616,,COCOBLUE RETAIL LIMITED,55636,PWH
PWH20455,ERP-B2B-SALE-2026-23712,2026-08-14 16:37:00,2026-08-14 17:18:00,Third Party,BKP2508007218,NEET Easy Handwritten Notes Inorganic Chemistry For NEET & JEE Main By Om Pandey | Chapterwise and Topicwise Questions | Backlog Killer Notes with Handpicked PYQs [paperback] Om Pandey,,2026-08-16 11:34:00,SumitPal,SPR.R28.A6.L1.B1,4,,PW,BKP2508007218,Default Vendor,PRIME260800030616,,COCOBLUE RETAIL LIMITED,55636,PWH
PWH20455,ERP-B2B-SALE-2026-23712,2026-08-14 16:37:00,2026-08-14 17:18:00,Third Party,BKP2508007218,NEET Easy Handwritten Notes Inorganic Chemistry For NEET & JEE Main By Om Pandey | Chapterwise and Topicwise Questions | Backlog Killer Notes with Handpicked PYQs [paperback] Om Pandey,,2026-08-16 11:33:00,SumitPal,SPR.R28.A8.L0.B3,2,,PW,BKP2508007218,Default Vendor,PRIME260800030616,,COCOBLUE RETAIL LIMITED,55636,PWH
PWH20455,ERP-B2B-SALE-2026-23712,2026-08-14 16:37:00,2026-08-14 17:18:00,Third Party,BKP2508007218,NEET Easy Handwritten Notes Inorganic Chemistry For NEET & JEE Main By Om Pandey | Chapterwise and Topicwise Questions | Backlog Killer Notes with Handpicked PYQs [paperback] Om Pandey,,2026-08-16 11:32:00,SumitPal,SPR.R28.A8.L1.B3,1,,PW,BKP2508007218,Default Vendor,PRIME260800030616,,COCOBLUE RETAIL LIMITED,55636,PWH
PWH20455,ERP-B2B-SALE-2026-23712,2026-08-14 16:37:00,2026-08-14 17:18:00,Third Party,BKP2508007218,NEET Easy Handwritten Notes Inorganic Chemistry For NEET & JEE Main By Om Pandey | Chapterwise and Topicwise Questions | Backlog Killer Notes with Handpicked PYQs [paperback] Om Pandey,,2026-08-16 11:31:00,SumitPal,SPR.R28.A10.L1.B3,3,,PW,BKP2508007218,Default Vendor,PRIME260800030616,,COCOBLUE RETAIL LIMITED,55636,PWH
PWH20455,ERP-B2B-SALE-2026-23712,2026-08-14 16:37:00,2026-08-14 17:18:00,Third Party,BKP2508007218,NEET Easy Handwritten Notes Inorganic Chemistry For NEET & JEE Main By Om Pandey | Chapterwise and Topicwise Questions | Backlog Killer Notes with Handpicked PYQs [paperback] Om Pandey,,2026-08-16 11:22:00,SumitPal,SPR.R28.A13.L0.B2,1,,PW,BKP2508007218,Default Vendor,PRIME260800030616,,COCOBLUE RETAIL LIMITED,55636,PWH
PWH20455,ERP-B2B-SALE-2026-23712,2026-08-14 16:37:00,2026-08-14 17:18:00,Third Party,BKP2508007218,NEET Easy Handwritten Notes Inorganic Chemistry For NEET & JEE Main By Om Pandey | Chapterwise and Topicwise Questions | Backlog Killer Notes with Handpicked PYQs [paperback] Om Pandey,,2026-08-16 11:04:00,SumitPal,SPR.R14.A2.L3.B2,651,,PW,BKP2508007218,Default Vendor,PRIME260800030616,,COCOBLUE RETAIL LIMITED,55636,PWH
PWH20455,ERP-B2B-SALE-2026-23712,2026-08-14 16:37:00,2026-08-14 17:18:00,Third Party,BKP2604020283,"PW ICSE Class 10 PYQs - Past 10 Years Solved Papers (2026-2016) For 2027 Exams | Physics, Chemistry, Maths, Biology, Economics, History & Civics, Geography, CA, English Paper 1 & 2",,2026-08-16 10:22:00,SumitPal,SPR.R6.A12.L0.B1,12,,PW,BKP2604020283,Default Vendor,PRIME260600045330,,COCOBLUE RETAIL LIMITED,55636,PWH
PWH20455,ERP-B2B-SALE-2026-23712,2026-08-14 16:37:00,2026-08-14 17:18:00,Third Party,BKP2604020283,"PW ICSE Class 10 PYQs - Past 10 Years Solved Papers (2026-2016) For 2027 Exams | Physics, Chemistry, Maths, Biology, Economics, History & Civics, Geography, CA, English Paper 1 & 2",,2026-08-16 10:23:00,SumitPal,SPR.R6.A12.L0.B1,12,,PW,BKP2604020283,Default Vendor,PRIME260600045331,,COCOBLUE RETAIL LIMITED,55636,PWH
PWH20455,ERP-B2B-SALE-2026-23712,2026-08-14 16:37:00,2026-08-14 17:18:00,Third Party,BKP2604020283,"PW ICSE Class 10 PYQs - Past 10 Years Solved Papers (2026-2016) For 2027 Exams | Physics, Chemistry, Maths, Biology, Economics, History & Civics, Geography, CA, English Paper 1 & 2",,2026-08-16 10:22:00,SumitPal,SPR.R6.A12.L0.B1,12,,PW,BKP2604020283,Default Vendor,PRIME260600045332,,COCOBLUE RETAIL LIMITED,55636,PWH
PWH20455,ERP-B2B-SALE-2026-23712,2026-08-14 16:37:00,2026-08-14 17:18:00,Third Party,BKP2604020283,"PW ICSE Class 10 PYQs - Past 10 Years Solved Papers (2026-2016) For 2027 Exams | Physics, Chemistry, Maths, Biology, Economics, History & Civics, Geography, CA, English Paper 1 & 2",,2026-08-16 10:21:00,SumitPal,SPR.R6.A12.L0.B1,12,,PW,BKP2604020283,Default Vendor,PRIME260600045333,,COCOBLUE RETAIL LIMITED,55636,PWH
PWH20455,ERP-B2B-SALE-2026-23712,2026-08-14 16:37:00,2026-08-14 17:18:00,Third Party,BKP2604020283,"PW ICSE Class 10 PYQs - Past 10 Years Solved Papers (2026-2016) For 2027 Exams | Physics, Chemistry, Maths, Biology, Economics, History & Civics, Geography, CA, English Paper 1 & 2",,2026-08-16 10:21:00,SumitPal,SPR.R6.A12.L0.B1,12,,PW,BKP2604020283,Default Vendor,PRIME260600045334,,COCOBLUE RETAIL LIMITED,55636,PWH
PWH20455,ERP-B2B-SALE-2026-23712,2026-08-14 16:37:00,2026-08-14 17:18:00,Third Party,BKP2604020283,"PW ICSE Class 10 PYQs - Past 10 Years Solved Papers (2026-2016) For 2027 Exams | Physics, Chemistry, Maths, Biology, Economics, History & Civics, Geography, CA, English Paper 1 & 2",,2026-08-16 10:22:00,SumitPal,SPR.R6.A12.L0.B1,12,,PW,BKP2604020283,Default Vendor,PRIME260600045335,,COCOBLUE RETAIL LIMITED,55636,PWH
PWH20455,ERP-B2B-SALE-2026-23712,2026-08-14 16:37:00,2026-08-14 17:18:00,Third Party,BKP2604020283,"PW ICSE Class 10 PYQs - Past 10 Years Solved Papers (2026-2016) For 2027 Exams | Physics, Chemistry, Maths, Biology, Economics, History & Civics, Geography, CA, English Paper 1 & 2",,2026-08-16 10:22:00,SumitPal,SPR.R6.A12.L0.B1,12,,PW,BKP2604020283,Default Vendor,PRIME260600045337,,COCOBLUE RETAIL LIMITED,55636,PWH
PWH20455,ERP-B2B-SALE-2026-23712,2026-08-14 16:37:00,2026-08-14 17:18:00,Third Party,BKP2604020283,"PW ICSE Class 10 PYQs - Past 10 Years Solved Papers (2026-2016) For 2027 Exams | Physics, Chemistry, Maths, Biology, Economics, History & Civics, Geography, CA, English Paper 1 & 2",,2026-08-16 10:23:00,SumitPal,SPR.R6.A12.L0.B1,12,,PW,BKP2604020283,Default Vendor,PRIME260600045338,,COCOBLUE RETAIL LIMITED,55636,PWH
PWH20455,ERP-B2B-SALE-2026-23712,2026-08-14 16:37:00,2026-08-14 17:18:00,Third Party,BKP2604020283,"PW ICSE Class 10 PYQs - Past 10 Years Solved Papers (2026-2016) For 2027 Exams | Physics, Chemistry, Maths, Biology, Economics, History & Civics, Geography, CA, English Paper 1 & 2",,2026-08-16 10:21:00,SumitPal,SPR.R6.A12.L0.B1,12,,PW,BKP2604020283,Default Vendor,PRIME260600045340,,COCOBLUE RETAIL LIMITED,55636,PWH
PWH20455,ERP-B2B-SALE-2026-23712,2026-08-14 16:37:00,2026-08-14 17:18:00,Third Party,BKP2604020283,"PW ICSE Class 10 PYQs - Past 10 Years Solved Papers (2026-2016) For 2027 Exams | Physics, Chemistry, Maths, Biology, Economics, History & Civics, Geography, CA, English Paper 1 & 2",,2026-08-16 10:22:00,SumitPal,SPR.R6.A12.L0.B1,12,,PW,BKP2604020283,Default Vendor,PRIME260600045341,,COCOBLUE RETAIL LIMITED,55636,PWH
PWH20455,ERP-B2B-SALE-2026-23712,2026-08-14 16:37:00,2026-08-14 17:18:00,Third Party,BKP2604020283,"PW ICSE Class 10 PYQs - Past 10 Years Solved Papers (2026-2016) For 2027 Exams | Physics, Chemistry, Maths, Biology, Economics, History & Civics, Geography, CA, English Paper 1 & 2",,2026-08-16 10:21:00,SumitPal,SPR.R6.A12.L0.B1,12,,PW,BKP2604020283,Default Vendor,PRIME260600045342,,COCOBLUE RETAIL LIMITED,55636,PWH
PWH20455,ERP-B2B-SALE-2026-23712,2026-08-14 16:37:00,2026-08-14 17:18:00,Third Party,BKP2604020283,"PW ICSE Class 10 PYQs - Past 10 Years Solved Papers (2026-2016) For 2027 Exams | Physics, Chemistry, Maths, Biology, Economics, History & Civics, Geography, CA, English Paper 1 & 2",,2026-08-16 10:23:00,SumitPal,SPR.R6.A12.L0.B1,12,,PW,BKP2604020283,Default Vendor,PRIME260600045343,,COCOBLUE RETAIL LIMITED,55636,PWH
PWH20455,ERP-B2B-SALE-2026-23712,2026-08-14 16:37:00,2026-08-14 17:18:00,Third Party,BKP2604020283,"PW ICSE Class 10 PYQs - Past 10 Years Solved Papers (2026-2016) For 2027 Exams | Physics, Chemistry, Maths, Biology, Economics, History & Civics, Geography, CA, English Paper 1 & 2",,2026-08-16 10:21:00,SumitPal,SPR.R6.A12.L0.B1,12,,PW,BKP2604020283,Default Vendor,PRIME260600045344,,COCOBLUE RETAIL LIMITED,55636,PWH
PWH20455,ERP-B2B-SALE-2026-23712,2026-08-14 16:37:00,2026-08-14 17:18:00,Third Party,BKP2604020283,"PW ICSE Class 10 PYQs - Past 10 Years Solved Papers (2026-2016) For 2027 Exams | Physics, Chemistry, Maths, Biology, Economics, History & Civics, Geography, CA, English Paper 1 & 2",,2026-08-16 11:27:00,SumitPal,SPR.R27.A11.L3.B1,12,,PW,BKP2604020283,Default Vendor,PRIME260600010253,,COCOBLUE RETAIL LIMITED,55636,PWH
PWH20455,ERP-B2B-SALE-2026-23712,2026-08-14 16:37:00,2026-08-14 17:18:00,Third Party,BKP2604020283,"PW ICSE Class 10 PYQs - Past 10 Years Solved Papers (2026-2016) For 2027 Exams | Physics, Chemistry, Maths, Biology, Economics, History & Civics, Geography, CA, English Paper 1 & 2",,2026-08-16 11:25:00,SumitPal,SPR.R27.A11.L3.B1,12,,PW,BKP2604020283,Default Vendor,PRIME260600010256,,COCOBLUE RETAIL LIMITED,55636,PWH
PWH20455,ERP-B2B-SALE-2026-23712,2026-08-14 16:37:00,2026-08-14 17:18:00,Third Party,BKP2604020283,"PW ICSE Class 10 PYQs - Past 10 Years Solved Papers (2026-2016) For 2027 Exams | Physics, Chemistry, Maths, Biology, Economics, History & Civics, Geography, CA, English Paper 1 & 2",,2026-08-16 11:26:00,SumitPal,SPR.R27.A11.L3.B1,12,,PW,BKP2604020283,Default Vendor,PRIME260600010255,,COCOBLUE RETAIL LIMITED,55636,PWH
PWH20455,ERP-B2B-SALE-2026-23712,2026-08-14 16:37:00,2026-08-14 17:18:00,Third Party,BKP2604020283,"PW ICSE Class 10 PYQs - Past 10 Years Solved Papers (2026-2016) For 2027 Exams | Physics, Chemistry, Maths, Biology, Economics, History & Civics, Geography, CA, English Paper 1 & 2",,2026-08-16 11:26:00,SumitPal,SPR.R27.A11.L3.B1,12,,PW,BKP2604020283,Default Vendor,PRIME260600010254,,COCOBLUE RETAIL LIMITED,55636,PWH
PWH20455,ERP-B2B-SALE-2026-23712,2026-08-14 16:37:00,2026-08-14 17:18:00,Third Party,BKP2604020283,"PW ICSE Class 10 PYQs - Past 10 Years Solved Papers (2026-2016) For 2027 Exams | Physics, Chemistry, Maths, Biology, Economics, History & Civics, Geography, CA, English Paper 1 & 2",,2026-08-16 13:29:00,SumitPal,MTR.G0.R18.A12.L4.B2,2,,PW,BKP2604020283,Default Vendor,PRIME260800030615,,COCOBLUE RETAIL LIMITED,55636,PWH
PWH20455,ERP-B2B-SALE-2026-23712,2026-08-14 16:37:00,2026-08-14 17:18:00,Third Party,BKP2606022463,PW CTET Paper 2 Maths and Science PYQ Book | 24 Yearwise Previous Year Solved Papers PYQ (2026-2011) Class 6 - 8 For 2026 Exams | 5 Practice Sets and OMR Sheets | English Edition,,2026-08-16 13:14:00,SumitPal,MTR.G1.R23.A12.L1.B2,125,,PW,BKP2606022463,Default Vendor,PRIME260800030615,,COCOBLUE RETAIL LIMITED,55636,PWH
PWH20455,ERP-B2B-SALE-2026-23712,2026-08-14 16:37:00,2026-08-14 17:18:00,Third Party,BKP2602019208,PW IBPS Clerk PYQ - 27 Year-wise Prelims & Mains Previous Year Solved Papers Till Nov 2025 with 15 Online CBT Tests For Exam 2026-27 | 3750 PYQs | English Edition,,2026-08-16 10:39:00,SumitPal,SPR.R11.A14.L1.B3,20,,PW,BKP2602019208,Default Vendor,PRIME260300121393,,COCOBLUE RETAIL LIMITED,55636,PWH
PWH20455,ERP-B2B-SALE-2026-23712,2026-08-14 16:37:00,2026-08-14 17:18:00,Third Party,BKP2602019208,PW IBPS Clerk PYQ - 27 Year-wise Prelims & Mains Previous Year Solved Papers Till Nov 2025 with 15 Online CBT Tests For Exam 2026-27 | 3750 PYQs | English Edition,,2026-08-16 10:36:00,SumitPal,SPR.R11.A14.L1.B3,20,,PW,BKP2602019208,Default Vendor,PRIME260300121396,,COCOBLUE RETAIL LIMITED,55636,PWH
PWH20455,ERP-B2B-SALE-2026-23712,2026-08-14 16:37:00,2026-08-14 17:18:00,Third Party,BKP2602019208,PW IBPS Clerk PYQ - 27 Year-wise Prelims & Mains Previous Year Solved Papers Till Nov 2025 with 15 Online CBT Tests For Exam 2026-27 | 3750 PYQs | English Edition,,2026-08-16 10:36:00,SumitPal,SPR.R11.A14.L1.B3,20,,PW,BKP2602019208,Default Vendor,PRIME260300121397,,COCOBLUE RETAIL LIMITED,55636,PWH
PWH20455,ERP-B2B-SALE-2026-23712,2026-08-14 16:37:00,2026-08-14 17:18:00,Third Party,BKP2602019208,PW IBPS Clerk PYQ - 27 Year-wise Prelims & Mains Previous Year Solved Papers Till Nov 2025 with 15 Online CBT Tests For Exam 2026-27 | 3750 PYQs | English Edition,,2026-08-16 10:39:00,SumitPal,SPR.R11.A14.L1.B3,20,,PW,BKP2602019208,Default Vendor,PRIME260300121401,,COCOBLUE RETAIL LIMITED,55636,PWH
PWH20455,ERP-B2B-SALE-2026-23712,2026-08-14 16:37:00,2026-08-14 17:18:00,Third Party,BKP2602019208,PW IBPS Clerk PYQ - 27 Year-wise Prelims & Mains Previous Year Solved Papers Till Nov 2025 with 15 Online CBT Tests For Exam 2026-27 | 3750 PYQs | English Edition,,2026-08-16 10:40:00,SumitPal,SPR.R11.A14.L1.B3,20,,PW,BKP2602019208,Default Vendor,PRIME260800030618,,COCOBLUE RETAIL LIMITED,55636,PWH
PWH20455,ERP-B2B-SALE-2026-23712,2026-08-14 16:37:00,2026-08-14 17:18:00,Third Party,BKP2602019208,PW IBPS Clerk PYQ - 27 Year-wise Prelims & Mains Previous Year Solved Papers Till Nov 2025 with 15 Online CBT Tests For Exam 2026-27 | 3750 PYQs | English Edition,,2026-08-16 10:37:00,SumitPal,SPR.R11.A14.L1.B3,20,,PW,BKP2602019208,Default Vendor,PRIME260300121403,,COCOBLUE RETAIL LIMITED,55636,PWH
PWH20455,ERP-B2B-SALE-2026-23712,2026-08-14 16:37:00,2026-08-14 17:18:00,Third Party,BKP2602019208,PW IBPS Clerk PYQ - 27 Year-wise Prelims & Mains Previous Year Solved Papers Till Nov 2025 with 15 Online CBT Tests For Exam 2026-27 | 3750 PYQs | English Edition,,2026-08-16 10:37:00,SumitPal,SPR.R11.A14.L1.B3,20,,PW,BKP2602019208,Default Vendor,PRIME260300121404,,COCOBLUE RETAIL LIMITED,55636,PWH
PWH20455,ERP-B2B-SALE-2026-23712,2026-08-14 16:37:00,2026-08-14 17:18:00,Third Party,BKP2602019208,PW IBPS Clerk PYQ - 27 Year-wise Prelims & Mains Previous Year Solved Papers Till Nov 2025 with 15 Online CBT Tests For Exam 2026-27 | 3750 PYQs | English Edition,,2026-08-16 10:35:00,SumitPal,SPR.R11.A14.L1.B3,20,,PW,BKP2602019208,Default Vendor,PRIME260300121406,,COCOBLUE RETAIL LIMITED,55636,PWH
PWH20455,ERP-B2B-SALE-2026-23712,2026-08-14 16:37:00,2026-08-14 17:18:00,Third Party,BKP2602019208,PW IBPS Clerk PYQ - 27 Year-wise Prelims & Mains Previous Year Solved Papers Till Nov 2025 with 15 Online CBT Tests For Exam 2026-27 | 3750 PYQs | English Edition,,2026-08-16 10:37:00,SumitPal,SPR.R11.A14.L1.B3,20,,PW,BKP2602019208,Default Vendor,PRIME260300121408,,COCOBLUE RETAIL LIMITED,55636,PWH
PWH20455,ERP-B2B-SALE-2026-23712,2026-08-14 16:37:00,2026-08-14 17:18:00,Third Party,BKP2602019208,PW IBPS Clerk PYQ - 27 Year-wise Prelims & Mains Previous Year Solved Papers Till Nov 2025 with 15 Online CBT Tests For Exam 2026-27 | 3750 PYQs | English Edition,,2026-08-16 12:27:00,SumitPal,MTR.G2.R08.A11.L2.B1,8,,PW,BKP2602019208,Default Vendor,PRIME260800030615,,COCOBLUE RETAIL LIMITED,55636,PWH
PWH20455,ERP-B2B-SALE-2026-23712,2026-08-14 16:37:00,2026-08-14 17:18:00,Third Party,BKP2603019653,PW CTET Paper 1 (Class 1 – 5) 24 Previous Year Solved Papers 2026-2011 Hindi Edition | Includes CDP Revision Notes | 5 Practice Sets | 5 OMR Sheets | PYQ Questions,,2026-08-16 12:15:00,SumitPal,MTR.G3.R31.A09.L4.B2,175,,PW,BKP2603019653,Default Vendor,PRIME260800030615,,COCOBLUE RETAIL LIMITED,55636,PWH
PWH20455,ERP-B2B-SALE-2026-23712,2026-08-14 16:37:00,2026-08-14 17:18:00,Third Party,BKP2604238786,"PW All in One RRB JE (Junior Engineer) CBT - 1 Book 2026-27 Exam l Chapterwise Theory, Short Tricks and Exercises, 18 Previous Year Solved Papers (2026, 2024 & 2019) PYQs with 10 Practice Sets",,2026-08-16 11:21:00,SumitPal,SPR.R17.A2.L0.B2,18,,PW,BKP2604238786,Default Vendor,PRIME260500193256,,COCOBLUE RETAIL LIMITED,55636,PWH
PWH20455,ERP-B2B-SALE-2026-23712,2026-08-14 16:37:00,2026-08-14 17:18:00,Third Party,BKP2604238786,"PW All in One RRB JE (Junior Engineer) CBT - 1 Book 2026-27 Exam l Chapterwise Theory, Short Tricks and Exercises, 18 Previous Year Solved Papers (2026, 2024 & 2019) PYQs with 10 Practice Sets",,2026-08-16 13:40:00,SumitPal,SPR.R18.A10.L1.B4,18,,PW,BKP2604238786,Default Vendor,PRIME260500193257,,COCOBLUE RETAIL LIMITED,55636,PWH
PWH20455,ERP-B2B-SALE-2026-23712,2026-08-14 16:37:00,2026-08-14 17:18:00,Third Party,BKP2604238786,"PW All in One RRB JE (Junior Engineer) CBT - 1 Book 2026-27 Exam l Chapterwise Theory, Short Tricks and Exercises, 18 Previous Year Solved Papers (2026, 2024 & 2019) PYQs with 10 Practice Sets",,2026-08-16 12:37:00,SumitPal,MTR.G1.R47.A10.L1.B2,1,,PW,BKP2604238786,Default Vendor,PRIME260800030615,,COCOBLUE RETAIL LIMITED,55636,PWH
PWH20455,ERP-B2B-SALE-2026-23712,2026-08-14 16:37:00,2026-08-14 17:18:00,Third Party,BKP2606032827,PW CTET Paper 2 Social Science/Studies Book | 24 Yearwise Previous Year Solved Papers PYQ (2026-2011) Class 6 - 8 For 2026 Exams | 5 Practice Sets and OMR Sheets | English Edition,,2026-08-16 10:33:00,SumitPal,SPR.R10.A11.L1.B1,5,,PW,BKP2606032827,Default Vendor,PRIME260800030614,,COCOBLUE RETAIL LIMITED,55636,PWH
PWH20455,ERP-B2B-SALE-2026-23712,2026-08-14 16:37:00,2026-08-14 17:18:00,Third Party,BKP2606032827,PW CTET Paper 2 Social Science/Studies Book | 24 Yearwise Previous Year Solved Papers PYQ (2026-2011) Class 6 - 8 For 2026 Exams | 5 Practice Sets and OMR Sheets | English Edition,,2026-08-16 10:33:00,SumitPal,SPR.R10.A11.L1.B1,18,,PW,BKP2606032827,Default Vendor,PRIME260700066045,,COCOBLUE RETAIL LIMITED,55636,PWH
PWH20455,ERP-B2B-SALE-2026-23712,2026-08-14 16:37:00,2026-08-14 17:18:00,Third Party,BKP2606032827,PW CTET Paper 2 Social Science/Studies Book | 24 Yearwise Previous Year Solved Papers PYQ (2026-2011) Class 6 - 8 For 2026 Exams | 5 Practice Sets and OMR Sheets | English Edition,,2026-08-16 11:41:00,SumitPal,SPR.R26.A13.L0.B4,1,,PW,BKP2606032827,Default Vendor,PRIME260800030616,,COCOBLUE RETAIL LIMITED,55636,PWH
PWH20455,ERP-B2B-SALE-2026-23712,2026-08-14 16:37:00,2026-08-14 17:18:00,Third Party,ATV2602964244,"My First 1200 Phonics Activity Book For Kids | Learn Word Families, Short & Long Vowels, Alphabet & Special Sounds, Blending, Word Formatting & Sight Words | Montessori Activity Book For Kids",,2026-08-16 11:14:00,SumitPal,SPR.R9.A7.L4.B1,56,,PW,ATV2602964244,Default Vendor,PRIME260300078832,,COCOBLUE RETAIL LIMITED,55636,PWH
PWH20455,ERP-B2B-SALE-2026-23712,2026-08-14 16:37:00,2026-08-14 17:18:00,Third Party,ATV2602964244,"My First 1200 Phonics Activity Book For Kids | Learn Word Families, Short & Long Vowels, Alphabet & Special Sounds, Blending, Word Formatting & Sight Words | Montessori Activity Book For Kids",,2026-08-16 11:15:00,SumitPal,SPR.R9.A7.L4.B1,56,,PW,ATV2602964244,Default Vendor,PRIME260300078822,,COCOBLUE RETAIL LIMITED,55636,PWH
PWH20455,ERP-B2B-SALE-2026-23712,2026-08-14 16:37:00,2026-08-14 17:18:00,Third Party,ATV2602964244,"My First 1200 Phonics Activity Book For Kids | Learn Word Families, Short & Long Vowels, Alphabet & Special Sounds, Blending, Word Formatting & Sight Words | Montessori Activity Book For Kids",,2026-08-16 11:15:00,SumitPal,SPR.R9.A7.L4.B1,56,,PW,ATV2602964244,Default Vendor,PRIME260300078823,,COCOBLUE RETAIL LIMITED,55636,PWH
PWH20455,ERP-B2B-SALE-2026-23712,2026-08-14 16:37:00,2026-08-14 17:18:00,Third Party,ATV2602964244,"My First 1200 Phonics Activity Book For Kids | Learn Word Families, Short & Long Vowels, Alphabet & Special Sounds, Blending, Word Formatting & Sight Words | Montessori Activity Book For Kids",,2026-08-16 12:26:00,SumitPal,MTR.G2.R11.A06.L3.B2,15,,PW,ATV2602964244,Default Vendor,PRIME260800030615,,COCOBLUE RETAIL LIMITED,55636,PWH
PWH20455,ERP-B2B-SALE-2026-23712,2026-08-14 16:37:00,2026-08-14 17:18:00,Third Party,BKP2602909300,PW All in One IBPS Clerk 2026 Book Prelims & Mains Exams | Chapterwise Theory and Exercises | 12 Previous Year Solved Papers PYQ Till Oct 2025 and 15 Online CBT Tests English Edition,,2026-08-16 10:44:00,SumitPal,SPR.R19.A3.L1.B1,14,,PW,BKP2602909300,Default Vendor,PRIME260500193178,,COCOBLUE RETAIL LIMITED,55636,PWH
PWH20455,ERP-B2B-SALE-2026-23712,2026-08-14 16:37:00,2026-08-14 17:18:00,Third Party,BKP2602909300,PW All in One IBPS Clerk 2026 Book Prelims & Mains Exams | Chapterwise Theory and Exercises | 12 Previous Year Solved Papers PYQ Till Oct 2025 and 15 Online CBT Tests English Edition,,2026-08-16 10:43:00,SumitPal,SPR.R19.A3.L1.B1,14,,PW,BKP2602909300,Default Vendor,PRIME260500193179,,COCOBLUE RETAIL LIMITED,55636,PWH
PWH20455,ERP-B2B-SALE-2026-23712,2026-08-14 16:37:00,2026-08-14 17:18:00,Third Party,BKP2602909300,PW All in One IBPS Clerk 2026 Book Prelims & Mains Exams | Chapterwise Theory and Exercises | 12 Previous Year Solved Papers PYQ Till Oct 2025 and 15 Online CBT Tests English Edition,,2026-08-16 10:44:00,SumitPal,SPR.R19.A3.L1.B1,14,,PW,BKP2602909300,Default Vendor,PRIME260500193180,,COCOBLUE RETAIL LIMITED,55636,PWH
PWH20455,ERP-B2B-SALE-2026-23712,2026-08-14 16:37:00,2026-08-14 17:18:00,Third Party,BKP2602909300,PW All in One IBPS Clerk 2026 Book Prelims & Mains Exams | Chapterwise Theory and Exercises | 12 Previous Year Solved Papers PYQ Till Oct 2025 and 15 Online CBT Tests English Edition,,2026-08-16 10:46:00,SumitPal,SPR.R19.A3.L1.B1,14,,PW,BKP2602909300,Default Vendor,PRIME260500193184,,COCOBLUE RETAIL LIMITED,55636,PWH
PWH20455,ERP-B2B-SALE-2026-23712,2026-08-14 16:37:00,2026-08-14 17:18:00,Third Party,BKP2602909300,PW All in One IBPS Clerk 2026 Book Prelims & Mains Exams | Chapterwise Theory and Exercises | 12 Previous Year Solved Papers PYQ Till Oct 2025 and 15 Online CBT Tests English Edition,,2026-08-16 10:45:00,SumitPal,SPR.R19.A3.L1.B1,14,,PW,BKP2602909300,Default Vendor,PRIME260500193185,,COCOBLUE RETAIL LIMITED,55636,PWH
PWH20455,ERP-B2B-SALE-2026-23712,2026-08-14 16:37:00,2026-08-14 17:18:00,Third Party,BKP2602909300,PW All in One IBPS Clerk 2026 Book Prelims & Mains Exams | Chapterwise Theory and Exercises | 12 Previous Year Solved Papers PYQ Till Oct 2025 and 15 Online CBT Tests English Edition,,2026-08-16 10:49:00,SumitPal,SPR.R19.A3.L1.B1,14,,PW,BKP2602909300,Default Vendor,PRIME260500193189,,COCOBLUE RETAIL LIMITED,55636,PWH
PWH20455,ERP-B2B-SALE-2026-23712,2026-08-14 16:37:00,2026-08-14 17:18:00,Third Party,BKP2602909300,PW All in One IBPS Clerk 2026 Book Prelims & Mains Exams | Chapterwise Theory and Exercises | 12 Previous Year Solved Papers PYQ Till Oct 2025 and 15 Online CBT Tests English Edition,,2026-08-16 10:43:00,SumitPal,SPR.R19.A3.L1.B1,14,,PW,BKP2602909300,Default Vendor,PRIME260500193193,,COCOBLUE RETAIL LIMITED,55636,PWH
PWH20455,ERP-B2B-SALE-2026-23712,2026-08-14 16:37:00,2026-08-14 17:18:00,Third Party,BKP2602909300,PW All in One IBPS Clerk 2026 Book Prelims & Mains Exams | Chapterwise Theory and Exercises | 12 Previous Year Solved Papers PYQ Till Oct 2025 and 15 Online CBT Tests English Edition,,2026-08-16 10:44:00,SumitPal,SPR.R19.A3.L1.B1,14,,PW,BKP2602909300,Default Vendor,PRIME260500193194,,COCOBLUE RETAIL LIMITED,55636,PWH
PWH20455,ERP-B2B-SALE-2026-23712,2026-08-14 16:37:00,2026-08-14 17:18:00,Third Party,BKP2602909300,PW All in One IBPS Clerk 2026 Book Prelims & Mains Exams | Chapterwise Theory and Exercises | 12 Previous Year Solved Papers PYQ Till Oct 2025 and 15 Online CBT Tests English Edition,,2026-08-16 10:43:00,SumitPal,SPR.R19.A3.L1.B1,14,,PW,BKP2602909300,Default Vendor,PRIME260500193196,,COCOBLUE RETAIL LIMITED,55636,PWH
PWH20455,ERP-B2B-SALE-2026-23712,2026-08-14 16:37:00,2026-08-14 17:18:00,Third Party,BKP2602909300,PW All in One IBPS Clerk 2026 Book Prelims & Mains Exams | Chapterwise Theory and Exercises | 12 Previous Year Solved Papers PYQ Till Oct 2025 and 15 Online CBT Tests English Edition,,2026-08-16 12:06:00,SumitPal,MTR.G3.R32.A09.L3.B1,31,,PW,BKP2602909300,Default Vendor,PRIME260800030615,,COCOBLUE RETAIL LIMITED,55636,PWH
PWH20455,ERP-B2B-SALE-2026-23712,2026-08-14 16:37:00,2026-08-14 17:18:00,Third Party,BKP2602909300,PW All in One IBPS Clerk 2026 Book Prelims & Mains Exams | Chapterwise Theory and Exercises | 12 Previous Year Solved Papers PYQ Till Oct 2025 and 15 Online CBT Tests English Edition,,2026-08-16 12:09:00,SumitPal,MTR.G3.R33.A09.L1.B1,98,,PW,BKP2602909300,Default Vendor,PRIME260800030615,,COCOBLUE RETAIL LIMITED,55636,PWH
PWH20455,ERP-B2B-SALE-2026-23712,2026-08-14 16:37:00,2026-08-14 17:18:00,Third Party,BKP2602909300,PW All in One IBPS Clerk 2026 Book Prelims & Mains Exams | Chapterwise Theory and Exercises | 12 Previous Year Solved Papers PYQ Till Oct 2025 and 15 Online CBT Tests English Edition,,2026-08-16 12:09:00,SumitPal,SPR.R26.A11.L1.B2,1,,PW,BKP2602909300,Default Vendor,PRIME260800030615,,COCOBLUE RETAIL LIMITED,55636,PWH
PWH20455,ERP-B2B-SALE-2026-23712,2026-08-14 16:37:00,2026-08-14 17:18:00,Third Party,BKP2602909300,PW All in One IBPS Clerk 2026 Book Prelims & Mains Exams | Chapterwise Theory and Exercises | 12 Previous Year Solved Papers PYQ Till Oct 2025 and 15 Online CBT Tests English Edition,,2026-08-16 11:36:00,SumitPal,SPR.R29.A13.L0.B1,1,,PW,BKP2602909300,Default Vendor,PRIME260800030616,,COCOBLUE RETAIL LIMITED,55636,PWH
PWH20455,ERP-B2B-SALE-2026-23712,2026-08-14 16:37:00,2026-08-14 17:18:00,Third Party,BKP2605022122,"PW Informative Atlas Book - India & World | Physical, Political, Regional, Thematic Maps For School, UPSC, State PSC & Other Competitive Exams English Edition",,2026-08-16 13:31:00,SumitPal,MTR.G0.R04.A12.L3.B1,6,,PW,BKP2605022122,Default Vendor,PRIME260800030615,,COCOBLUE RETAIL LIMITED,55636,PWH
PWH20456,ERP-B2B-SALE-2026-23707,2026-08-14 16:16:00,2026-08-14 17:18:00,Third Party,BKP2505007200,MR Physics Questions Solving Med Easy | Chapterwise and Topicwise 6000+ Practice Questions with Answer Keys | Complete Class 11 & 12 Syllabus For NEET and JEE,,2026-08-14 18:41:00,Punit02,MTR.G3.R24.A12.L4.B1,13,,PW,BKP2505007200,Default Vendor,PRIME260800030209,,COCOBLUE RETAIL LIMITED,55635,PWH
PWH20456,ERP-B2B-SALE-2026-23707,2026-08-14 16:16:00,2026-08-14 17:18:00,Third Party,BKP2605021589,PW CBSE Class 9 Maths Ganita Manjari-1 New NCERT 2026-27 Question and Concept Bank with NCERT Textbook Solutions and Competency Based Questions By Ritik Sir,,2026-08-14 18:39:00,Punit02,MTR.G1.R06.A02.L4.B2,25,,PW,BKP2605021589,Default Vendor,PRIME260800030210,,COCOBLUE RETAIL LIMITED,55635,PWH
PWH20456,ERP-B2B-SALE-2026-23707,2026-08-14 16:16:00,2026-08-14 17:18:00,Third Party,BKP2606022911,PW JEE Advanced 49 Years (2026-1978) with JEE Main 162 Sets PYQs (2026-2019) combo | Chapterwise and Topicwise Solved Papers For JEE Main & Advanced 2027 Exams,Size,2026-08-14 18:24:00,Punit02,GP_KIT_13,2,,PW,BKP2606022911,Default Vendor,PRIME260800030214,,COCOBLUE RETAIL LIMITED,55635,PWH
PWH20456,ERP-B2B-SALE-2026-23707,2026-08-14 16:16:00,2026-08-14 17:18:00,Third Party,BKP2604020239,Cbse class 10 past 10 year chapterwise pyqs for Maths,,2026-08-14 18:48:00,Punit02,SPR.R6.A8.L0.B4,24,,PW,BKP2604020239,Default Vendor,PRIME260600124971,,COCOBLUE RETAIL LIMITED,55635,PWH
PWH20456,ERP-B2B-SALE-2026-23707,2026-08-14 16:16:00,2026-08-14 17:18:00,Third Party,BKP2604020239,Cbse class 10 past 10 year chapterwise pyqs for Maths,,2026-08-14 18:48:00,Punit02,SPR.R6.A8.L0.B4,24,,PW,BKP2604020239,Default Vendor,PRIME260600124972,,COCOBLUE RETAIL LIMITED,55635,PWH
PWH20456,ERP-B2B-SALE-2026-23707,2026-08-14 16:16:00,2026-08-14 17:18:00,Third Party,BKP2604020239,Cbse class 10 past 10 year chapterwise pyqs for Maths,,2026-08-14 18:48:00,Punit02,SPR.R6.A8.L0.B4,24,,PW,BKP2604020239,Default Vendor,PRIME260600124973,,COCOBLUE RETAIL LIMITED,55635,PWH
PWH20456,ERP-B2B-SALE-2026-23707,2026-08-14 16:16:00,2026-08-14 17:18:00,Third Party,BKP2604020239,Cbse class 10 past 10 year chapterwise pyqs for Maths,,2026-08-14 18:45:00,Punit02,MTR.G0.R01.A11.L4.B1,15,,PW,BKP2604020239,Default Vendor,PRIME260800030208,,COCOBLUE RETAIL LIMITED,55635,PWH
PWH20456,ERP-B2B-SALE-2026-23707,2026-08-14 16:16:00,2026-08-14 17:18:00,Third Party,BKP2606022911,PW JEE Advanced 49 Years (2026-1978) with JEE Main 162 Sets PYQs (2026-2019) combo | Chapterwise and Topicwise Solved Papers For JEE Main & Advanced 2027 Exams,Size,2026-08-14 18:24:00,Punit02,GP_KIT_13,2,,PW,BKP2606022911,Default Vendor,PRIME260800029831,,COCOBLUE RETAIL LIMITED,55635,PWH
PWH20456,ERP-B2B-SALE-2026-23707,2026-08-14 16:16:00,2026-08-14 17:18:00,Third Party,BKP2606022911,PW JEE Advanced 49 Years (2026-1978) with JEE Main 162 Sets PYQs (2026-2019) combo | Chapterwise and Topicwise Solved Papers For JEE Main & Advanced 2027 Exams,Size,2026-08-14 18:24:00,Punit02,GP_KIT_13,2,,PW,BKP2606022911,Default Vendor,PRIME260800029830,,COCOBLUE RETAIL LIMITED,55635,PWH
PWH20456,ERP-B2B-SALE-2026-23707,2026-08-14 16:16:00,2026-08-14 17:18:00,Third Party,BKP2606022911,PW JEE Advanced 49 Years (2026-1978) with JEE Main 162 Sets PYQs (2026-2019) combo | Chapterwise and Topicwise Solved Papers For JEE Main & Advanced 2027 Exams,Size,2026-08-14 18:24:00,Punit02,GP_KIT_13,2,,PW,BKP2606022911,Default Vendor,PRIME260800029829,,COCOBLUE RETAIL LIMITED,55635,PWH
PWH20456,ERP-B2B-SALE-2026-23707,2026-08-14 16:16:00,2026-08-14 17:18:00,Third Party,BKP2606022911,PW JEE Advanced 49 Years (2026-1978) with JEE Main 162 Sets PYQs (2026-2019) combo | Chapterwise and Topicwise Solved Papers For JEE Main & Advanced 2027 Exams,Size,2026-08-14 18:24:00,Punit02,GP_KIT_13,2,,PW,BKP2606022911,Default Vendor,PRIME260800029828,,COCOBLUE RETAIL LIMITED,55635,PWH
PWH20456,ERP-B2B-SALE-2026-23707,2026-08-14 16:16:00,2026-08-14 17:18:00,Third Party,BKP2606022911,PW JEE Advanced 49 Years (2026-1978) with JEE Main 162 Sets PYQs (2026-2019) combo | Chapterwise and Topicwise Solved Papers For JEE Main & Advanced 2027 Exams,Size,2026-08-14 18:24:00,Punit02,GP_KIT_13,2,,PW,BKP2606022911,Default Vendor,PRIME260800029827,,COCOBLUE RETAIL LIMITED,55635,PWH
PWH20456,ERP-B2B-SALE-2026-23707,2026-08-14 16:16:00,2026-08-14 17:18:00,Third Party,BKP2606022911,PW JEE Advanced 49 Years (2026-1978) with JEE Main 162 Sets PYQs (2026-2019) combo | Chapterwise and Topicwise Solved Papers For JEE Main & Advanced 2027 Exams,Size,2026-08-14 18:24:00,Punit02,GP_KIT_13,2,,PW,BKP2606022911,Default Vendor,PRIME260800029826,,COCOBLUE RETAIL LIMITED,55635,PWH
PWH20456,ERP-B2B-SALE-2026-23707,2026-08-14 16:16:00,2026-08-14 17:18:00,Third Party,BKP2606022911,PW JEE Advanced 49 Years (2026-1978) with JEE Main 162 Sets PYQs (2026-2019) combo | Chapterwise and Topicwise Solved Papers For JEE Main & Advanced 2027 Exams,Size,2026-08-14 18:24:00,Punit02,GP_KIT_13,2,,PW,BKP2606022911,Default Vendor,PRIME260800029825,,COCOBLUE RETAIL LIMITED,55635,PWH
PWH20456,ERP-B2B-SALE-2026-23707,2026-08-14 16:16:00,2026-08-14 17:18:00,Third Party,BKP2606022911,PW JEE Advanced 49 Years (2026-1978) with JEE Main 162 Sets PYQs (2026-2019) combo | Chapterwise and Topicwise Solved Papers For JEE Main & Advanced 2027 Exams,Size,2026-08-14 18:24:00,Punit02,GP_KIT_13,2,,PW,BKP2606022911,Default Vendor,PRIME260800029824,,COCOBLUE RETAIL LIMITED,55635,PWH
PWH20456,ERP-B2B-SALE-2026-23707,2026-08-14 16:16:00,2026-08-14 17:18:00,Third Party,BKP2606022911,PW JEE Advanced 49 Years (2026-1978) with JEE Main 162 Sets PYQs (2026-2019) combo | Chapterwise and Topicwise Solved Papers For JEE Main & Advanced 2027 Exams,Size,2026-08-14 18:24:00,Punit02,GP_KIT_13,2,,PW,BKP2606022911,Default Vendor,PRIME260800029823,,COCOBLUE RETAIL LIMITED,55635,PWH
PWH20456,ERP-B2B-SALE-2026-23707,2026-08-14 16:16:00,2026-08-14 17:18:00,Third Party,BKP2606022911,PW JEE Advanced 49 Years (2026-1978) with JEE Main 162 Sets PYQs (2026-2019) combo | Chapterwise and Topicwise Solved Papers For JEE Main & Advanced 2027 Exams,Size,2026-08-14 18:24:00,Punit02,GP_KIT_13,2,,PW,BKP2606022911,Default Vendor,PRIME260800029822,,COCOBLUE RETAIL LIMITED,55635,PWH
PWH20456,ERP-B2B-SALE-2026-23707,2026-08-14 16:16:00,2026-08-14 17:18:00,Third Party,BKP2606022911,PW JEE Advanced 49 Years (2026-1978) with JEE Main 162 Sets PYQs (2026-2019) combo | Chapterwise and Topicwise Solved Papers For JEE Main & Advanced 2027 Exams,Size,2026-08-14 18:24:00,Punit02,GP_KIT_13,2,,PW,BKP2606022911,Default Vendor,PRIME260800029821,,COCOBLUE RETAIL LIMITED,55635,PWH
PWH20456,ERP-B2B-SALE-2026-23707,2026-08-14 16:16:00,2026-08-14 17:18:00,Third Party,BKP2606022911,PW JEE Advanced 49 Years (2026-1978) with JEE Main 162 Sets PYQs (2026-2019) combo | Chapterwise and Topicwise Solved Papers For JEE Main & Advanced 2027 Exams,Size,2026-08-14 18:24:00,Punit02,GP_KIT_13,2,,PW,BKP2606022911,Default Vendor,PRIME260800029820,,COCOBLUE RETAIL LIMITED,55635,PWH
PWH20456,ERP-B2B-SALE-2026-23707,2026-08-14 16:16:00,2026-08-14 17:18:00,Third Party,BKP2606022911,PW JEE Advanced 49 Years (2026-1978) with JEE Main 162 Sets PYQs (2026-2019) combo | Chapterwise and Topicwise Solved Papers For JEE Main & Advanced 2027 Exams,Size,2026-08-14 18:24:00,Punit02,GP_KIT_13,2,,PW,BKP2606022911,Default Vendor,PRIME260800029819,,COCOBLUE RETAIL LIMITED,55635,PWH
PWH20456,ERP-B2B-SALE-2026-23707,2026-08-14 16:16:00,2026-08-14 17:18:00,Third Party,BKP2606022911,PW JEE Advanced 49 Years (2026-1978) with JEE Main 162 Sets PYQs (2026-2019) combo | Chapterwise and Topicwise Solved Papers For JEE Main & Advanced 2027 Exams,Size,2026-08-14 18:24:00,Punit02,GP_KIT_13,2,,PW,BKP2606022911,Default Vendor,PRIME260800029818,,COCOBLUE RETAIL LIMITED,55635,PWH
PWH20456,ERP-B2B-SALE-2026-23707,2026-08-14 16:16:00,2026-08-14 17:18:00,Third Party,BKP2606022911,PW JEE Advanced 49 Years (2026-1978) with JEE Main 162 Sets PYQs (2026-2019) combo | Chapterwise and Topicwise Solved Papers For JEE Main & Advanced 2027 Exams,Size,2026-08-14 18:24:00,Punit02,GP_KIT_13,2,,PW,BKP2606022911,Default Vendor,PRIME260800029817,,COCOBLUE RETAIL LIMITED,55635,PWH
PWH20456,ERP-B2B-SALE-2026-23707,2026-08-14 16:16:00,2026-08-14 17:18:00,Third Party,BKP2606022911,PW JEE Advanced 49 Years (2026-1978) with JEE Main 162 Sets PYQs (2026-2019) combo | Chapterwise and Topicwise Solved Papers For JEE Main & Advanced 2027 Exams,Size,2026-08-14 18:24:00,Punit02,GP_KIT_13,2,,PW,BKP2606022911,Default Vendor,PRIME260800029816,,COCOBLUE RETAIL LIMITED,55635,PWH
PWH20456,ERP-B2B-SALE-2026-23707,2026-08-14 16:16:00,2026-08-14 17:18:00,Third Party,BKP2606022911,PW JEE Advanced 49 Years (2026-1978) with JEE Main 162 Sets PYQs (2026-2019) combo | Chapterwise and Topicwise Solved Papers For JEE Main & Advanced 2027 Exams,Size,2026-08-14 18:24:00,Punit02,GP_KIT_13,2,,PW,BKP2606022911,Default Vendor,PRIME260800029815,,COCOBLUE RETAIL LIMITED,55635,PWH
PWH20456,ERP-B2B-SALE-2026-23707,2026-08-14 16:16:00,2026-08-14 17:18:00,Third Party,BKP2606022911,PW JEE Advanced 49 Years (2026-1978) with JEE Main 162 Sets PYQs (2026-2019) combo | Chapterwise and Topicwise Solved Papers For JEE Main & Advanced 2027 Exams,Size,2026-08-14 18:24:00,Punit02,GP_KIT_13,2,,PW,BKP2606022911,Default Vendor,PRIME260800029814,,COCOBLUE RETAIL LIMITED,55635,PWH
PWH20456,ERP-B2B-SALE-2026-23707,2026-08-14 16:16:00,2026-08-14 17:18:00,Third Party,BKP2606022911,PW JEE Advanced 49 Years (2026-1978) with JEE Main 162 Sets PYQs (2026-2019) combo | Chapterwise and Topicwise Solved Papers For JEE Main & Advanced 2027 Exams,Size,2026-08-14 18:24:00,Punit02,GP_KIT_13,2,,PW,BKP2606022911,Default Vendor,PRIME260800029813,,COCOBLUE RETAIL LIMITED,55635,PWH
PWH20456,ERP-B2B-SALE-2026-23707,2026-08-14 16:16:00,2026-08-14 17:18:00,Third Party,BKP2606022911,PW JEE Advanced 49 Years (2026-1978) with JEE Main 162 Sets PYQs (2026-2019) combo | Chapterwise and Topicwise Solved Papers For JEE Main & Advanced 2027 Exams,Size,2026-08-14 18:24:00,Punit02,GP_KIT_13,2,,PW,BKP2606022911,Default Vendor,PRIME260800029812,,COCOBLUE RETAIL LIMITED,55635,PWH
PWH20456,ERP-B2B-SALE-2026-23707,2026-08-14 16:16:00,2026-08-14 17:18:00,Third Party,BKP2606022911,PW JEE Advanced 49 Years (2026-1978) with JEE Main 162 Sets PYQs (2026-2019) combo | Chapterwise and Topicwise Solved Papers For JEE Main & Advanced 2027 Exams,Size,2026-08-14 18:24:00,Punit02,GP_KIT_13,2,,PW,BKP2606022911,Default Vendor,PRIME260800029811,,COCOBLUE RETAIL LIMITED,55635,PWH
PWH20456,ERP-B2B-SALE-2026-23707,2026-08-14 16:16:00,2026-08-14 17:18:00,Third Party,BKP2606022911,PW JEE Advanced 49 Years (2026-1978) with JEE Main 162 Sets PYQs (2026-2019) combo | Chapterwise and Topicwise Solved Papers For JEE Main & Advanced 2027 Exams,Size,2026-08-14 18:24:00,Punit02,GP_KIT_13,2,,PW,BKP2606022911,Default Vendor,PRIME260800029810,,COCOBLUE RETAIL LIMITED,55635,PWH
PWH20456,ERP-B2B-SALE-2026-23707,2026-08-14 16:16:00,2026-08-14 17:18:00,Third Party,BKP2606022911,PW JEE Advanced 49 Years (2026-1978) with JEE Main 162 Sets PYQs (2026-2019) combo | Chapterwise and Topicwise Solved Papers For JEE Main & Advanced 2027 Exams,Size,2026-08-14 18:24:00,Punit02,GP_KIT_13,2,,PW,BKP2606022911,Default Vendor,PRIME260800029809,,COCOBLUE RETAIL LIMITED,55635,PWH
PWH20456,ERP-B2B-SALE-2026-23707,2026-08-14 16:16:00,2026-08-14 17:18:00,Third Party,BKP2606022911,PW JEE Advanced 49 Years (2026-1978) with JEE Main 162 Sets PYQs (2026-2019) combo | Chapterwise and Topicwise Solved Papers For JEE Main & Advanced 2027 Exams,Size,2026-08-14 18:24:00,Punit02,GP_KIT_13,2,,PW,BKP2606022911,Default Vendor,PRIME260800029808,,COCOBLUE RETAIL LIMITED,55635,PWH
PWH20456,ERP-B2B-SALE-2026-23707,2026-08-14 16:16:00,2026-08-14 17:18:00,Third Party,BKP2606022911,PW JEE Advanced 49 Years (2026-1978) with JEE Main 162 Sets PYQs (2026-2019) combo | Chapterwise and Topicwise Solved Papers For JEE Main & Advanced 2027 Exams,Size,2026-08-14 18:24:00,Punit02,GP_KIT_13,2,,PW,BKP2606022911,Default Vendor,PRIME260800029807,,COCOBLUE RETAIL LIMITED,55635,PWH
PWH20456,ERP-B2B-SALE-2026-23707,2026-08-14 16:16:00,2026-08-14 17:18:00,Third Party,BKP2606022911,PW JEE Advanced 49 Years (2026-1978) with JEE Main 162 Sets PYQs (2026-2019) combo | Chapterwise and Topicwise Solved Papers For JEE Main & Advanced 2027 Exams,Size,2026-08-14 18:24:00,Punit02,GP_KIT_13,2,,PW,BKP2606022911,Default Vendor,PRIME260800029806,,COCOBLUE RETAIL LIMITED,55635,PWH
PWH20456,ERP-B2B-SALE-2026-23707,2026-08-14 16:16:00,2026-08-14 17:18:00,Third Party,BKP2606022911,PW JEE Advanced 49 Years (2026-1978) with JEE Main 162 Sets PYQs (2026-2019) combo | Chapterwise and Topicwise Solved Papers For JEE Main & Advanced 2027 Exams,Size,2026-08-14 18:24:00,Punit02,GP_KIT_13,2,,PW,BKP2606022911,Default Vendor,PRIME260800029805,,COCOBLUE RETAIL LIMITED,55635,PWH
PWH20456,ERP-B2B-SALE-2026-23707,2026-08-14 16:16:00,2026-08-14 17:18:00,Third Party,BKP2606022911,PW JEE Advanced 49 Years (2026-1978) with JEE Main 162 Sets PYQs (2026-2019) combo | Chapterwise and Topicwise Solved Papers For JEE Main & Advanced 2027 Exams,Size,2026-08-14 18:24:00,Punit02,GP_KIT_13,2,,PW,BKP2606022911,Default Vendor,PRIME260800029804,,COCOBLUE RETAIL LIMITED,55635,PWH
PWH20456,ERP-B2B-SALE-2026-23707,2026-08-14 16:16:00,2026-08-14 17:18:00,Third Party,BKP2606022911,PW JEE Advanced 49 Years (2026-1978) with JEE Main 162 Sets PYQs (2026-2019) combo | Chapterwise and Topicwise Solved Papers For JEE Main & Advanced 2027 Exams,Size,2026-08-14 18:24:00,Punit02,GP_KIT_13,2,,PW,BKP2606022911,Default Vendor,PRIME260800029803,,COCOBLUE RETAIL LIMITED,55635,PWH
PWH20456,ERP-B2B-SALE-2026-23707,2026-08-14 16:16:00,2026-08-14 17:18:00,Third Party,BKP2606022911,PW JEE Advanced 49 Years (2026-1978) with JEE Main 162 Sets PYQs (2026-2019) combo | Chapterwise and Topicwise Solved Papers For JEE Main & Advanced 2027 Exams,Size,2026-08-14 18:24:00,Punit02,GP_KIT_13,2,,PW,BKP2606022911,Default Vendor,PRIME260800029802,,COCOBLUE RETAIL LIMITED,55635,PWH
PWH20456,ERP-B2B-SALE-2026-23707,2026-08-14 16:16:00,2026-08-14 17:18:00,Third Party,BKP2606022911,PW JEE Advanced 49 Years (2026-1978) with JEE Main 162 Sets PYQs (2026-2019) combo | Chapterwise and Topicwise Solved Papers For JEE Main & Advanced 2027 Exams,Size,2026-08-14 18:24:00,Punit02,GP_KIT_13,2,,PW,BKP2606022911,Default Vendor,PRIME260800029801,,COCOBLUE RETAIL LIMITED,55635,PWH
PWH20456,ERP-B2B-SALE-2026-23707,2026-08-14 16:16:00,2026-08-14 17:18:00,Third Party,BKP2606022911,PW JEE Advanced 49 Years (2026-1978) with JEE Main 162 Sets PYQs (2026-2019) combo | Chapterwise and Topicwise Solved Papers For JEE Main & Advanced 2027 Exams,Size,2026-08-14 18:24:00,Punit02,GP_KIT_13,2,,PW,BKP2606022911,Default Vendor,PRIME260800029800,,COCOBLUE RETAIL LIMITED,55635,PWH
PWH20456,ERP-B2B-SALE-2026-23707,2026-08-14 16:16:00,2026-08-14 17:18:00,Third Party,BKP2606022911,PW JEE Advanced 49 Years (2026-1978) with JEE Main 162 Sets PYQs (2026-2019) combo | Chapterwise and Topicwise Solved Papers For JEE Main & Advanced 2027 Exams,Size,2026-08-14 18:24:00,Punit02,GP_KIT_13,2,,PW,BKP2606022911,Default Vendor,PRIME260800029799,,COCOBLUE RETAIL LIMITED,55635,PWH
PWH20456,ERP-B2B-SALE-2026-23707,2026-08-14 16:16:00,2026-08-14 17:18:00,Third Party,BKP2606022911,PW JEE Advanced 49 Years (2026-1978) with JEE Main 162 Sets PYQs (2026-2019) combo | Chapterwise and Topicwise Solved Papers For JEE Main & Advanced 2027 Exams,Size,2026-08-14 18:24:00,Punit02,GP_KIT_13,2,,PW,BKP2606022911,Default Vendor,PRIME260800029798,,COCOBLUE RETAIL LIMITED,55635,PWH
PWH20456,ERP-B2B-SALE-2026-23707,2026-08-14 16:16:00,2026-08-14 17:18:00,Third Party,BKP2606022911,PW JEE Advanced 49 Years (2026-1978) with JEE Main 162 Sets PYQs (2026-2019) combo | Chapterwise and Topicwise Solved Papers For JEE Main & Advanced 2027 Exams,Size,2026-08-14 18:24:00,Punit02,GP_KIT_13,2,,PW,BKP2606022911,Default Vendor,PRIME260800029797,,COCOBLUE RETAIL LIMITED,55635,PWH
PWH20456,ERP-B2B-SALE-2026-23707,2026-08-14 16:16:00,2026-08-14 17:18:00,Third Party,BKP2606022911,PW JEE Advanced 49 Years (2026-1978) with JEE Main 162 Sets PYQs (2026-2019) combo | Chapterwise and Topicwise Solved Papers For JEE Main & Advanced 2027 Exams,Size,2026-08-14 18:24:00,Punit02,GP_KIT_13,2,,PW,BKP2606022911,Default Vendor,PRIME260800029796,,COCOBLUE RETAIL LIMITED,55635,PWH
PWH20456,ERP-B2B-SALE-2026-23707,2026-08-14 16:16:00,2026-08-14 17:18:00,Third Party,BKP2606022911,PW JEE Advanced 49 Years (2026-1978) with JEE Main 162 Sets PYQs (2026-2019) combo | Chapterwise and Topicwise Solved Papers For JEE Main & Advanced 2027 Exams,Size,2026-08-14 18:24:00,Punit02,GP_KIT_13,2,,PW,BKP2606022911,Default Vendor,PRIME260800029795,,COCOBLUE RETAIL LIMITED,55635,PWH
PWH20456,ERP-B2B-SALE-2026-23707,2026-08-14 16:16:00,2026-08-14 17:18:00,Third Party,BKP2606022911,PW JEE Advanced 49 Years (2026-1978) with JEE Main 162 Sets PYQs (2026-2019) combo | Chapterwise and Topicwise Solved Papers For JEE Main & Advanced 2027 Exams,Size,2026-08-14 18:24:00,Punit02,GP_KIT_13,2,,PW,BKP2606022911,Default Vendor,PRIME260800029794,,COCOBLUE RETAIL LIMITED,55635,PWH
PWH20456,ERP-B2B-SALE-2026-23707,2026-08-14 16:16:00,2026-08-14 17:18:00,Third Party,BKP2606022911,PW JEE Advanced 49 Years (2026-1978) with JEE Main 162 Sets PYQs (2026-2019) combo | Chapterwise and Topicwise Solved Papers For JEE Main & Advanced 2027 Exams,Size,2026-08-14 18:24:00,Punit02,GP_KIT_13,2,,PW,BKP2606022911,Default Vendor,PRIME260800029793,,COCOBLUE RETAIL LIMITED,55635,PWH
PWH20456,ERP-B2B-SALE-2026-23707,2026-08-14 16:16:00,2026-08-14 17:18:00,Third Party,BKP2606022911,PW JEE Advanced 49 Years (2026-1978) with JEE Main 162 Sets PYQs (2026-2019) combo | Chapterwise and Topicwise Solved Papers For JEE Main & Advanced 2027 Exams,Size,2026-08-14 18:24:00,Punit02,GP_KIT_13,2,,PW,BKP2606022911,Default Vendor,PRIME260800029792,,COCOBLUE RETAIL LIMITED,55635,PWH
PWH20456,ERP-B2B-SALE-2026-23707,2026-08-14 16:16:00,2026-08-14 17:18:00,Third Party,BKP2606022911,PW JEE Advanced 49 Years (2026-1978) with JEE Main 162 Sets PYQs (2026-2019) combo | Chapterwise and Topicwise Solved Papers For JEE Main & Advanced 2027 Exams,Size,2026-08-14 18:24:00,Punit02,GP_KIT_13,2,,PW,BKP2606022911,Default Vendor,PRIME260800029791,,COCOBLUE RETAIL LIMITED,55635,PWH
PWH20456,ERP-B2B-SALE-2026-23707,2026-08-14 16:16:00,2026-08-14 17:18:00,Third Party,BKP2606022911,PW JEE Advanced 49 Years (2026-1978) with JEE Main 162 Sets PYQs (2026-2019) combo | Chapterwise and Topicwise Solved Papers For JEE Main & Advanced 2027 Exams,Size,2026-08-14 18:24:00,Punit02,GP_KIT_13,2,,PW,BKP2606022911,Default Vendor,PRIME260800029790,,COCOBLUE RETAIL LIMITED,55635,PWH
PWH20456,ERP-B2B-SALE-2026-23707,2026-08-14 16:16:00,2026-08-14 17:18:00,Third Party,BKP2606022911,PW JEE Advanced 49 Years (2026-1978) with JEE Main 162 Sets PYQs (2026-2019) combo | Chapterwise and Topicwise Solved Papers For JEE Main & Advanced 2027 Exams,Size,2026-08-14 18:24:00,Punit02,GP_KIT_13,2,,PW,BKP2606022911,Default Vendor,PRIME260800029789,,COCOBLUE RETAIL LIMITED,55635,PWH
PWH20456,ERP-B2B-SALE-2026-23707,2026-08-14 16:16:00,2026-08-14 17:18:00,Third Party,BKP2606022911,PW JEE Advanced 49 Years (2026-1978) with JEE Main 162 Sets PYQs (2026-2019) combo | Chapterwise and Topicwise Solved Papers For JEE Main & Advanced 2027 Exams,Size,2026-08-14 18:24:00,Punit02,GP_KIT_13,2,,PW,BKP2606022911,Default Vendor,PRIME260800029788,,COCOBLUE RETAIL LIMITED,55635,PWH
PWH20456,ERP-B2B-SALE-2026-23707,2026-08-14 16:16:00,2026-08-14 17:18:00,Third Party,BKP2606022911,PW JEE Advanced 49 Years (2026-1978) with JEE Main 162 Sets PYQs (2026-2019) combo | Chapterwise and Topicwise Solved Papers For JEE Main & Advanced 2027 Exams,Size,2026-08-14 18:24:00,Punit02,GP_KIT_13,2,,PW,BKP2606022911,Default Vendor,PRIME260800029787,,COCOBLUE RETAIL LIMITED,55635,PWH
PWH20456,ERP-B2B-SALE-2026-23707,2026-08-14 16:16:00,2026-08-14 17:18:00,Third Party,BKP2606022911,PW JEE Advanced 49 Years (2026-1978) with JEE Main 162 Sets PYQs (2026-2019) combo | Chapterwise and Topicwise Solved Papers For JEE Main & Advanced 2027 Exams,Size,2026-08-14 18:24:00,Punit02,GP_KIT_13,2,,PW,BKP2606022911,Default Vendor,PRIME260800029786,,COCOBLUE RETAIL LIMITED,55635,PWH
PWH20456,ERP-B2B-SALE-2026-23707,2026-08-14 16:16:00,2026-08-14 17:18:00,Third Party,BKP2606022911,PW JEE Advanced 49 Years (2026-1978) with JEE Main 162 Sets PYQs (2026-2019) combo | Chapterwise and Topicwise Solved Papers For JEE Main & Advanced 2027 Exams,Size,2026-08-14 18:24:00,Punit02,GP_KIT_13,2,,PW,BKP2606022911,Default Vendor,PRIME260800029785,,COCOBLUE RETAIL LIMITED,55635,PWH
PWH20456,ERP-B2B-SALE-2026-23707,2026-08-14 16:16:00,2026-08-14 17:18:00,Third Party,BKP2606022911,PW JEE Advanced 49 Years (2026-1978) with JEE Main 162 Sets PYQs (2026-2019) combo | Chapterwise and Topicwise Solved Papers For JEE Main & Advanced 2027 Exams,Size,2026-08-14 18:24:00,Punit02,GP_KIT_13,2,,PW,BKP2606022911,Default Vendor,PRIME260800029784,,COCOBLUE RETAIL LIMITED,55635,PWH
PWH20456,ERP-B2B-SALE-2026-23707,2026-08-14 16:16:00,2026-08-14 17:18:00,Third Party,BKP2606022911,PW JEE Advanced 49 Years (2026-1978) with JEE Main 162 Sets PYQs (2026-2019) combo | Chapterwise and Topicwise Solved Papers For JEE Main & Advanced 2027 Exams,Size,2026-08-14 18:24:00,Punit02,GP_KIT_13,2,,PW,BKP2606022911,Default Vendor,PRIME260800029783,,COCOBLUE RETAIL LIMITED,55635,PWH
PWH20456,ERP-B2B-SALE-2026-23707,2026-08-14 16:16:00,2026-08-14 17:18:00,Third Party,BKP2606022911,PW JEE Advanced 49 Years (2026-1978) with JEE Main 162 Sets PYQs (2026-2019) combo | Chapterwise and Topicwise Solved Papers For JEE Main & Advanced 2027 Exams,Size,2026-08-14 18:24:00,Punit02,GP_KIT_13,2,,PW,BKP2606022911,Default Vendor,PRIME260800029782,,COCOBLUE RETAIL LIMITED,55635,PWH
PWH20456,ERP-B2B-SALE-2026-23707,2026-08-14 16:16:00,2026-08-14 17:18:00,Third Party,BKP2606022911,PW JEE Advanced 49 Years (2026-1978) with JEE Main 162 Sets PYQs (2026-2019) combo | Chapterwise and Topicwise Solved Papers For JEE Main & Advanced 2027 Exams,Size,2026-08-14 18:24:00,Punit02,GP_KIT_13,2,,PW,BKP2606022911,Default Vendor,PRIME260800029781,,COCOBLUE RETAIL LIMITED,55635,PWH
PWH20456,ERP-B2B-SALE-2026-23707,2026-08-14 16:16:00,2026-08-14 17:18:00,Third Party,BKP2606022911,PW JEE Advanced 49 Years (2026-1978) with JEE Main 162 Sets PYQs (2026-2019) combo | Chapterwise and Topicwise Solved Papers For JEE Main & Advanced 2027 Exams,Size,2026-08-14 18:24:00,Punit02,GP_KIT_13,2,,PW,BKP2606022911,Default Vendor,PRIME260800029780,,COCOBLUE RETAIL LIMITED,55635,PWH
PWH20456,ERP-B2B-SALE-2026-23707,2026-08-14 16:16:00,2026-08-14 17:18:00,Third Party,BKP2606022911,PW JEE Advanced 49 Years (2026-1978) with JEE Main 162 Sets PYQs (2026-2019) combo | Chapterwise and Topicwise Solved Papers For JEE Main & Advanced 2027 Exams,Size,2026-08-14 18:24:00,Punit02,GP_KIT_13,2,,PW,BKP2606022911,Default Vendor,PRIME260800029779,,COCOBLUE RETAIL LIMITED,55635,PWH
PWH20456,ERP-B2B-SALE-2026-23707,2026-08-14 16:16:00,2026-08-14 17:18:00,Third Party,BKP2606022911,PW JEE Advanced 49 Years (2026-1978) with JEE Main 162 Sets PYQs (2026-2019) combo | Chapterwise and Topicwise Solved Papers For JEE Main & Advanced 2027 Exams,Size,2026-08-14 18:24:00,Punit02,GP_KIT_13,2,,PW,BKP2606022911,Default Vendor,PRIME260800029778,,COCOBLUE RETAIL LIMITED,55635,PWH
PWH20456,ERP-B2B-SALE-2026-23707,2026-08-14 16:16:00,2026-08-14 17:18:00,Third Party,BKP2606022911,PW JEE Advanced 49 Years (2026-1978) with JEE Main 162 Sets PYQs (2026-2019) combo | Chapterwise and Topicwise Solved Papers For JEE Main & Advanced 2027 Exams,Size,2026-08-14 18:24:00,Punit02,GP_KIT_13,2,,PW,BKP2606022911,Default Vendor,PRIME260800029777,,COCOBLUE RETAIL LIMITED,55635,PWH
PWH20456,ERP-B2B-SALE-2026-23707,2026-08-14 16:16:00,2026-08-14 17:18:00,Third Party,BKP2606022911,PW JEE Advanced 49 Years (2026-1978) with JEE Main 162 Sets PYQs (2026-2019) combo | Chapterwise and Topicwise Solved Papers For JEE Main & Advanced 2027 Exams,Size,2026-08-14 18:24:00,Punit02,GP_KIT_13,2,,PW,BKP2606022911,Default Vendor,PRIME260800029776,,COCOBLUE RETAIL LIMITED,55635,PWH
PWH20456,ERP-B2B-SALE-2026-23707,2026-08-14 16:16:00,2026-08-14 17:18:00,Third Party,BKP2606022911,PW JEE Advanced 49 Years (2026-1978) with JEE Main 162 Sets PYQs (2026-2019) combo | Chapterwise and Topicwise Solved Papers For JEE Main & Advanced 2027 Exams,Size,2026-08-14 18:24:00,Punit02,GP_KIT_13,2,,PW,BKP2606022911,Default Vendor,PRIME260800029775,,COCOBLUE RETAIL LIMITED,55635,PWH
PWH20456,ERP-B2B-SALE-2026-23707,2026-08-14 16:16:00,2026-08-14 17:18:00,Third Party,BKP2606022911,PW JEE Advanced 49 Years (2026-1978) with JEE Main 162 Sets PYQs (2026-2019) combo | Chapterwise and Topicwise Solved Papers For JEE Main & Advanced 2027 Exams,Size,2026-08-14 18:24:00,Punit02,GP_KIT_13,2,,PW,BKP2606022911,Default Vendor,PRIME260800029774,,COCOBLUE RETAIL LIMITED,55635,PWH
PWH20456,ERP-B2B-SALE-2026-23707,2026-08-14 16:16:00,2026-08-14 17:18:00,Third Party,BKP2606022911,PW JEE Advanced 49 Years (2026-1978) with JEE Main 162 Sets PYQs (2026-2019) combo | Chapterwise and Topicwise Solved Papers For JEE Main & Advanced 2027 Exams,Size,2026-08-14 18:24:00,Punit02,GP_KIT_13,2,,PW,BKP2606022911,Default Vendor,PRIME260800029773,,COCOBLUE RETAIL LIMITED,55635,PWH
PWH20456,ERP-B2B-SALE-2026-23707,2026-08-14 16:16:00,2026-08-14 17:18:00,Third Party,BKP2606022911,PW JEE Advanced 49 Years (2026-1978) with JEE Main 162 Sets PYQs (2026-2019) combo | Chapterwise and Topicwise Solved Papers For JEE Main & Advanced 2027 Exams,Size,2026-08-14 18:24:00,Punit02,GP_KIT_13,2,,PW,BKP2606022911,Default Vendor,PRIME260800029772,,COCOBLUE RETAIL LIMITED,55635,PWH
PWH20456,ERP-B2B-SALE-2026-23707,2026-08-14 16:16:00,2026-08-14 17:18:00,Third Party,BKP2606022911,PW JEE Advanced 49 Years (2026-1978) with JEE Main 162 Sets PYQs (2026-2019) combo | Chapterwise and Topicwise Solved Papers For JEE Main & Advanced 2027 Exams,Size,2026-08-14 18:24:00,Punit02,GP_KIT_13,2,,PW,BKP2606022911,Default Vendor,PRIME260800029771,,COCOBLUE RETAIL LIMITED,55635,PWH
PWH20456,ERP-B2B-SALE-2026-23707,2026-08-14 16:16:00,2026-08-14 17:18:00,Third Party,BKP2606022911,PW JEE Advanced 49 Years (2026-1978) with JEE Main 162 Sets PYQs (2026-2019) combo | Chapterwise and Topicwise Solved Papers For JEE Main & Advanced 2027 Exams,Size,2026-08-14 18:24:00,Punit02,GP_KIT_13,2,,PW,BKP2606022911,Default Vendor,PRIME260800029770,,COCOBLUE RETAIL LIMITED,55635,PWH
PWH20456,ERP-B2B-SALE-2026-23707,2026-08-14 16:16:00,2026-08-14 17:18:00,Third Party,BKP2606022911,PW JEE Advanced 49 Years (2026-1978) with JEE Main 162 Sets PYQs (2026-2019) combo | Chapterwise and Topicwise Solved Papers For JEE Main & Advanced 2027 Exams,Size,2026-08-14 18:24:00,Punit02,GP_KIT_13,2,,PW,BKP2606022911,Default Vendor,PRIME260800029769,,COCOBLUE RETAIL LIMITED,55635,PWH
PWH20456,ERP-B2B-SALE-2026-23707,2026-08-14 16:16:00,2026-08-14 17:18:00,Third Party,BKP2606022911,PW JEE Advanced 49 Years (2026-1978) with JEE Main 162 Sets PYQs (2026-2019) combo | Chapterwise and Topicwise Solved Papers For JEE Main & Advanced 2027 Exams,Size,2026-08-14 18:24:00,Punit02,GP_KIT_13,2,,PW,BKP2606022911,Default Vendor,PRIME260800029768,,COCOBLUE RETAIL LIMITED,55635,PWH
PWH20456,ERP-B2B-SALE-2026-23707,2026-08-14 16:16:00,2026-08-14 17:18:00,Third Party,BKP2606022911,PW JEE Advanced 49 Years (2026-1978) with JEE Main 162 Sets PYQs (2026-2019) combo | Chapterwise and Topicwise Solved Papers For JEE Main & Advanced 2027 Exams,Size,2026-08-14 18:24:00,Punit02,GP_KIT_13,2,,PW,BKP2606022911,Default Vendor,PRIME260800029767,,COCOBLUE RETAIL LIMITED,55635,PWH
PWH20456,ERP-B2B-SALE-2026-23707,2026-08-14 16:16:00,2026-08-14 17:18:00,Third Party,BKP2606022911,PW JEE Advanced 49 Years (2026-1978) with JEE Main 162 Sets PYQs (2026-2019) combo | Chapterwise and Topicwise Solved Papers For JEE Main & Advanced 2027 Exams,Size,2026-08-14 18:24:00,Punit02,GP_KIT_13,2,,PW,BKP2606022911,Default Vendor,PRIME260800029766,,COCOBLUE RETAIL LIMITED,55635,PWH
PWH20456,ERP-B2B-SALE-2026-23707,2026-08-14 16:16:00,2026-08-14 17:18:00,Third Party,BKP2606022911,PW JEE Advanced 49 Years (2026-1978) with JEE Main 162 Sets PYQs (2026-2019) combo | Chapterwise and Topicwise Solved Papers For JEE Main & Advanced 2027 Exams,Size,2026-08-14 18:24:00,Punit02,GP_KIT_13,2,,PW,BKP2606022911,Default Vendor,PRIME260800029765,,COCOBLUE RETAIL LIMITED,55635,PWH
PWH20456,ERP-B2B-SALE-2026-23707,2026-08-14 16:16:00,2026-08-14 17:18:00,Third Party,BKP2606022911,PW JEE Advanced 49 Years (2026-1978) with JEE Main 162 Sets PYQs (2026-2019) combo | Chapterwise and Topicwise Solved Papers For JEE Main & Advanced 2027 Exams,Size,2026-08-14 18:24:00,Punit02,GP_KIT_13,2,,PW,BKP2606022911,Default Vendor,PRIME260800029764,,COCOBLUE RETAIL LIMITED,55635,PWH
PWH20456,ERP-B2B-SALE-2026-23707,2026-08-14 16:16:00,2026-08-14 17:18:00,Third Party,BKP2606022911,PW JEE Advanced 49 Years (2026-1978) with JEE Main 162 Sets PYQs (2026-2019) combo | Chapterwise and Topicwise Solved Papers For JEE Main & Advanced 2027 Exams,Size,2026-08-14 18:24:00,Punit02,GP_KIT_13,2,,PW,BKP2606022911,Default Vendor,PRIME260800029763,,COCOBLUE RETAIL LIMITED,55635,PWH
PWH20456,ERP-B2B-SALE-2026-23707,2026-08-14 16:16:00,2026-08-14 17:18:00,Third Party,BKP2606022911,PW JEE Advanced 49 Years (2026-1978) with JEE Main 162 Sets PYQs (2026-2019) combo | Chapterwise and Topicwise Solved Papers For JEE Main & Advanced 2027 Exams,Size,2026-08-14 18:24:00,Punit02,GP_KIT_13,2,,PW,BKP2606022911,Default Vendor,PRIME260800029762,,COCOBLUE RETAIL LIMITED,55635,PWH
PWH20456,ERP-B2B-SALE-2026-23707,2026-08-14 16:16:00,2026-08-14 17:18:00,Third Party,BKP2606022911,PW JEE Advanced 49 Years (2026-1978) with JEE Main 162 Sets PYQs (2026-2019) combo | Chapterwise and Topicwise Solved Papers For JEE Main & Advanced 2027 Exams,Size,2026-08-14 18:24:00,Punit02,GP_KIT_13,2,,PW,BKP2606022911,Default Vendor,PRIME260800029761,,COCOBLUE RETAIL LIMITED,55635,PWH
PWH20456,ERP-B2B-SALE-2026-23707,2026-08-14 16:16:00,2026-08-14 17:18:00,Third Party,BKP2606022911,PW JEE Advanced 49 Years (2026-1978) with JEE Main 162 Sets PYQs (2026-2019) combo | Chapterwise and Topicwise Solved Papers For JEE Main & Advanced 2027 Exams,Size,2026-08-14 18:24:00,Punit02,GP_KIT_13,2,,PW,BKP2606022911,Default Vendor,PRIME260800029760,,COCOBLUE RETAIL LIMITED,55635,PWH
PWH20456,ERP-B2B-SALE-2026-23707,2026-08-14 16:16:00,2026-08-14 17:18:00,Third Party,BKP2606022911,PW JEE Advanced 49 Years (2026-1978) with JEE Main 162 Sets PYQs (2026-2019) combo | Chapterwise and Topicwise Solved Papers For JEE Main & Advanced 2027 Exams,Size,2026-08-14 18:24:00,Punit02,GP_KIT_13,2,,PW,BKP2606022911,Default Vendor,PRIME260800029759,,COCOBLUE RETAIL LIMITED,55635,PWH
PWH20456,ERP-B2B-SALE-2026-23707,2026-08-14 16:16:00,2026-08-14 17:18:00,Third Party,BKP2606022911,PW JEE Advanced 49 Years (2026-1978) with JEE Main 162 Sets PYQs (2026-2019) combo | Chapterwise and Topicwise Solved Papers For JEE Main & Advanced 2027 Exams,Size,2026-08-14 18:24:00,Punit02,GP_KIT_13,2,,PW,BKP2606022911,Default Vendor,PRIME260800029758,,COCOBLUE RETAIL LIMITED,55635,PWH
PWH20456,ERP-B2B-SALE-2026-23707,2026-08-14 16:16:00,2026-08-14 17:18:00,Third Party,BKP2606022911,PW JEE Advanced 49 Years (2026-1978) with JEE Main 162 Sets PYQs (2026-2019) combo | Chapterwise and Topicwise Solved Papers For JEE Main & Advanced 2027 Exams,Size,2026-08-14 18:24:00,Punit02,GP_KIT_13,2,,PW,BKP2606022911,Default Vendor,PRIME260800029757,,COCOBLUE RETAIL LIMITED,55635,PWH
PWH20456,ERP-B2B-SALE-2026-23707,2026-08-14 16:16:00,2026-08-14 17:18:00,Third Party,BKP2606022911,PW JEE Advanced 49 Years (2026-1978) with JEE Main 162 Sets PYQs (2026-2019) combo | Chapterwise and Topicwise Solved Papers For JEE Main & Advanced 2027 Exams,Size,2026-08-14 18:24:00,Punit02,GP_KIT_13,2,,PW,BKP2606022911,Default Vendor,PRIME260800029756,,COCOBLUE RETAIL LIMITED,55635,PWH
PWH20456,ERP-B2B-SALE-2026-23707,2026-08-14 16:16:00,2026-08-14 17:18:00,Third Party,BKP2606022911,PW JEE Advanced 49 Years (2026-1978) with JEE Main 162 Sets PYQs (2026-2019) combo | Chapterwise and Topicwise Solved Papers For JEE Main & Advanced 2027 Exams,Size,2026-08-14 18:24:00,Punit02,GP_KIT_13,2,,PW,BKP2606022911,Default Vendor,PRIME260800029755,,COCOBLUE RETAIL LIMITED,55635,PWH
PWH20456,ERP-B2B-SALE-2026-23707,2026-08-14 16:16:00,2026-08-14 17:18:00,Third Party,BKP2606022911,PW JEE Advanced 49 Years (2026-1978) with JEE Main 162 Sets PYQs (2026-2019) combo | Chapterwise and Topicwise Solved Papers For JEE Main & Advanced 2027 Exams,Size,2026-08-14 18:24:00,Punit02,GP_KIT_13,2,,PW,BKP2606022911,Default Vendor,PRIME260800029754,,COCOBLUE RETAIL LIMITED,55635,PWH
PWH20456,ERP-B2B-SALE-2026-23707,2026-08-14 16:16:00,2026-08-14 17:18:00,Third Party,BKP2606022911,PW JEE Advanced 49 Years (2026-1978) with JEE Main 162 Sets PYQs (2026-2019) combo | Chapterwise and Topicwise Solved Papers For JEE Main & Advanced 2027 Exams,Size,2026-08-14 18:24:00,Punit02,GP_KIT_13,2,,PW,BKP2606022911,Default Vendor,PRIME260800029753,,COCOBLUE RETAIL LIMITED,55635,PWH
PWH20456,ERP-B2B-SALE-2026-23707,2026-08-14 16:16:00,2026-08-14 17:18:00,Third Party,BKP2606022911,PW JEE Advanced 49 Years (2026-1978) with JEE Main 162 Sets PYQs (2026-2019) combo | Chapterwise and Topicwise Solved Papers For JEE Main & Advanced 2027 Exams,Size,2026-08-14 18:24:00,Punit02,GP_KIT_13,2,,PW,BKP2606022911,Default Vendor,PRIME260800029752,,COCOBLUE RETAIL LIMITED,55635,PWH
PWH20456,ERP-B2B-SALE-2026-23707,2026-08-14 16:16:00,2026-08-14 17:18:00,Third Party,BKP2606022911,PW JEE Advanced 49 Years (2026-1978) with JEE Main 162 Sets PYQs (2026-2019) combo | Chapterwise and Topicwise Solved Papers For JEE Main & Advanced 2027 Exams,Size,2026-08-14 18:24:00,Punit02,GP_KIT_13,2,,PW,BKP2606022911,Default Vendor,PRIME260800029751,,COCOBLUE RETAIL LIMITED,55635,PWH
PWH20456,ERP-B2B-SALE-2026-23707,2026-08-14 16:16:00,2026-08-14 17:18:00,Third Party,BKP2606022911,PW JEE Advanced 49 Years (2026-1978) with JEE Main 162 Sets PYQs (2026-2019) combo | Chapterwise and Topicwise Solved Papers For JEE Main & Advanced 2027 Exams,Size,2026-08-14 18:24:00,Punit02,GP_KIT_13,2,,PW,BKP2606022911,Default Vendor,PRIME260800029750,,COCOBLUE RETAIL LIMITED,55635,PWH
PWH20456,ERP-B2B-SALE-2026-23707,2026-08-14 16:16:00,2026-08-14 17:18:00,Third Party,BKP2606022911,PW JEE Advanced 49 Years (2026-1978) with JEE Main 162 Sets PYQs (2026-2019) combo | Chapterwise and Topicwise Solved Papers For JEE Main & Advanced 2027 Exams,Size,2026-08-14 18:24:00,Punit02,GP_KIT_13,2,,PW,BKP2606022911,Default Vendor,PRIME260800029749,,COCOBLUE RETAIL LIMITED,55635,PWH
PWH20456,ERP-B2B-SALE-2026-23707,2026-08-14 16:16:00,2026-08-14 17:18:00,Third Party,BKP2606022911,PW JEE Advanced 49 Years (2026-1978) with JEE Main 162 Sets PYQs (2026-2019) combo | Chapterwise and Topicwise Solved Papers For JEE Main & Advanced 2027 Exams,Size,2026-08-14 18:24:00,Punit02,GP_KIT_13,2,,PW,BKP2606022911,Default Vendor,PRIME260800029748,,COCOBLUE RETAIL LIMITED,55635,PWH
PWH20456,ERP-B2B-SALE-2026-23707,2026-08-14 16:16:00,2026-08-14 17:18:00,Third Party,BKP2606022911,PW JEE Advanced 49 Years (2026-1978) with JEE Main 162 Sets PYQs (2026-2019) combo | Chapterwise and Topicwise Solved Papers For JEE Main & Advanced 2027 Exams,Size,2026-08-14 18:24:00,Punit02,GP_KIT_13,2,,PW,BKP2606022911,Default Vendor,PRIME260800029747,,COCOBLUE RETAIL LIMITED,55635,PWH
PWH20456,ERP-B2B-SALE-2026-23707,2026-08-14 16:16:00,2026-08-14 17:18:00,Third Party,BKP2606022911,PW JEE Advanced 49 Years (2026-1978) with JEE Main 162 Sets PYQs (2026-2019) combo | Chapterwise and Topicwise Solved Papers For JEE Main & Advanced 2027 Exams,Size,2026-08-14 18:24:00,Punit02,GP_KIT_13,2,,PW,BKP2606022911,Default Vendor,PRIME260800029746,,COCOBLUE RETAIL LIMITED,55635,PWH
PWH20456,ERP-B2B-SALE-2026-23707,2026-08-14 16:16:00,2026-08-14 17:18:00,Third Party,BKP2606022911,PW JEE Advanced 49 Years (2026-1978) with JEE Main 162 Sets PYQs (2026-2019) combo | Chapterwise and Topicwise Solved Papers For JEE Main & Advanced 2027 Exams,Size,2026-08-14 18:24:00,Punit02,GP_KIT_13,2,,PW,BKP2606022911,Default Vendor,PRIME260800029745,,COCOBLUE RETAIL LIMITED,55635,PWH
PWH20456,ERP-B2B-SALE-2026-23707,2026-08-14 16:16:00,2026-08-14 17:18:00,Third Party,BKP2606022911,PW JEE Advanced 49 Years (2026-1978) with JEE Main 162 Sets PYQs (2026-2019) combo | Chapterwise and Topicwise Solved Papers For JEE Main & Advanced 2027 Exams,Size,2026-08-14 18:24:00,Punit02,GP_KIT_13,2,,PW,BKP2606022911,Default Vendor,PRIME260800029744,,COCOBLUE RETAIL LIMITED,55635,PWH
PWH20456,ERP-B2B-SALE-2026-23707,2026-08-14 16:16:00,2026-08-14 17:18:00,Third Party,BKP2606022911,PW JEE Advanced 49 Years (2026-1978) with JEE Main 162 Sets PYQs (2026-2019) combo | Chapterwise and Topicwise Solved Papers For JEE Main & Advanced 2027 Exams,Size,2026-08-14 18:24:00,Punit02,GP_KIT_13,2,,PW,BKP2606022911,Default Vendor,PRIME260800029743,,COCOBLUE RETAIL LIMITED,55635,PWH
PWH20456,ERP-B2B-SALE-2026-23707,2026-08-14 16:16:00,2026-08-14 17:18:00,Third Party,BKP2606022911,PW JEE Advanced 49 Years (2026-1978) with JEE Main 162 Sets PYQs (2026-2019) combo | Chapterwise and Topicwise Solved Papers For JEE Main & Advanced 2027 Exams,Size,2026-08-14 18:24:00,Punit02,GP_KIT_13,2,,PW,BKP2606022911,Default Vendor,PRIME260800029742,,COCOBLUE RETAIL LIMITED,55635,PWH
PWH20456,ERP-B2B-SALE-2026-23707,2026-08-14 16:16:00,2026-08-14 17:18:00,Third Party,BKP2606022911,PW JEE Advanced 49 Years (2026-1978) with JEE Main 162 Sets PYQs (2026-2019) combo | Chapterwise and Topicwise Solved Papers For JEE Main & Advanced 2027 Exams,Size,2026-08-14 18:24:00,Punit02,GP_KIT_13,2,,PW,BKP2606022911,Default Vendor,PRIME260800029741,,COCOBLUE RETAIL LIMITED,55635,PWH
PWH20456,ERP-B2B-SALE-2026-23707,2026-08-14 16:16:00,2026-08-14 17:18:00,Third Party,BKP2606022911,PW JEE Advanced 49 Years (2026-1978) with JEE Main 162 Sets PYQs (2026-2019) combo | Chapterwise and Topicwise Solved Papers For JEE Main & Advanced 2027 Exams,Size,2026-08-14 18:24:00,Punit02,GP_KIT_13,2,,PW,BKP2606022911,Default Vendor,PRIME260800029740,,COCOBLUE RETAIL LIMITED,55635,PWH
PWH20456,ERP-B2B-SALE-2026-23707,2026-08-14 16:16:00,2026-08-14 17:18:00,Third Party,BKP2606022911,PW JEE Advanced 49 Years (2026-1978) with JEE Main 162 Sets PYQs (2026-2019) combo | Chapterwise and Topicwise Solved Papers For JEE Main & Advanced 2027 Exams,Size,2026-08-14 18:24:00,Punit02,GP_KIT_13,2,,PW,BKP2606022911,Default Vendor,PRIME260800029739,,COCOBLUE RETAIL LIMITED,55635,PWH
PWH20456,ERP-B2B-SALE-2026-23707,2026-08-14 16:16:00,2026-08-14 17:18:00,Third Party,BKP2606022911,PW JEE Advanced 49 Years (2026-1978) with JEE Main 162 Sets PYQs (2026-2019) combo | Chapterwise and Topicwise Solved Papers For JEE Main & Advanced 2027 Exams,Size,2026-08-14 18:24:00,Punit02,GP_KIT_13,2,,PW,BKP2606022911,Default Vendor,PRIME260800029738,,COCOBLUE RETAIL LIMITED,55635,PWH
PWH20456,ERP-B2B-SALE-2026-23707,2026-08-14 16:16:00,2026-08-14 17:18:00,Third Party,BKP2606022911,PW JEE Advanced 49 Years (2026-1978) with JEE Main 162 Sets PYQs (2026-2019) combo | Chapterwise and Topicwise Solved Papers For JEE Main & Advanced 2027 Exams,Size,2026-08-14 18:24:00,Punit02,GP_KIT_13,2,,PW,BKP2606022911,Default Vendor,PRIME260800029737,,COCOBLUE RETAIL LIMITED,55635,PWH
PWH20456,ERP-B2B-SALE-2026-23707,2026-08-14 16:16:00,2026-08-14 17:18:00,Third Party,BKP2606022911,PW JEE Advanced 49 Years (2026-1978) with JEE Main 162 Sets PYQs (2026-2019) combo | Chapterwise and Topicwise Solved Papers For JEE Main & Advanced 2027 Exams,Size,2026-08-14 18:24:00,Punit02,GP_KIT_13,2,,PW,BKP2606022911,Default Vendor,PRIME260800029736,,COCOBLUE RETAIL LIMITED,55635,PWH
PWH20456,ERP-B2B-SALE-2026-23707,2026-08-14 16:16:00,2026-08-14 17:18:00,Third Party,BKP2606022911,PW JEE Advanced 49 Years (2026-1978) with JEE Main 162 Sets PYQs (2026-2019) combo | Chapterwise and Topicwise Solved Papers For JEE Main & Advanced 2027 Exams,Size,2026-08-14 18:24:00,Punit02,GP_KIT_13,2,,PW,BKP2606022911,Default Vendor,PRIME260800029735,,COCOBLUE RETAIL LIMITED,55635,PWH
PWH20456,ERP-B2B-SALE-2026-23707,2026-08-14 16:16:00,2026-08-14 17:18:00,Third Party,BKP2606022911,PW JEE Advanced 49 Years (2026-1978) with JEE Main 162 Sets PYQs (2026-2019) combo | Chapterwise and Topicwise Solved Papers For JEE Main & Advanced 2027 Exams,Size,2026-08-14 18:24:00,Punit02,GP_KIT_13,2,,PW,BKP2606022911,Default Vendor,PRIME260800029734,,COCOBLUE RETAIL LIMITED,55635,PWH
PWH20456,ERP-B2B-SALE-2026-23707,2026-08-14 16:16:00,2026-08-14 17:18:00,Third Party,BKP2606022911,PW JEE Advanced 49 Years (2026-1978) with JEE Main 162 Sets PYQs (2026-2019) combo | Chapterwise and Topicwise Solved Papers For JEE Main & Advanced 2027 Exams,Size,2026-08-14 18:24:00,Punit02,GP_KIT_13,2,,PW,BKP2606022911,Default Vendor,PRIME260800029733,,COCOBLUE RETAIL LIMITED,55635,PWH
PWH20456,ERP-B2B-SALE-2026-23707,2026-08-14 16:16:00,2026-08-14 17:18:00,Third Party,BKP2606022911,PW JEE Advanced 49 Years (2026-1978) with JEE Main 162 Sets PYQs (2026-2019) combo | Chapterwise and Topicwise Solved Papers For JEE Main & Advanced 2027 Exams,Size,2026-08-14 18:24:00,Punit02,GP_KIT_13,2,,PW,BKP2606022911,Default Vendor,PRIME260800029732,,COCOBLUE RETAIL LIMITED,55635,PWH
PWH20456,ERP-B2B-SALE-2026-23707,2026-08-14 16:16:00,2026-08-14 17:18:00,Third Party,BKP2606022911,PW JEE Advanced 49 Years (2026-1978) with JEE Main 162 Sets PYQs (2026-2019) combo | Chapterwise and Topicwise Solved Papers For JEE Main & Advanced 2027 Exams,Size,2026-08-14 18:24:00,Punit02,GP_KIT_13,2,,PW,BKP2606022911,Default Vendor,PRIME260800029731,,COCOBLUE RETAIL LIMITED,55635,PWH
PWH20456,ERP-B2B-SALE-2026-23707,2026-08-14 16:16:00,2026-08-14 17:18:00,Third Party,BKP2606022911,PW JEE Advanced 49 Years (2026-1978) with JEE Main 162 Sets PYQs (2026-2019) combo | Chapterwise and Topicwise Solved Papers For JEE Main & Advanced 2027 Exams,Size,2026-08-14 18:24:00,Punit02,GP_KIT_13,2,,PW,BKP2606022911,Default Vendor,PRIME260800029730,,COCOBLUE RETAIL LIMITED,55635,PWH
PWH20456,ERP-B2B-SALE-2026-23707,2026-08-14 16:16:00,2026-08-14 17:18:00,Third Party,BKP2606022911,PW JEE Advanced 49 Years (2026-1978) with JEE Main 162 Sets PYQs (2026-2019) combo | Chapterwise and Topicwise Solved Papers For JEE Main & Advanced 2027 Exams,Size,2026-08-14 18:24:00,Punit02,GP_KIT_13,2,,PW,BKP2606022911,Default Vendor,PRIME260800029729,,COCOBLUE RETAIL LIMITED,55635,PWH
PWH20456,ERP-B2B-SALE-2026-23707,2026-08-14 16:16:00,2026-08-14 17:18:00,Third Party,BKP2606022911,PW JEE Advanced 49 Years (2026-1978) with JEE Main 162 Sets PYQs (2026-2019) combo | Chapterwise and Topicwise Solved Papers For JEE Main & Advanced 2027 Exams,Size,2026-08-14 18:24:00,Punit02,GP_KIT_13,2,,PW,BKP2606022911,Default Vendor,PRIME260800029728,,COCOBLUE RETAIL LIMITED,55635,PWH
PWH20456,ERP-B2B-SALE-2026-23707,2026-08-14 16:16:00,2026-08-14 17:18:00,Third Party,BKP2606022911,PW JEE Advanced 49 Years (2026-1978) with JEE Main 162 Sets PYQs (2026-2019) combo | Chapterwise and Topicwise Solved Papers For JEE Main & Advanced 2027 Exams,Size,2026-08-14 18:24:00,Punit02,GP_KIT_13,2,,PW,BKP2606022911,Default Vendor,PRIME260800029727,,COCOBLUE RETAIL LIMITED,55635,PWH
PWH20456,ERP-B2B-SALE-2026-23707,2026-08-14 16:16:00,2026-08-14 17:18:00,Third Party,BKP2606022911,PW JEE Advanced 49 Years (2026-1978) with JEE Main 162 Sets PYQs (2026-2019) combo | Chapterwise and Topicwise Solved Papers For JEE Main & Advanced 2027 Exams,Size,2026-08-14 18:24:00,Punit02,GP_KIT_13,2,,PW,BKP2606022911,Default Vendor,PRIME260800029726,,COCOBLUE RETAIL LIMITED,55635,PWH
PWH20456,ERP-B2B-SALE-2026-23707,2026-08-14 16:16:00,2026-08-14 17:18:00,Third Party,BKP2606022911,PW JEE Advanced 49 Years (2026-1978) with JEE Main 162 Sets PYQs (2026-2019) combo | Chapterwise and Topicwise Solved Papers For JEE Main & Advanced 2027 Exams,Size,2026-08-14 18:24:00,Punit02,GP_KIT_13,2,,PW,BKP2606022911,Default Vendor,PRIME260800030253,,COCOBLUE RETAIL LIMITED,55635,PWH
PWH20456,ERP-B2B-SALE-2026-23707,2026-08-14 16:16:00,2026-08-14 17:18:00,Third Party,BKP2606022911,PW JEE Advanced 49 Years (2026-1978) with JEE Main 162 Sets PYQs (2026-2019) combo | Chapterwise and Topicwise Solved Papers For JEE Main & Advanced 2027 Exams,Size,2026-08-14 18:24:00,Punit02,GP_KIT_13,2,,PW,BKP2606022911,Default Vendor,PRIME260800030252,,COCOBLUE RETAIL LIMITED,55635,PWH
PWH20456,ERP-B2B-SALE-2026-23707,2026-08-14 16:16:00,2026-08-14 17:18:00,Third Party,BKP2606022911,PW JEE Advanced 49 Years (2026-1978) with JEE Main 162 Sets PYQs (2026-2019) combo | Chapterwise and Topicwise Solved Papers For JEE Main & Advanced 2027 Exams,Size,2026-08-14 18:24:00,Punit02,GP_KIT_13,2,,PW,BKP2606022911,Default Vendor,PRIME260800030251,,COCOBLUE RETAIL LIMITED,55635,PWH
PWH20456,ERP-B2B-SALE-2026-23707,2026-08-14 16:16:00,2026-08-14 17:18:00,Third Party,BKP2606022911,PW JEE Advanced 49 Years (2026-1978) with JEE Main 162 Sets PYQs (2026-2019) combo | Chapterwise and Topicwise Solved Papers For JEE Main & Advanced 2027 Exams,Size,2026-08-14 18:24:00,Punit02,GP_KIT_13,2,,PW,BKP2606022911,Default Vendor,PRIME260800030250,,COCOBLUE RETAIL LIMITED,55635,PWH
PWH20456,ERP-B2B-SALE-2026-23707,2026-08-14 16:16:00,2026-08-14 17:18:00,Third Party,BKP2606022911,PW JEE Advanced 49 Years (2026-1978) with JEE Main 162 Sets PYQs (2026-2019) combo | Chapterwise and Topicwise Solved Papers For JEE Main & Advanced 2027 Exams,Size,2026-08-14 18:24:00,Punit02,GP_KIT_13,2,,PW,BKP2606022911,Default Vendor,PRIME260800030249,,COCOBLUE RETAIL LIMITED,55635,PWH
PWH20456,ERP-B2B-SALE-2026-23707,2026-08-14 16:16:00,2026-08-14 17:18:00,Third Party,BKP2606022911,PW JEE Advanced 49 Years (2026-1978) with JEE Main 162 Sets PYQs (2026-2019) combo | Chapterwise and Topicwise Solved Papers For JEE Main & Advanced 2027 Exams,Size,2026-08-14 18:24:00,Punit02,GP_KIT_13,2,,PW,BKP2606022911,Default Vendor,PRIME260800030248,,COCOBLUE RETAIL LIMITED,55635,PWH
PWH20456,ERP-B2B-SALE-2026-23707,2026-08-14 16:16:00,2026-08-14 17:18:00,Third Party,BKP2606022911,PW JEE Advanced 49 Years (2026-1978) with JEE Main 162 Sets PYQs (2026-2019) combo | Chapterwise and Topicwise Solved Papers For JEE Main & Advanced 2027 Exams,Size,2026-08-14 18:24:00,Punit02,GP_KIT_13,2,,PW,BKP2606022911,Default Vendor,PRIME260800030247,,COCOBLUE RETAIL LIMITED,55635,PWH
PWH20456,ERP-B2B-SALE-2026-23707,2026-08-14 16:16:00,2026-08-14 17:18:00,Third Party,BKP2606022911,PW JEE Advanced 49 Years (2026-1978) with JEE Main 162 Sets PYQs (2026-2019) combo | Chapterwise and Topicwise Solved Papers For JEE Main & Advanced 2027 Exams,Size,2026-08-14 18:24:00,Punit02,GP_KIT_13,2,,PW,BKP2606022911,Default Vendor,PRIME260800030246,,COCOBLUE RETAIL LIMITED,55635,PWH
PWH20456,ERP-B2B-SALE-2026-23707,2026-08-14 16:16:00,2026-08-14 17:18:00,Third Party,BKP2606022911,PW JEE Advanced 49 Years (2026-1978) with JEE Main 162 Sets PYQs (2026-2019) combo | Chapterwise and Topicwise Solved Papers For JEE Main & Advanced 2027 Exams,Size,2026-08-14 18:24:00,Punit02,GP_KIT_13,2,,PW,BKP2606022911,Default Vendor,PRIME260800030245,,COCOBLUE RETAIL LIMITED,55635,PWH
PWH20456,ERP-B2B-SALE-2026-23707,2026-08-14 16:16:00,2026-08-14 17:18:00,Third Party,BKP2606022911,PW JEE Advanced 49 Years (2026-1978) with JEE Main 162 Sets PYQs (2026-2019) combo | Chapterwise and Topicwise Solved Papers For JEE Main & Advanced 2027 Exams,Size,2026-08-14 18:24:00,Punit02,GP_KIT_13,2,,PW,BKP2606022911,Default Vendor,PRIME260800030244,,COCOBLUE RETAIL LIMITED,55635,PWH
PWH20456,ERP-B2B-SALE-2026-23707,2026-08-14 16:16:00,2026-08-14 17:18:00,Third Party,BKP2606022911,PW JEE Advanced 49 Years (2026-1978) with JEE Main 162 Sets PYQs (2026-2019) combo | Chapterwise and Topicwise Solved Papers For JEE Main & Advanced 2027 Exams,Size,2026-08-14 18:24:00,Punit02,GP_KIT_13,2,,PW,BKP2606022911,Default Vendor,PRIME260800030243,,COCOBLUE RETAIL LIMITED,55635,PWH
PWH20456,ERP-B2B-SALE-2026-23707,2026-08-14 16:16:00,2026-08-14 17:18:00,Third Party,BKP2606022911,PW JEE Advanced 49 Years (2026-1978) with JEE Main 162 Sets PYQs (2026-2019) combo | Chapterwise and Topicwise Solved Papers For JEE Main & Advanced 2027 Exams,Size,2026-08-14 18:24:00,Punit02,GP_KIT_13,2,,PW,BKP2606022911,Default Vendor,PRIME260800030242,,COCOBLUE RETAIL LIMITED,55635,PWH
PWH20456,ERP-B2B-SALE-2026-23707,2026-08-14 16:16:00,2026-08-14 17:18:00,Third Party,BKP2606022911,PW JEE Advanced 49 Years (2026-1978) with JEE Main 162 Sets PYQs (2026-2019) combo | Chapterwise and Topicwise Solved Papers For JEE Main & Advanced 2027 Exams,Size,2026-08-14 18:24:00,Punit02,GP_KIT_13,2,,PW,BKP2606022911,Default Vendor,PRIME260800030241,,COCOBLUE RETAIL LIMITED,55635,PWH
PWH20456,ERP-B2B-SALE-2026-23707,2026-08-14 16:16:00,2026-08-14 17:18:00,Third Party,BKP2606022911,PW JEE Advanced 49 Years (2026-1978) with JEE Main 162 Sets PYQs (2026-2019) combo | Chapterwise and Topicwise Solved Papers For JEE Main & Advanced 2027 Exams,Size,2026-08-14 18:24:00,Punit02,GP_KIT_13,2,,PW,BKP2606022911,Default Vendor,PRIME260800030240,,COCOBLUE RETAIL LIMITED,55635,PWH
PWH20456,ERP-B2B-SALE-2026-23707,2026-08-14 16:16:00,2026-08-14 17:18:00,Third Party,BKP2606022911,PW JEE Advanced 49 Years (2026-1978) with JEE Main 162 Sets PYQs (2026-2019) combo | Chapterwise and Topicwise Solved Papers For JEE Main & Advanced 2027 Exams,Size,2026-08-14 18:24:00,Punit02,GP_KIT_13,2,,PW,BKP2606022911,Default Vendor,PRIME260800030239,,COCOBLUE RETAIL LIMITED,55635,PWH
PWH20456,ERP-B2B-SALE-2026-23707,2026-08-14 16:16:00,2026-08-14 17:18:00,Third Party,BKP2606022911,PW JEE Advanced 49 Years (2026-1978) with JEE Main 162 Sets PYQs (2026-2019) combo | Chapterwise and Topicwise Solved Papers For JEE Main & Advanced 2027 Exams,Size,2026-08-14 18:24:00,Punit02,GP_KIT_13,2,,PW,BKP2606022911,Default Vendor,PRIME260800030238,,COCOBLUE RETAIL LIMITED,55635,PWH
PWH20456,ERP-B2B-SALE-2026-23707,2026-08-14 16:16:00,2026-08-14 17:18:00,Third Party,BKP2606022911,PW JEE Advanced 49 Years (2026-1978) with JEE Main 162 Sets PYQs (2026-2019) combo | Chapterwise and Topicwise Solved Papers For JEE Main & Advanced 2027 Exams,Size,2026-08-14 18:24:00,Punit02,GP_KIT_13,2,,PW,BKP2606022911,Default Vendor,PRIME260800030237,,COCOBLUE RETAIL LIMITED,55635,PWH
PWH20456,ERP-B2B-SALE-2026-23707,2026-08-14 16:16:00,2026-08-14 17:18:00,Third Party,BKP2606022911,PW JEE Advanced 49 Years (2026-1978) with JEE Main 162 Sets PYQs (2026-2019) combo | Chapterwise and Topicwise Solved Papers For JEE Main & Advanced 2027 Exams,Size,2026-08-14 18:24:00,Punit02,GP_KIT_13,2,,PW,BKP2606022911,Default Vendor,PRIME260800030236,,COCOBLUE RETAIL LIMITED,55635,PWH
PWH20456,ERP-B2B-SALE-2026-23707,2026-08-14 16:16:00,2026-08-14 17:18:00,Third Party,BKP2606022911,PW JEE Advanced 49 Years (2026-1978) with JEE Main 162 Sets PYQs (2026-2019) combo | Chapterwise and Topicwise Solved Papers For JEE Main & Advanced 2027 Exams,Size,2026-08-14 18:24:00,Punit02,GP_KIT_13,2,,PW,BKP2606022911,Default Vendor,PRIME260800030235,,COCOBLUE RETAIL LIMITED,55635,PWH
PWH20456,ERP-B2B-SALE-2026-23707,2026-08-14 16:16:00,2026-08-14 17:18:00,Third Party,BKP2606022911,PW JEE Advanced 49 Years (2026-1978) with JEE Main 162 Sets PYQs (2026-2019) combo | Chapterwise and Topicwise Solved Papers For JEE Main & Advanced 2027 Exams,Size,2026-08-14 18:24:00,Punit02,GP_KIT_13,2,,PW,BKP2606022911,Default Vendor,PRIME260800030234,,COCOBLUE RETAIL LIMITED,55635,PWH
PWH20456,ERP-B2B-SALE-2026-23707,2026-08-14 16:16:00,2026-08-14 17:18:00,Third Party,BKP2606022911,PW JEE Advanced 49 Years (2026-1978) with JEE Main 162 Sets PYQs (2026-2019) combo | Chapterwise and Topicwise Solved Papers For JEE Main & Advanced 2027 Exams,Size,2026-08-14 18:24:00,Punit02,GP_KIT_13,2,,PW,BKP2606022911,Default Vendor,PRIME260800030233,,COCOBLUE RETAIL LIMITED,55635,PWH
PWH20456,ERP-B2B-SALE-2026-23707,2026-08-14 16:16:00,2026-08-14 17:18:00,Third Party,BKP2606022911,PW JEE Advanced 49 Years (2026-1978) with JEE Main 162 Sets PYQs (2026-2019) combo | Chapterwise and Topicwise Solved Papers For JEE Main & Advanced 2027 Exams,Size,2026-08-14 18:24:00,Punit02,GP_KIT_13,2,,PW,BKP2606022911,Default Vendor,PRIME260800030232,,COCOBLUE RETAIL LIMITED,55635,PWH
PWH20456,ERP-B2B-SALE-2026-23707,2026-08-14 16:16:00,2026-08-14 17:18:00,Third Party,BKP2606022911,PW JEE Advanced 49 Years (2026-1978) with JEE Main 162 Sets PYQs (2026-2019) combo | Chapterwise and Topicwise Solved Papers For JEE Main & Advanced 2027 Exams,Size,2026-08-14 18:24:00,Punit02,GP_KIT_13,2,,PW,BKP2606022911,Default Vendor,PRIME260800030231,,COCOBLUE RETAIL LIMITED,55635,PWH
PWH20456,ERP-B2B-SALE-2026-23707,2026-08-14 16:16:00,2026-08-14 17:18:00,Third Party,BKP2606022911,PW JEE Advanced 49 Years (2026-1978) with JEE Main 162 Sets PYQs (2026-2019) combo | Chapterwise and Topicwise Solved Papers For JEE Main & Advanced 2027 Exams,Size,2026-08-14 18:24:00,Punit02,GP_KIT_13,2,,PW,BKP2606022911,Default Vendor,PRIME260800030230,,COCOBLUE RETAIL LIMITED,55635,PWH
PWH20456,ERP-B2B-SALE-2026-23707,2026-08-14 16:16:00,2026-08-14 17:18:00,Third Party,BKP2606022911,PW JEE Advanced 49 Years (2026-1978) with JEE Main 162 Sets PYQs (2026-2019) combo | Chapterwise and Topicwise Solved Papers For JEE Main & Advanced 2027 Exams,Size,2026-08-14 18:24:00,Punit02,GP_KIT_13,2,,PW,BKP2606022911,Default Vendor,PRIME260800030229,,COCOBLUE RETAIL LIMITED,55635,PWH
PWH20456,ERP-B2B-SALE-2026-23707,2026-08-14 16:16:00,2026-08-14 17:18:00,Third Party,BKP2606022911,PW JEE Advanced 49 Years (2026-1978) with JEE Main 162 Sets PYQs (2026-2019) combo | Chapterwise and Topicwise Solved Papers For JEE Main & Advanced 2027 Exams,Size,2026-08-14 18:24:00,Punit02,GP_KIT_13,2,,PW,BKP2606022911,Default Vendor,PRIME260800030228,,COCOBLUE RETAIL LIMITED,55635,PWH
PWH20456,ERP-B2B-SALE-2026-23707,2026-08-14 16:16:00,2026-08-14 17:18:00,Third Party,BKP2606022911,PW JEE Advanced 49 Years (2026-1978) with JEE Main 162 Sets PYQs (2026-2019) combo | Chapterwise and Topicwise Solved Papers For JEE Main & Advanced 2027 Exams,Size,2026-08-14 18:24:00,Punit02,GP_KIT_13,2,,PW,BKP2606022911,Default Vendor,PRIME260800030227,,COCOBLUE RETAIL LIMITED,55635,PWH
PWH20456,ERP-B2B-SALE-2026-23707,2026-08-14 16:16:00,2026-08-14 17:18:00,Third Party,BKP2606022911,PW JEE Advanced 49 Years (2026-1978) with JEE Main 162 Sets PYQs (2026-2019) combo | Chapterwise and Topicwise Solved Papers For JEE Main & Advanced 2027 Exams,Size,2026-08-14 18:24:00,Punit02,GP_KIT_13,2,,PW,BKP2606022911,Default Vendor,PRIME260800030226,,COCOBLUE RETAIL LIMITED,55635,PWH
PWH20456,ERP-B2B-SALE-2026-23707,2026-08-14 16:16:00,2026-08-14 17:18:00,Third Party,BKP2606022911,PW JEE Advanced 49 Years (2026-1978) with JEE Main 162 Sets PYQs (2026-2019) combo | Chapterwise and Topicwise Solved Papers For JEE Main & Advanced 2027 Exams,Size,2026-08-14 18:24:00,Punit02,GP_KIT_13,2,,PW,BKP2606022911,Default Vendor,PRIME260800030225,,COCOBLUE RETAIL LIMITED,55635,PWH
PWH20456,ERP-B2B-SALE-2026-23707,2026-08-14 16:16:00,2026-08-14 17:18:00,Third Party,BKP2606022911,PW JEE Advanced 49 Years (2026-1978) with JEE Main 162 Sets PYQs (2026-2019) combo | Chapterwise and Topicwise Solved Papers For JEE Main & Advanced 2027 Exams,Size,2026-08-14 18:24:00,Punit02,GP_KIT_13,2,,PW,BKP2606022911,Default Vendor,PRIME260800030224,,COCOBLUE RETAIL LIMITED,55635,PWH
PWH20456,ERP-B2B-SALE-2026-23707,2026-08-14 16:16:00,2026-08-14 17:18:00,Third Party,BKP2606022911,PW JEE Advanced 49 Years (2026-1978) with JEE Main 162 Sets PYQs (2026-2019) combo | Chapterwise and Topicwise Solved Papers For JEE Main & Advanced 2027 Exams,Size,2026-08-14 18:24:00,Punit02,GP_KIT_13,2,,PW,BKP2606022911,Default Vendor,PRIME260800030223,,COCOBLUE RETAIL LIMITED,55635,PWH
PWH20456,ERP-B2B-SALE-2026-23707,2026-08-14 16:16:00,2026-08-14 17:18:00,Third Party,BKP2606022911,PW JEE Advanced 49 Years (2026-1978) with JEE Main 162 Sets PYQs (2026-2019) combo | Chapterwise and Topicwise Solved Papers For JEE Main & Advanced 2027 Exams,Size,2026-08-14 18:24:00,Punit02,GP_KIT_13,2,,PW,BKP2606022911,Default Vendor,PRIME260800030222,,COCOBLUE RETAIL LIMITED,55635,PWH
PWH20456,ERP-B2B-SALE-2026-23707,2026-08-14 16:16:00,2026-08-14 17:18:00,Third Party,BKP2606022911,PW JEE Advanced 49 Years (2026-1978) with JEE Main 162 Sets PYQs (2026-2019) combo | Chapterwise and Topicwise Solved Papers For JEE Main & Advanced 2027 Exams,Size,2026-08-14 18:24:00,Punit02,GP_KIT_13,2,,PW,BKP2606022911,Default Vendor,PRIME260800030221,,COCOBLUE RETAIL LIMITED,55635,PWH
PWH20456,ERP-B2B-SALE-2026-23707,2026-08-14 16:16:00,2026-08-14 17:18:00,Third Party,BKP2606022911,PW JEE Advanced 49 Years (2026-1978) with JEE Main 162 Sets PYQs (2026-2019) combo | Chapterwise and Topicwise Solved Papers For JEE Main & Advanced 2027 Exams,Size,2026-08-14 18:24:00,Punit02,GP_KIT_13,2,,PW,BKP2606022911,Default Vendor,PRIME260800030220,,COCOBLUE RETAIL LIMITED,55635,PWH
PWH20456,ERP-B2B-SALE-2026-23707,2026-08-14 16:16:00,2026-08-14 17:18:00,Third Party,BKP2606022911,PW JEE Advanced 49 Years (2026-1978) with JEE Main 162 Sets PYQs (2026-2019) combo | Chapterwise and Topicwise Solved Papers For JEE Main & Advanced 2027 Exams,Size,2026-08-14 18:24:00,Punit02,GP_KIT_13,2,,PW,BKP2606022911,Default Vendor,PRIME260800030219,,COCOBLUE RETAIL LIMITED,55635,PWH
PWH20456,ERP-B2B-SALE-2026-23707,2026-08-14 16:16:00,2026-08-14 17:18:00,Third Party,BKP2606022911,PW JEE Advanced 49 Years (2026-1978) with JEE Main 162 Sets PYQs (2026-2019) combo | Chapterwise and Topicwise Solved Papers For JEE Main & Advanced 2027 Exams,Size,2026-08-14 18:24:00,Punit02,GP_KIT_13,2,,PW,BKP2606022911,Default Vendor,PRIME260800030218,,COCOBLUE RETAIL LIMITED,55635,PWH
PWH20456,ERP-B2B-SALE-2026-23707,2026-08-14 16:16:00,2026-08-14 17:18:00,Third Party,BKP2606022911,PW JEE Advanced 49 Years (2026-1978) with JEE Main 162 Sets PYQs (2026-2019) combo | Chapterwise and Topicwise Solved Papers For JEE Main & Advanced 2027 Exams,Size,2026-08-14 18:24:00,Punit02,GP_KIT_13,2,,PW,BKP2606022911,Default Vendor,PRIME260800030217,,COCOBLUE RETAIL LIMITED,55635,PWH
PWH20456,ERP-B2B-SALE-2026-23707,2026-08-14 16:16:00,2026-08-14 17:18:00,Third Party,BKP2606022911,PW JEE Advanced 49 Years (2026-1978) with JEE Main 162 Sets PYQs (2026-2019) combo | Chapterwise and Topicwise Solved Papers For JEE Main & Advanced 2027 Exams,Size,2026-08-14 18:24:00,Punit02,GP_KIT_13,2,,PW,BKP2606022911,Default Vendor,PRIME260800030216,,COCOBLUE RETAIL LIMITED,55635,PWH
PWH20456,ERP-B2B-SALE-2026-23707,2026-08-14 16:16:00,2026-08-14 17:18:00,Third Party,BKP2606022911,PW JEE Advanced 49 Years (2026-1978) with JEE Main 162 Sets PYQs (2026-2019) combo | Chapterwise and Topicwise Solved Papers For JEE Main & Advanced 2027 Exams,Size,2026-08-14 18:24:00,Punit02,GP_KIT_13,2,,PW,BKP2606022911,Default Vendor,PRIME260800030215,,COCOBLUE RETAIL LIMITED,55635,PWH
PWH20456,ERP-B2B-SALE-2026-23707,2026-08-14 16:16:00,2026-08-14 17:18:00,Third Party,BKP2605021589,PW CBSE Class 9 Maths Ganita Manjari-1 New NCERT 2026-27 Question and Concept Bank with NCERT Textbook Solutions and Competency Based Questions By Ritik Sir,,2026-08-14 18:39:00,Punit02,MTR.G1.R06.A02.L4.B2,36,,PW,BKP2605021589,Default Vendor,PRIME260800030213,,COCOBLUE RETAIL LIMITED,55635,PWH
PWH20456,ERP-B2B-SALE-2026-23707,2026-08-14 16:16:00,2026-08-14 17:18:00,Third Party,BKP2605021589,PW CBSE Class 9 Maths Ganita Manjari-1 New NCERT 2026-27 Question and Concept Bank with NCERT Textbook Solutions and Competency Based Questions By Ritik Sir,,2026-08-14 18:39:00,Punit02,MTR.G1.R06.A02.L4.B2,36,,PW,BKP2605021589,Default Vendor,PRIME260800030212,,COCOBLUE RETAIL LIMITED,55635,PWH
PWH20456,ERP-B2B-SALE-2026-23707,2026-08-14 16:16:00,2026-08-14 17:18:00,Third Party,BKP2605021589,PW CBSE Class 9 Maths Ganita Manjari-1 New NCERT 2026-27 Question and Concept Bank with NCERT Textbook Solutions and Competency Based Questions By Ritik Sir,,2026-08-14 18:39:00,Punit02,MTR.G1.R06.A02.L4.B2,36,,PW,BKP2605021589,Default Vendor,PRIME260800030211,,COCOBLUE RETAIL LIMITED,55635,PWH
PWH20457,ERP-B2B-SALE-2026-23706,2026-08-14 16:16:00,2026-08-14 17:18:00,Third Party,BKP2505007200,MR Physics Questions Solving Med Easy | Chapterwise and Topicwise 6000+ Practice Questions with Answer Keys | Complete Class 11 & 12 Syllabus For NEET and JEE,,2026-08-14 18:26:00,Saleem01,SPR.R13.A12.L4.B1,22,,PW,BKP2505007200,Default Vendor,PRIME260800022967,,COCOBLUE RETAIL LIMITED,55634,PWH
PWH20457,ERP-B2B-SALE-2026-23706,2026-08-14 16:16:00,2026-08-14 17:18:00,Third Party,BKP2505007200,MR Physics Questions Solving Med Easy | Chapterwise and Topicwise 6000+ Practice Questions with Answer Keys | Complete Class 11 & 12 Syllabus For NEET and JEE,,2026-08-14 18:27:00,Saleem01,SPR.R13.A12.L4.B1,22,,PW,BKP2505007200,Default Vendor,PRIME260800022966,,COCOBLUE RETAIL LIMITED,55634,PWH
PWH20457,ERP-B2B-SALE-2026-23706,2026-08-14 16:16:00,2026-08-14 17:18:00,Third Party,BKP2505007200,MR Physics Questions Solving Med Easy | Chapterwise and Topicwise 6000+ Practice Questions with Answer Keys | Complete Class 11 & 12 Syllabus For NEET and JEE,,2026-08-14 18:26:00,Saleem01,SPR.R13.A12.L4.B1,22,,PW,BKP2505007200,Default Vendor,PRIME260800024749,,COCOBLUE RETAIL LIMITED,55634,PWH
PWH20457,ERP-B2B-SALE-2026-23706,2026-08-14 16:16:00,2026-08-14 17:18:00,Third Party,BKP2505007200,MR Physics Questions Solving Med Easy | Chapterwise and Topicwise 6000+ Practice Questions with Answer Keys | Complete Class 11 & 12 Syllabus For NEET and JEE,,2026-08-14 18:23:00,Saleem01,SPR.R13.A12.L4.B1,22,,PW,BKP2505007200,Default Vendor,PRIME260800024747,,COCOBLUE RETAIL LIMITED,55634,PWH
PWH20457,ERP-B2B-SALE-2026-23706,2026-08-14 16:16:00,2026-08-14 17:18:00,Third Party,BKP2505007200,MR Physics Questions Solving Med Easy | Chapterwise and Topicwise 6000+ Practice Questions with Answer Keys | Complete Class 11 & 12 Syllabus For NEET and JEE,,2026-08-14 18:26:00,Saleem01,SPR.R13.A12.L4.B1,22,,PW,BKP2505007200,Default Vendor,PRIME260800022977,,COCOBLUE RETAIL LIMITED,55634,PWH
PWH20457,ERP-B2B-SALE-2026-23706,2026-08-14 16:16:00,2026-08-14 17:18:00,Third Party,BKP2505007200,MR Physics Questions Solving Med Easy | Chapterwise and Topicwise 6000+ Practice Questions with Answer Keys | Complete Class 11 & 12 Syllabus For NEET and JEE,,2026-08-14 18:24:00,Saleem01,SPR.R13.A12.L4.B1,22,,PW,BKP2505007200,Default Vendor,PRIME260800022976,,COCOBLUE RETAIL LIMITED,55634,PWH
PWH20457,ERP-B2B-SALE-2026-23706,2026-08-14 16:16:00,2026-08-14 17:18:00,Third Party,BKP2505007200,MR Physics Questions Solving Med Easy | Chapterwise and Topicwise 6000+ Practice Questions with Answer Keys | Complete Class 11 & 12 Syllabus For NEET and JEE,,2026-08-14 18:24:00,Saleem01,SPR.R13.A12.L4.B1,22,,PW,BKP2505007200,Default Vendor,PRIME260800022975,,COCOBLUE RETAIL LIMITED,55634,PWH
PWH20457,ERP-B2B-SALE-2026-23706,2026-08-14 16:16:00,2026-08-14 17:18:00,Third Party,BKP2505007200,MR Physics Questions Solving Med Easy | Chapterwise and Topicwise 6000+ Practice Questions with Answer Keys | Complete Class 11 & 12 Syllabus For NEET and JEE,,2026-08-14 18:24:00,Saleem01,SPR.R13.A12.L4.B1,22,,PW,BKP2505007200,Default Vendor,PRIME260800022974,,COCOBLUE RETAIL LIMITED,55634,PWH
PWH20457,ERP-B2B-SALE-2026-23706,2026-08-14 16:16:00,2026-08-14 17:18:00,Third Party,BKP2505007200,MR Physics Questions Solving Med Easy | Chapterwise and Topicwise 6000+ Practice Questions with Answer Keys | Complete Class 11 & 12 Syllabus For NEET and JEE,,2026-08-16 11:48:00,Saleem01,MTR.G3.R24.A12.L4.B1,4,,PW,BKP2505007200,Default Vendor,PRIME260800030604,,COCOBLUE RETAIL LIMITED,55634,PWH
PWH20457,ERP-B2B-SALE-2026-23706,2026-08-14 16:16:00,2026-08-14 17:18:00,Third Party,BKP2605021589,PW CBSE Class 9 Maths Ganita Manjari-1 New NCERT 2026-27 Question and Concept Bank with NCERT Textbook Solutions and Competency Based Questions By Ritik Sir,,2026-08-16 11:55:00,Saleem01,MTR.G1.R06.A02.L4.B2,298,,PW,BKP2605021589,Default Vendor,PRIME260800030604,,COCOBLUE RETAIL LIMITED,55634,PWH
PWH20457,ERP-B2B-SALE-2026-23706,2026-08-14 16:16:00,2026-08-14 17:18:00,Third Party,BKP2605021581,PW Objective NCERT Punch 5.0 Biology For NEET 2027 By Dr. Vipin Kumar Sharma l Updated with Most Probable NEET Potential Questions (NPQ) For End Time Preparation,,2026-08-16 10:43:00,Saleem01,SPR.R11.A14.L2.B2,272,,PW,BKP2605021581,Default Vendor,PRIME260800023348,,COCOBLUE RETAIL LIMITED,55634,PWH
PWH20457,ERP-B2B-SALE-2026-23706,2026-08-14 16:16:00,2026-08-14 17:18:00,Third Party,BKP2605021581,PW Objective NCERT Punch 5.0 Biology For NEET 2027 By Dr. Vipin Kumar Sharma l Updated with Most Probable NEET Potential Questions (NPQ) For End Time Preparation,,2026-08-16 10:34:00,Saleem01,SPR.R12.A6.L2.B1,272,,PW,BKP2605021581,Default Vendor,PRIME260800023349,,COCOBLUE RETAIL LIMITED,55634,PWH
PWH20457,ERP-B2B-SALE-2026-23706,2026-08-14 16:16:00,2026-08-14 17:18:00,Third Party,BKP2605021581,PW Objective NCERT Punch 5.0 Biology For NEET 2027 By Dr. Vipin Kumar Sharma l Updated with Most Probable NEET Potential Questions (NPQ) For End Time Preparation,,2026-08-16 10:52:00,Saleem01,SPR.R10.A9.L6.B1,272,,PW,BKP2605021581,Default Vendor,PRIME260800026283,,COCOBLUE RETAIL LIMITED,55634,PWH
PWH20457,ERP-B2B-SALE-2026-23706,2026-08-14 16:16:00,2026-08-14 17:18:00,Third Party,BKP2605021581,PW Objective NCERT Punch 5.0 Biology For NEET 2027 By Dr. Vipin Kumar Sharma l Updated with Most Probable NEET Potential Questions (NPQ) For End Time Preparation,,2026-08-16 11:07:00,Saleem01,SPR.R2.A1.L3.B2,8,,PW,BKP2605021581,Default Vendor,PRIME260700067469,,COCOBLUE RETAIL LIMITED,55634,PWH
PWH20457,ERP-B2B-SALE-2026-23706,2026-08-14 16:16:00,2026-08-14 17:18:00,Third Party,BKP2605021581,PW Objective NCERT Punch 5.0 Biology For NEET 2027 By Dr. Vipin Kumar Sharma l Updated with Most Probable NEET Potential Questions (NPQ) For End Time Preparation,,2026-08-16 11:07:00,Saleem01,SPR.R2.A1.L3.B2,8,,PW,BKP2605021581,Default Vendor,PRIME260700067452,,COCOBLUE RETAIL LIMITED,55634,PWH
PWH20457,ERP-B2B-SALE-2026-23706,2026-08-14 16:16:00,2026-08-14 17:18:00,Third Party,BKP2605021581,PW Objective NCERT Punch 5.0 Biology For NEET 2027 By Dr. Vipin Kumar Sharma l Updated with Most Probable NEET Potential Questions (NPQ) For End Time Preparation,,2026-08-16 11:07:00,Saleem01,SPR.R2.A1.L3.B2,8,,PW,BKP2605021581,Default Vendor,PRIME260700067479,,COCOBLUE RETAIL LIMITED,55634,PWH
PWH20457,ERP-B2B-SALE-2026-23706,2026-08-14 16:16:00,2026-08-14 17:18:00,Third Party,BKP2605021581,PW Objective NCERT Punch 5.0 Biology For NEET 2027 By Dr. Vipin Kumar Sharma l Updated with Most Probable NEET Potential Questions (NPQ) For End Time Preparation,,2026-08-16 12:11:00,Saleem01,SPR.R2.A1.L3.B2,8,,PW,BKP2605021581,Default Vendor,PRIME260700067478,,COCOBLUE RETAIL LIMITED,55634,PWH
PWH20457,ERP-B2B-SALE-2026-23706,2026-08-14 16:16:00,2026-08-14 17:18:00,Third Party,BKP2605021581,PW Objective NCERT Punch 5.0 Biology For NEET 2027 By Dr. Vipin Kumar Sharma l Updated with Most Probable NEET Potential Questions (NPQ) For End Time Preparation,,2026-08-16 11:07:00,Saleem01,SPR.R2.A1.L3.B2,8,,PW,BKP2605021581,Default Vendor,PRIME260700067477,,COCOBLUE RETAIL LIMITED,55634,PWH
PWH20457,ERP-B2B-SALE-2026-23706,2026-08-14 16:16:00,2026-08-14 17:18:00,Third Party,BKP2605021581,PW Objective NCERT Punch 5.0 Biology For NEET 2027 By Dr. Vipin Kumar Sharma l Updated with Most Probable NEET Potential Questions (NPQ) For End Time Preparation,,2026-08-16 11:07:00,Saleem01,SPR.R2.A1.L3.B2,8,,PW,BKP2605021581,Default Vendor,PRIME260700067476,,COCOBLUE RETAIL LIMITED,55634,PWH
PWH20457,ERP-B2B-SALE-2026-23706,2026-08-14 16:16:00,2026-08-14 17:18:00,Third Party,BKP2605021581,PW Objective NCERT Punch 5.0 Biology For NEET 2027 By Dr. Vipin Kumar Sharma l Updated with Most Probable NEET Potential Questions (NPQ) For End Time Preparation,,2026-08-16 11:07:00,Saleem01,SPR.R2.A1.L3.B2,8,,PW,BKP2605021581,Default Vendor,PRIME260700067472,,COCOBLUE RETAIL LIMITED,55634,PWH
PWH20457,ERP-B2B-SALE-2026-23706,2026-08-14 16:16:00,2026-08-14 17:18:00,Third Party,BKP2605021581,PW Objective NCERT Punch 5.0 Biology For NEET 2027 By Dr. Vipin Kumar Sharma l Updated with Most Probable NEET Potential Questions (NPQ) For End Time Preparation,,2026-08-16 11:06:00,Saleem01,SPR.R2.A1.L3.B2,8,,PW,BKP2605021581,Default Vendor,PRIME260700067471,,COCOBLUE RETAIL LIMITED,55634,PWH
PWH20457,ERP-B2B-SALE-2026-23706,2026-08-14 16:16:00,2026-08-14 17:18:00,Third Party,BKP2605021581,PW Objective NCERT Punch 5.0 Biology For NEET 2027 By Dr. Vipin Kumar Sharma l Updated with Most Probable NEET Potential Questions (NPQ) For End Time Preparation,,2026-08-16 11:07:00,Saleem01,SPR.R2.A1.L3.B2,8,,PW,BKP2605021581,Default Vendor,PRIME260700067453,,COCOBLUE RETAIL LIMITED,55634,PWH
PWH20457,ERP-B2B-SALE-2026-23706,2026-08-14 16:16:00,2026-08-14 17:18:00,Third Party,BKP2605021581,PW Objective NCERT Punch 5.0 Biology For NEET 2027 By Dr. Vipin Kumar Sharma l Updated with Most Probable NEET Potential Questions (NPQ) For End Time Preparation,,2026-08-16 11:58:00,Saleem01,MTR.G1.R34.A07.L2.B2,2,,PW,BKP2605021581,Default Vendor,PRIME260800030604,,COCOBLUE RETAIL LIMITED,55634,PWH
PWH20457,ERP-B2B-SALE-2026-23706,2026-08-14 16:16:00,2026-08-14 17:18:00,Third Party,BKP2602019200,PW IBPS PO PYQ - 27 Year-wise Prelims & Mains Previous Year Solved Papers Till Oct 2025 with 15 Online CBT Tests for Exam 2026-27 | 3250 PYQs | English Edition,,2026-08-14 18:39:00,Saleem01,MTR.G0.R22.A12.L3.B2,26,,PW,BKP2602019200,Default Vendor,PRIME260800028103,,COCOBLUE RETAIL LIMITED,55634,PWH
PWH20457,ERP-B2B-SALE-2026-23706,2026-08-14 16:16:00,2026-08-14 17:18:00,Third Party,BKP2602909300,PW All in One IBPS Clerk 2026 Book Prelims & Mains Exams | Chapterwise Theory and Exercises | 12 Previous Year Solved Papers PYQ Till Oct 2025 and 15 Online CBT Tests English Edition,,2026-08-14 18:02:00,Saleem01,SPR.R19.A3.L1.B1,14,,PW,BKP2602909300,Default Vendor,PRIME260500193195,,COCOBLUE RETAIL LIMITED,55634,PWH
PWH20457,ERP-B2B-SALE-2026-23706,2026-08-14 16:16:00,2026-08-14 17:18:00,Third Party,BKP2602909300,PW All in One IBPS Clerk 2026 Book Prelims & Mains Exams | Chapterwise Theory and Exercises | 12 Previous Year Solved Papers PYQ Till Oct 2025 and 15 Online CBT Tests English Edition,,2026-08-14 18:04:00,Saleem01,SPR.R19.A3.L1.B1,14,,PW,BKP2602909300,Default Vendor,PRIME260600111177,,COCOBLUE RETAIL LIMITED,55634,PWH
PWH20457,ERP-B2B-SALE-2026-23706,2026-08-14 16:16:00,2026-08-14 17:18:00,Third Party,BKP2602909300,PW All in One IBPS Clerk 2026 Book Prelims & Mains Exams | Chapterwise Theory and Exercises | 12 Previous Year Solved Papers PYQ Till Oct 2025 and 15 Online CBT Tests English Edition,,2026-08-14 18:03:00,Saleem01,SPR.R19.A3.L1.B1,14,,PW,BKP2602909300,Default Vendor,PRIME260500193208,,COCOBLUE RETAIL LIMITED,55634,PWH
PWH20457,ERP-B2B-SALE-2026-23706,2026-08-14 16:16:00,2026-08-14 17:18:00,Third Party,BKP2602909300,PW All in One IBPS Clerk 2026 Book Prelims & Mains Exams | Chapterwise Theory and Exercises | 12 Previous Year Solved Papers PYQ Till Oct 2025 and 15 Online CBT Tests English Edition,,2026-08-14 18:05:00,Saleem01,SPR.R19.A3.L1.B1,14,,PW,BKP2602909300,Default Vendor,PRIME260500193207,,COCOBLUE RETAIL LIMITED,55634,PWH
PWH20457,ERP-B2B-SALE-2026-23706,2026-08-14 16:16:00,2026-08-14 17:18:00,Third Party,BKP2602909300,PW All in One IBPS Clerk 2026 Book Prelims & Mains Exams | Chapterwise Theory and Exercises | 12 Previous Year Solved Papers PYQ Till Oct 2025 and 15 Online CBT Tests English Edition,,2026-08-14 18:05:00,Saleem01,SPR.R19.A3.L1.B1,14,,PW,BKP2602909300,Default Vendor,PRIME260500193206,,COCOBLUE RETAIL LIMITED,55634,PWH
PWH20457,ERP-B2B-SALE-2026-23706,2026-08-14 16:16:00,2026-08-14 17:18:00,Third Party,BKP2602909300,PW All in One IBPS Clerk 2026 Book Prelims & Mains Exams | Chapterwise Theory and Exercises | 12 Previous Year Solved Papers PYQ Till Oct 2025 and 15 Online CBT Tests English Edition,,2026-08-16 12:12:00,Saleem01,SPR.R19.A3.L1.B1,14,,PW,BKP2602909300,Default Vendor,PRIME260500193205,,COCOBLUE RETAIL LIMITED,55634,PWH
PWH20457,ERP-B2B-SALE-2026-23706,2026-08-14 16:16:00,2026-08-14 17:18:00,Third Party,BKP2602909300,PW All in One IBPS Clerk 2026 Book Prelims & Mains Exams | Chapterwise Theory and Exercises | 12 Previous Year Solved Papers PYQ Till Oct 2025 and 15 Online CBT Tests English Edition,,2026-08-14 18:01:00,Saleem01,SPR.R19.A3.L1.B1,14,,PW,BKP2602909300,Default Vendor,PRIME260500193204,,COCOBLUE RETAIL LIMITED,55634,PWH
PWH20457,ERP-B2B-SALE-2026-23706,2026-08-14 16:16:00,2026-08-14 17:18:00,Third Party,BKP2602909300,PW All in One IBPS Clerk 2026 Book Prelims & Mains Exams | Chapterwise Theory and Exercises | 12 Previous Year Solved Papers PYQ Till Oct 2025 and 15 Online CBT Tests English Edition,,2026-08-14 18:03:00,Saleem01,SPR.R19.A3.L1.B1,14,,PW,BKP2602909300,Default Vendor,PRIME260500193203,,COCOBLUE RETAIL LIMITED,55634,PWH
PWH20457,ERP-B2B-SALE-2026-23706,2026-08-14 16:16:00,2026-08-14 17:18:00,Third Party,BKP2602909300,PW All in One IBPS Clerk 2026 Book Prelims & Mains Exams | Chapterwise Theory and Exercises | 12 Previous Year Solved Papers PYQ Till Oct 2025 and 15 Online CBT Tests English Edition,,2026-08-16 11:47:00,Saleem01,MTR.G3.R32.A09.L3.B1,10,,PW,BKP2602909300,Default Vendor,PRIME260800030604,,COCOBLUE RETAIL LIMITED,55634,PWH
PWH20457,ERP-B2B-SALE-2026-23706,2026-08-14 16:16:00,2026-08-14 17:18:00,Third Party,BKP2605022122,"PW Informative Atlas Book - India & World | Physical, Political, Regional, Thematic Maps For School, UPSC, State PSC & Other Competitive Exams English Edition",,2026-08-14 18:44:00,Saleem01,MTR.G0.R04.A12.L3.B1,161,,PW,BKP2605022122,Default Vendor,PRIME260800028103,,COCOBLUE RETAIL LIMITED,55634,PWH
PWH20457,ERP-B2B-SALE-2026-23706,2026-08-14 16:16:00,2026-08-14 17:18:00,Third Party,BKP2605022122,"PW Informative Atlas Book - India & World | Physical, Political, Regional, Thematic Maps For School, UPSC, State PSC & Other Competitive Exams English Edition",,2026-08-14 18:37:00,Saleem01,MTR.G0.R42.A05.L4.B1,7,,PW,BKP2605022122,Default Vendor,PRIME260800028103,,COCOBLUE RETAIL LIMITED,55634,PWH
PWH20457,ERP-B2B-SALE-2026-23706,2026-08-14 16:16:00,2026-08-14 17:18:00,Third Party,BKP2606022911,PW JEE Advanced 49 Years (2026-1978) with JEE Main 162 Sets PYQs (2026-2019) combo | Chapterwise and Topicwise Solved Papers For JEE Main & Advanced 2027 Exams,Size,2026-08-16 11:28:00,Saleem01,GP_KIT_13,1,,PW,BKP2606022911,Default Vendor,PRIME260800030604,,COCOBLUE RETAIL LIMITED,55634,PWH
PWH20457,ERP-B2B-SALE-2026-23706,2026-08-14 16:16:00,2026-08-14 17:18:00,Third Party,BKP2604238786,"PW All in One RRB JE (Junior Engineer) CBT - 1 Book 2026-27 Exam l Chapterwise Theory, Short Tricks and Exercises, 18 Previous Year Solved Papers (2026, 2024 & 2019) PYQs with 10 Practice Sets",,2026-08-14 18:10:00,Saleem01,SPR.R18.A10.L1.B4,18,,PW,BKP2604238786,Default Vendor,PRIME260500193272,,COCOBLUE RETAIL LIMITED,55634,PWH
PWH20457,ERP-B2B-SALE-2026-23706,2026-08-14 16:16:00,2026-08-14 17:18:00,Third Party,BKP2604238786,"PW All in One RRB JE (Junior Engineer) CBT - 1 Book 2026-27 Exam l Chapterwise Theory, Short Tricks and Exercises, 18 Previous Year Solved Papers (2026, 2024 & 2019) PYQs with 10 Practice Sets",,2026-08-14 18:10:00,Saleem01,SPR.R18.A10.L1.B4,18,,PW,BKP2604238786,Default Vendor,PRIME260500193273,,COCOBLUE RETAIL LIMITED,55634,PWH
PWH20457,ERP-B2B-SALE-2026-23706,2026-08-14 16:16:00,2026-08-14 17:18:00,Third Party,BKP2604238786,"PW All in One RRB JE (Junior Engineer) CBT - 1 Book 2026-27 Exam l Chapterwise Theory, Short Tricks and Exercises, 18 Previous Year Solved Papers (2026, 2024 & 2019) PYQs with 10 Practice Sets",,2026-08-14 18:18:00,Saleem01,SPR.R18.A10.L5.B2,18,,PW,BKP2604238786,Default Vendor,PRIME260500193300,,COCOBLUE RETAIL LIMITED,55634,PWH
PWH20457,ERP-B2B-SALE-2026-23706,2026-08-14 16:16:00,2026-08-14 17:18:00,Third Party,BKP2604238786,"PW All in One RRB JE (Junior Engineer) CBT - 1 Book 2026-27 Exam l Chapterwise Theory, Short Tricks and Exercises, 18 Previous Year Solved Papers (2026, 2024 & 2019) PYQs with 10 Practice Sets",,2026-08-14 18:18:00,Saleem01,SPR.R18.A10.L5.B2,18,,PW,BKP2604238786,Default Vendor,PRIME260500193307,,COCOBLUE RETAIL LIMITED,55634,PWH
PWH20457,ERP-B2B-SALE-2026-23706,2026-08-14 16:16:00,2026-08-14 17:18:00,Third Party,BKP2604238786,"PW All in One RRB JE (Junior Engineer) CBT - 1 Book 2026-27 Exam l Chapterwise Theory, Short Tricks and Exercises, 18 Previous Year Solved Papers (2026, 2024 & 2019) PYQs with 10 Practice Sets",,2026-08-14 18:18:00,Saleem01,SPR.R18.A10.L5.B2,18,,PW,BKP2604238786,Default Vendor,PRIME260500193306,,COCOBLUE RETAIL LIMITED,55634,PWH
PWH20457,ERP-B2B-SALE-2026-23706,2026-08-14 16:16:00,2026-08-14 17:18:00,Third Party,BKP2604238786,"PW All in One RRB JE (Junior Engineer) CBT - 1 Book 2026-27 Exam l Chapterwise Theory, Short Tricks and Exercises, 18 Previous Year Solved Papers (2026, 2024 & 2019) PYQs with 10 Practice Sets",,2026-08-14 18:19:00,Saleem01,SPR.R18.A10.L5.B2,18,,PW,BKP2604238786,Default Vendor,PRIME260500193302,,COCOBLUE RETAIL LIMITED,55634,PWH
PWH20457,ERP-B2B-SALE-2026-23706,2026-08-14 16:16:00,2026-08-14 17:18:00,Third Party,BKP2604238786,"PW All in One RRB JE (Junior Engineer) CBT - 1 Book 2026-27 Exam l Chapterwise Theory, Short Tricks and Exercises, 18 Previous Year Solved Papers (2026, 2024 & 2019) PYQs with 10 Practice Sets",,2026-08-14 18:19:00,Saleem01,SPR.R18.A10.L5.B2,18,,PW,BKP2604238786,Default Vendor,PRIME260500193295,,COCOBLUE RETAIL LIMITED,55634,PWH
PWH20457,ERP-B2B-SALE-2026-23706,2026-08-14 16:16:00,2026-08-14 17:18:00,Third Party,BKP2604238786,"PW All in One RRB JE (Junior Engineer) CBT - 1 Book 2026-27 Exam l Chapterwise Theory, Short Tricks and Exercises, 18 Previous Year Solved Papers (2026, 2024 & 2019) PYQs with 10 Practice Sets",,2026-08-14 18:18:00,Saleem01,SPR.R18.A10.L5.B2,18,,PW,BKP2604238786,Default Vendor,PRIME260500193301,,COCOBLUE RETAIL LIMITED,55634,PWH
PWH20457,ERP-B2B-SALE-2026-23706,2026-08-14 16:16:00,2026-08-14 17:18:00,Third Party,BKP2604238786,"PW All in One RRB JE (Junior Engineer) CBT - 1 Book 2026-27 Exam l Chapterwise Theory, Short Tricks and Exercises, 18 Previous Year Solved Papers (2026, 2024 & 2019) PYQs with 10 Practice Sets",,2026-08-16 11:57:00,Saleem01,MTR.G1.R47.A10.L1.B2,16,,PW,BKP2604238786,Default Vendor,PRIME260800030604,,COCOBLUE RETAIL LIMITED,55634,PWH
PWH20457,ERP-B2B-SALE-2026-23706,2026-08-14 16:16:00,2026-08-14 17:18:00,Third Party,BKP2602958552,"CBSE Class 10th Chapter-wise Topper’s Handwritten Short Notes for 2027 Board Exams | Mathematics, Science & Social Science | Important Formulas, Equations & Diagrams",,2026-08-16 11:44:00,Saleem01,MTR.G3.R43.A08.L2.B1,85,,PW,BKP2602958552,Default Vendor,PRIME260800030604,,COCOBLUE RETAIL LIMITED,55634,PWH
PWH20457,ERP-B2B-SALE-2026-23706,2026-08-14 16:16:00,2026-08-14 17:18:00,Third Party,ATV2602964244,"My First 1200 Phonics Activity Book For Kids | Learn Word Families, Short & Long Vowels, Alphabet & Special Sounds, Blending, Word Formatting & Sight Words | Montessori Activity Book For Kids",,2026-08-16 11:14:00,Saleem01,SPR.R9.A7.L4.B1,17,,PW,ATV2602964244,Default Vendor,PRIME260300078829,,COCOBLUE RETAIL LIMITED,55634,PWH
PWH20457,ERP-B2B-SALE-2026-23706,2026-08-14 16:16:00,2026-08-14 17:18:00,Third Party,ATV2602964244,"My First 1200 Phonics Activity Book For Kids | Learn Word Families, Short & Long Vowels, Alphabet & Special Sounds, Blending, Word Formatting & Sight Words | Montessori Activity Book For Kids",,2026-08-16 11:50:00,Saleem01,MTR.G2.R11.A06.L3.B2,8,,PW,ATV2602964244,Default Vendor,PRIME260800030604,,COCOBLUE RETAIL LIMITED,55634,PWH
PWH20457,ERP-B2B-SALE-2026-23706,2026-08-14 16:16:00,2026-08-14 17:18:00,Third Party,BKP2605022077,GATEWALLAH Computer Science & IT Topicwise Previous Year Solved Papers (2026 - 2008) with Video Solutions For 2027 Exams | Detailed Text Solutions,,2026-08-14 17:54:00,Saleem01,SPR.R29.A8.L3.B2,1,,PW,BKP2605022077,Default Vendor,PRIME260800028103,,COCOBLUE RETAIL LIMITED,55634,PWH
PWH20457,ERP-B2B-SALE-2026-23706,2026-08-14 16:16:00,2026-08-14 17:18:00,Third Party,BKP2605022077,GATEWALLAH Computer Science & IT Topicwise Previous Year Solved Papers (2026 - 2008) with Video Solutions For 2027 Exams | Detailed Text Solutions,,2026-08-14 17:55:00,Saleem01,SPR.R29.A8.L3.B2,12,,PW,BKP2605022077,Default Vendor,PRIME260700108671,,COCOBLUE RETAIL LIMITED,55634,PWH
PWH20457,ERP-B2B-SALE-2026-23706,2026-08-14 16:16:00,2026-08-14 17:18:00,Third Party,BKP2605022077,GATEWALLAH Computer Science & IT Topicwise Previous Year Solved Papers (2026 - 2008) with Video Solutions For 2027 Exams | Detailed Text Solutions,,2026-08-14 17:56:00,Saleem01,SPR.R29.A8.L3.B2,12,,PW,BKP2605022077,Default Vendor,PRIME260700108676,,COCOBLUE RETAIL LIMITED,55634,PWH
PWH20457,ERP-B2B-SALE-2026-23706,2026-08-14 16:16:00,2026-08-14 17:18:00,Third Party,BKP2605022077,GATEWALLAH Computer Science & IT Topicwise Previous Year Solved Papers (2026 - 2008) with Video Solutions For 2027 Exams | Detailed Text Solutions,,2026-08-14 17:57:00,Saleem01,SPR.R29.A8.L3.B2,12,,PW,BKP2605022077,Default Vendor,PRIME260700108675,,COCOBLUE RETAIL LIMITED,55634,PWH
PWH20457,ERP-B2B-SALE-2026-23706,2026-08-14 16:16:00,2026-08-14 17:18:00,Third Party,BKP2605022077,GATEWALLAH Computer Science & IT Topicwise Previous Year Solved Papers (2026 - 2008) with Video Solutions For 2027 Exams | Detailed Text Solutions,,2026-08-14 17:56:00,Saleem01,SPR.R29.A8.L3.B2,12,,PW,BKP2605022077,Default Vendor,PRIME260700108668,,COCOBLUE RETAIL LIMITED,55634,PWH
PWH20457,ERP-B2B-SALE-2026-23706,2026-08-14 16:16:00,2026-08-14 17:18:00,Third Party,BKP2605022077,GATEWALLAH Computer Science & IT Topicwise Previous Year Solved Papers (2026 - 2008) with Video Solutions For 2027 Exams | Detailed Text Solutions,,2026-08-14 17:55:00,Saleem01,SPR.R29.A8.L3.B2,12,,PW,BKP2605022077,Default Vendor,PRIME260700108669,,COCOBLUE RETAIL LIMITED,55634,PWH
PWH20457,ERP-B2B-SALE-2026-23706,2026-08-14 16:16:00,2026-08-14 17:18:00,Third Party,BKP2605022077,GATEWALLAH Computer Science & IT Topicwise Previous Year Solved Papers (2026 - 2008) with Video Solutions For 2027 Exams | Detailed Text Solutions,,2026-08-14 17:57:00,Saleem01,SPR.R29.A8.L3.B2,12,,PW,BKP2605022077,Default Vendor,PRIME260700108674,,COCOBLUE RETAIL LIMITED,55634,PWH
PWH20457,ERP-B2B-SALE-2026-23706,2026-08-14 16:16:00,2026-08-14 17:18:00,Third Party,BKP2605022077,GATEWALLAH Computer Science & IT Topicwise Previous Year Solved Papers (2026 - 2008) with Video Solutions For 2027 Exams | Detailed Text Solutions,,2026-08-14 17:58:00,Saleem01,SPR.R29.A8.L3.B2,12,,PW,BKP2605022077,Default Vendor,PRIME260700108667,,COCOBLUE RETAIL LIMITED,55634,PWH
PWH20457,ERP-B2B-SALE-2026-23706,2026-08-14 16:16:00,2026-08-14 17:18:00,Third Party,BKP2605022077,GATEWALLAH Computer Science & IT Topicwise Previous Year Solved Papers (2026 - 2008) with Video Solutions For 2027 Exams | Detailed Text Solutions,,2026-08-16 12:14:00,Saleem01,SPR.R20.A5.L3.B1,11,,PW,BKP2605022077,Default Vendor,PRIME260700112082,,COCOBLUE RETAIL LIMITED,55634,PWH
PWH20457,ERP-B2B-SALE-2026-23706,2026-08-14 16:16:00,2026-08-14 17:18:00,Third Party,BKP2605022077,GATEWALLAH Computer Science & IT Topicwise Previous Year Solved Papers (2026 - 2008) with Video Solutions For 2027 Exams | Detailed Text Solutions,,2026-08-14 17:54:00,Saleem01,SPR.R29.A8.L3.B2,4,,PW,BKP2605022077,Default Vendor,PRIME260800028103,,COCOBLUE RETAIL LIMITED,55634,PWH
PWH20457,ERP-B2B-SALE-2026-23706,2026-08-14 16:16:00,2026-08-14 17:18:00,Third Party,BKP2606022911,PW JEE Advanced 49 Years (2026-1978) with JEE Main 162 Sets PYQs (2026-2019) combo | Chapterwise and Topicwise Solved Papers For JEE Main & Advanced 2027 Exams,Size,2026-08-16 11:28:00,Saleem01,GP_KIT_13,52,,PW,BKP2606022911,Default Vendor,PRIME260800030604,,COCOBLUE RETAIL LIMITED,55634,PWH
PWH20457,ERP-B2B-SALE-2026-23706,2026-08-14 16:16:00,2026-08-14 17:18:00,Third Party,BKP2606022911,PW JEE Advanced 49 Years (2026-1978) with JEE Main 162 Sets PYQs (2026-2019) combo | Chapterwise and Topicwise Solved Papers For JEE Main & Advanced 2027 Exams,Size,2026-08-16 11:27:00,Saleem01,GP_KIT_13,2,,PW,BKP2606022911,Default Vendor,PRIME260800030604BKP2606022911,,COCOBLUE RETAIL LIMITED,55634,PWH
PWH20458,ERP-B2B-SALE-2026-23705,2026-08-14 16:15:00,2026-08-14 17:18:00,Third Party,BKP2606022911,PW JEE Advanced 49 Years (2026-1978) with JEE Main 162 Sets PYQs (2026-2019) combo | Chapterwise and Topicwise Solved Papers For JEE Main & Advanced 2027 Exams,Size,2026-08-14 17:51:00,vikasb2b,GP_KIT_13,2,,PW,BKP2606022911,Default Vendor,PRIME260800029255,,COCOBLUE RETAIL LIMITED,55633,PWH
PWH20458,ERP-B2B-SALE-2026-23705,2026-08-14 16:15:00,2026-08-14 17:18:00,Third Party,BKP2606022911,PW JEE Advanced 49 Years (2026-1978) with JEE Main 162 Sets PYQs (2026-2019) combo | Chapterwise and Topicwise Solved Papers For JEE Main & Advanced 2027 Exams,Size,2026-08-14 17:50:00,vikasb2b,GP_KIT_13,2,,PW,BKP2606022911,Default Vendor,PRIME260800029709,,COCOBLUE RETAIL LIMITED,55633,PWH
PWH20458,ERP-B2B-SALE-2026-23705,2026-08-14 16:15:00,2026-08-14 17:18:00,Third Party,BKP2606022911,PW JEE Advanced 49 Years (2026-1978) with JEE Main 162 Sets PYQs (2026-2019) combo | Chapterwise and Topicwise Solved Papers For JEE Main & Advanced 2027 Exams,Size,2026-08-14 17:51:00,vikasb2b,GP_KIT_13,2,,PW,BKP2606022911,Default Vendor,PRIME260800029222,,COCOBLUE RETAIL LIMITED,55633,PWH
PWH20458,ERP-B2B-SALE-2026-23705,2026-08-14 16:15:00,2026-08-14 17:18:00,Third Party,BKP2606022911,PW JEE Advanced 49 Years (2026-1978) with JEE Main 162 Sets PYQs (2026-2019) combo | Chapterwise and Topicwise Solved Papers For JEE Main & Advanced 2027 Exams,Size,2026-08-14 17:51:00,vikasb2b,GP_KIT_13,2,,PW,BKP2606022911,Default Vendor,PRIME260800029254,,COCOBLUE RETAIL LIMITED,55633,PWH
PWH20458,ERP-B2B-SALE-2026-23705,2026-08-14 16:15:00,2026-08-14 17:18:00,Third Party,BKP2606022911,PW JEE Advanced 49 Years (2026-1978) with JEE Main 162 Sets PYQs (2026-2019) combo | Chapterwise and Topicwise Solved Papers For JEE Main & Advanced 2027 Exams,Size,2026-08-14 17:51:00,vikasb2b,GP_KIT_13,2,,PW,BKP2606022911,Default Vendor,PRIME260800029253,,COCOBLUE RETAIL LIMITED,55633,PWH
PWH20458,ERP-B2B-SALE-2026-23705,2026-08-14 16:15:00,2026-08-14 17:18:00,Third Party,BKP2606022911,PW JEE Advanced 49 Years (2026-1978) with JEE Main 162 Sets PYQs (2026-2019) combo | Chapterwise and Topicwise Solved Papers For JEE Main & Advanced 2027 Exams,Size,2026-08-14 17:51:00,vikasb2b,GP_KIT_13,2,,PW,BKP2606022911,Default Vendor,PRIME260800029252,,COCOBLUE RETAIL LIMITED,55633,PWH
PWH20458,ERP-B2B-SALE-2026-23705,2026-08-14 16:15:00,2026-08-14 17:18:00,Third Party,BKP2606022911,PW JEE Advanced 49 Years (2026-1978) with JEE Main 162 Sets PYQs (2026-2019) combo | Chapterwise and Topicwise Solved Papers For JEE Main & Advanced 2027 Exams,Size,2026-08-14 17:51:00,vikasb2b,GP_KIT_13,2,,PW,BKP2606022911,Default Vendor,PRIME260800029251,,COCOBLUE RETAIL LIMITED,55633,PWH
PWH20458,ERP-B2B-SALE-2026-23705,2026-08-14 16:15:00,2026-08-14 17:18:00,Third Party,BKP2606022911,PW JEE Advanced 49 Years (2026-1978) with JEE Main 162 Sets PYQs (2026-2019) combo | Chapterwise and Topicwise Solved Papers For JEE Main & Advanced 2027 Exams,Size,2026-08-14 17:51:00,vikasb2b,GP_KIT_13,2,,PW,BKP2606022911,Default Vendor,PRIME260800029250,,COCOBLUE RETAIL LIMITED,55633,PWH
PWH20458,ERP-B2B-SALE-2026-23705,2026-08-14 16:15:00,2026-08-14 17:18:00,Third Party,BKP2606022911,PW JEE Advanced 49 Years (2026-1978) with JEE Main 162 Sets PYQs (2026-2019) combo | Chapterwise and Topicwise Solved Papers For JEE Main & Advanced 2027 Exams,Size,2026-08-14 17:51:00,vikasb2b,GP_KIT_13,2,,PW,BKP2606022911,Default Vendor,PRIME260800029249,,COCOBLUE RETAIL LIMITED,55633,PWH
PWH20458,ERP-B2B-SALE-2026-23705,2026-08-14 16:15:00,2026-08-14 17:18:00,Third Party,BKP2606022911,PW JEE Advanced 49 Years (2026-1978) with JEE Main 162 Sets PYQs (2026-2019) combo | Chapterwise and Topicwise Solved Papers For JEE Main & Advanced 2027 Exams,Size,2026-08-14 17:51:00,vikasb2b,GP_KIT_13,2,,PW,BKP2606022911,Default Vendor,PRIME260800029248,,COCOBLUE RETAIL LIMITED,55633,PWH
PWH20458,ERP-B2B-SALE-2026-23705,2026-08-14 16:15:00,2026-08-14 17:18:00,Third Party,BKP2606022911,PW JEE Advanced 49 Years (2026-1978) with JEE Main 162 Sets PYQs (2026-2019) combo | Chapterwise and Topicwise Solved Papers For JEE Main & Advanced 2027 Exams,Size,2026-08-14 17:51:00,vikasb2b,GP_KIT_13,2,,PW,BKP2606022911,Default Vendor,PRIME260800029247,,COCOBLUE RETAIL LIMITED,55633,PWH
PWH20458,ERP-B2B-SALE-2026-23705,2026-08-14 16:15:00,2026-08-14 17:18:00,Third Party,BKP2606022911,PW JEE Advanced 49 Years (2026-1978) with JEE Main 162 Sets PYQs (2026-2019) combo | Chapterwise and Topicwise Solved Papers For JEE Main & Advanced 2027 Exams,Size,2026-08-14 17:51:00,vikasb2b,GP_KIT_13,2,,PW,BKP2606022911,Default Vendor,PRIME260800029246,,COCOBLUE RETAIL LIMITED,55633,PWH
PWH20458,ERP-B2B-SALE-2026-23705,2026-08-14 16:15:00,2026-08-14 17:18:00,Third Party,BKP2606022911,PW JEE Advanced 49 Years (2026-1978) with JEE Main 162 Sets PYQs (2026-2019) combo | Chapterwise and Topicwise Solved Papers For JEE Main & Advanced 2027 Exams,Size,2026-08-14 17:51:00,vikasb2b,GP_KIT_13,2,,PW,BKP2606022911,Default Vendor,PRIME260800029245,,COCOBLUE RETAIL LIMITED,55633,PWH
PWH20458,ERP-B2B-SALE-2026-23705,2026-08-14 16:15:00,2026-08-14 17:18:00,Third Party,BKP2606022911,PW JEE Advanced 49 Years (2026-1978) with JEE Main 162 Sets PYQs (2026-2019) combo | Chapterwise and Topicwise Solved Papers For JEE Main & Advanced 2027 Exams,Size,2026-08-14 17:51:00,vikasb2b,GP_KIT_13,2,,PW,BKP2606022911,Default Vendor,PRIME260800029244,,COCOBLUE RETAIL LIMITED,55633,PWH
PWH20458,ERP-B2B-SALE-2026-23705,2026-08-14 16:15:00,2026-08-14 17:18:00,Third Party,BKP2606022911,PW JEE Advanced 49 Years (2026-1978) with JEE Main 162 Sets PYQs (2026-2019) combo | Chapterwise and Topicwise Solved Papers For JEE Main & Advanced 2027 Exams,Size,2026-08-14 17:51:00,vikasb2b,GP_KIT_13,2,,PW,BKP2606022911,Default Vendor,PRIME260800029243,,COCOBLUE RETAIL LIMITED,55633,PWH
PWH20458,ERP-B2B-SALE-2026-23705,2026-08-14 16:15:00,2026-08-14 17:18:00,Third Party,BKP2606022911,PW JEE Advanced 49 Years (2026-1978) with JEE Main 162 Sets PYQs (2026-2019) combo | Chapterwise and Topicwise Solved Papers For JEE Main & Advanced 2027 Exams,Size,2026-08-14 17:51:00,vikasb2b,GP_KIT_13,2,,PW,BKP2606022911,Default Vendor,PRIME260800029242,,COCOBLUE RETAIL LIMITED,55633,PWH
PWH20458,ERP-B2B-SALE-2026-23705,2026-08-14 16:15:00,2026-08-14 17:18:00,Third Party,BKP2606022911,PW JEE Advanced 49 Years (2026-1978) with JEE Main 162 Sets PYQs (2026-2019) combo | Chapterwise and Topicwise Solved Papers For JEE Main & Advanced 2027 Exams,Size,2026-08-14 17:51:00,vikasb2b,GP_KIT_13,2,,PW,BKP2606022911,Default Vendor,PRIME260800029241,,COCOBLUE RETAIL LIMITED,55633,PWH
PWH20458,ERP-B2B-SALE-2026-23705,2026-08-14 16:15:00,2026-08-14 17:18:00,Third Party,BKP2606022911,PW JEE Advanced 49 Years (2026-1978) with JEE Main 162 Sets PYQs (2026-2019) combo | Chapterwise and Topicwise Solved Papers For JEE Main & Advanced 2027 Exams,Size,2026-08-14 17:51:00,vikasb2b,GP_KIT_13,2,,PW,BKP2606022911,Default Vendor,PRIME260800029240,,COCOBLUE RETAIL LIMITED,55633,PWH
PWH20458,ERP-B2B-SALE-2026-23705,2026-08-14 16:15:00,2026-08-14 17:18:00,Third Party,BKP2606022911,PW JEE Advanced 49 Years (2026-1978) with JEE Main 162 Sets PYQs (2026-2019) combo | Chapterwise and Topicwise Solved Papers For JEE Main & Advanced 2027 Exams,Size,2026-08-14 17:51:00,vikasb2b,GP_KIT_13,2,,PW,BKP2606022911,Default Vendor,PRIME260800029239,,COCOBLUE RETAIL LIMITED,55633,PWH
PWH20458,ERP-B2B-SALE-2026-23705,2026-08-14 16:15:00,2026-08-14 17:18:00,Third Party,BKP2606022911,PW JEE Advanced 49 Years (2026-1978) with JEE Main 162 Sets PYQs (2026-2019) combo | Chapterwise and Topicwise Solved Papers For JEE Main & Advanced 2027 Exams,Size,2026-08-14 17:51:00,vikasb2b,GP_KIT_13,2,,PW,BKP2606022911,Default Vendor,PRIME260800029238,,COCOBLUE RETAIL LIMITED,55633,PWH
PWH20458,ERP-B2B-SALE-2026-23705,2026-08-14 16:15:00,2026-08-14 17:18:00,Third Party,BKP2606022911,PW JEE Advanced 49 Years (2026-1978) with JEE Main 162 Sets PYQs (2026-2019) combo | Chapterwise and Topicwise Solved Papers For JEE Main & Advanced 2027 Exams,Size,2026-08-14 17:51:00,vikasb2b,GP_KIT_13,2,,PW,BKP2606022911,Default Vendor,PRIME260800029237,,COCOBLUE RETAIL LIMITED,55633,PWH
PWH20458,ERP-B2B-SALE-2026-23705,2026-08-14 16:15:00,2026-08-14 17:18:00,Third Party,BKP2606022911,PW JEE Advanced 49 Years (2026-1978) with JEE Main 162 Sets PYQs (2026-2019) combo | Chapterwise and Topicwise Solved Papers For JEE Main & Advanced 2027 Exams,Size,2026-08-14 17:51:00,vikasb2b,GP_KIT_13,2,,PW,BKP2606022911,Default Vendor,PRIME260800029236,,COCOBLUE RETAIL LIMITED,55633,PWH
PWH20458,ERP-B2B-SALE-2026-23705,2026-08-14 16:15:00,2026-08-14 17:18:00,Third Party,BKP2606022911,PW JEE Advanced 49 Years (2026-1978) with JEE Main 162 Sets PYQs (2026-2019) combo | Chapterwise and Topicwise Solved Papers For JEE Main & Advanced 2027 Exams,Size,2026-08-14 17:51:00,vikasb2b,GP_KIT_13,2,,PW,BKP2606022911,Default Vendor,PRIME260800029235,,COCOBLUE RETAIL LIMITED,55633,PWH
PWH20458,ERP-B2B-SALE-2026-23705,2026-08-14 16:15:00,2026-08-14 17:18:00,Third Party,BKP2606022911,PW JEE Advanced 49 Years (2026-1978) with JEE Main 162 Sets PYQs (2026-2019) combo | Chapterwise and Topicwise Solved Papers For JEE Main & Advanced 2027 Exams,Size,2026-08-14 17:51:00,vikasb2b,GP_KIT_13,2,,PW,BKP2606022911,Default Vendor,PRIME260800029234,,COCOBLUE RETAIL LIMITED,55633,PWH
PWH20458,ERP-B2B-SALE-2026-23705,2026-08-14 16:15:00,2026-08-14 17:18:00,Third Party,BKP2606022911,PW JEE Advanced 49 Years (2026-1978) with JEE Main 162 Sets PYQs (2026-2019) combo | Chapterwise and Topicwise Solved Papers For JEE Main & Advanced 2027 Exams,Size,2026-08-14 17:51:00,vikasb2b,GP_KIT_13,2,,PW,BKP2606022911,Default Vendor,PRIME260800029233,,COCOBLUE RETAIL LIMITED,55633,PWH
PWH20458,ERP-B2B-SALE-2026-23705,2026-08-14 16:15:00,2026-08-14 17:18:00,Third Party,BKP2606022911,PW JEE Advanced 49 Years (2026-1978) with JEE Main 162 Sets PYQs (2026-2019) combo | Chapterwise and Topicwise Solved Papers For JEE Main & Advanced 2027 Exams,Size,2026-08-14 17:51:00,vikasb2b,GP_KIT_13,2,,PW,BKP2606022911,Default Vendor,PRIME260800029232,,COCOBLUE RETAIL LIMITED,55633,PWH
PWH20458,ERP-B2B-SALE-2026-23705,2026-08-14 16:15:00,2026-08-14 17:18:00,Third Party,BKP2606022911,PW JEE Advanced 49 Years (2026-1978) with JEE Main 162 Sets PYQs (2026-2019) combo | Chapterwise and Topicwise Solved Papers For JEE Main & Advanced 2027 Exams,Size,2026-08-14 17:51:00,vikasb2b,GP_KIT_13,2,,PW,BKP2606022911,Default Vendor,PRIME260800029231,,COCOBLUE RETAIL LIMITED,55633,PWH
PWH20458,ERP-B2B-SALE-2026-23705,2026-08-14 16:15:00,2026-08-14 17:18:00,Third Party,BKP2606022911,PW JEE Advanced 49 Years (2026-1978) with JEE Main 162 Sets PYQs (2026-2019) combo | Chapterwise and Topicwise Solved Papers For JEE Main & Advanced 2027 Exams,Size,2026-08-14 17:51:00,vikasb2b,GP_KIT_13,2,,PW,BKP2606022911,Default Vendor,PRIME260800029230,,COCOBLUE RETAIL LIMITED,55633,PWH
PWH20458,ERP-B2B-SALE-2026-23705,2026-08-14 16:15:00,2026-08-14 17:18:00,Third Party,BKP2606022911,PW JEE Advanced 49 Years (2026-1978) with JEE Main 162 Sets PYQs (2026-2019) combo | Chapterwise and Topicwise Solved Papers For JEE Main & Advanced 2027 Exams,Size,2026-08-14 17:51:00,vikasb2b,GP_KIT_13,2,,PW,BKP2606022911,Default Vendor,PRIME260800029229,,COCOBLUE RETAIL LIMITED,55633,PWH
PWH20458,ERP-B2B-SALE-2026-23705,2026-08-14 16:15:00,2026-08-14 17:18:00,Third Party,BKP2606022911,PW JEE Advanced 49 Years (2026-1978) with JEE Main 162 Sets PYQs (2026-2019) combo | Chapterwise and Topicwise Solved Papers For JEE Main & Advanced 2027 Exams,Size,2026-08-14 17:51:00,vikasb2b,GP_KIT_13,2,,PW,BKP2606022911,Default Vendor,PRIME260800029228,,COCOBLUE RETAIL LIMITED,55633,PWH
PWH20458,ERP-B2B-SALE-2026-23705,2026-08-14 16:15:00,2026-08-14 17:18:00,Third Party,BKP2606022911,PW JEE Advanced 49 Years (2026-1978) with JEE Main 162 Sets PYQs (2026-2019) combo | Chapterwise and Topicwise Solved Papers For JEE Main & Advanced 2027 Exams,Size,2026-08-14 17:51:00,vikasb2b,GP_KIT_13,2,,PW,BKP2606022911,Default Vendor,PRIME260800029227,,COCOBLUE RETAIL LIMITED,55633,PWH
PWH20458,ERP-B2B-SALE-2026-23705,2026-08-14 16:15:00,2026-08-14 17:18:00,Third Party,BKP2606022911,PW JEE Advanced 49 Years (2026-1978) with JEE Main 162 Sets PYQs (2026-2019) combo | Chapterwise and Topicwise Solved Papers For JEE Main & Advanced 2027 Exams,Size,2026-08-14 17:51:00,vikasb2b,GP_KIT_13,2,,PW,BKP2606022911,Default Vendor,PRIME260800029226,,COCOBLUE RETAIL LIMITED,55633,PWH
PWH20458,ERP-B2B-SALE-2026-23705,2026-08-14 16:15:00,2026-08-14 17:18:00,Third Party,BKP2606022911,PW JEE Advanced 49 Years (2026-1978) with JEE Main 162 Sets PYQs (2026-2019) combo | Chapterwise and Topicwise Solved Papers For JEE Main & Advanced 2027 Exams,Size,2026-08-14 17:51:00,vikasb2b,GP_KIT_13,2,,PW,BKP2606022911,Default Vendor,PRIME260800029225,,COCOBLUE RETAIL LIMITED,55633,PWH
PWH20458,ERP-B2B-SALE-2026-23705,2026-08-14 16:15:00,2026-08-14 17:18:00,Third Party,BKP2606022911,PW JEE Advanced 49 Years (2026-1978) with JEE Main 162 Sets PYQs (2026-2019) combo | Chapterwise and Topicwise Solved Papers For JEE Main & Advanced 2027 Exams,Size,2026-08-14 17:51:00,vikasb2b,GP_KIT_13,2,,PW,BKP2606022911,Default Vendor,PRIME260800029224,,COCOBLUE RETAIL LIMITED,55633,PWH
PWH20458,ERP-B2B-SALE-2026-23705,2026-08-14 16:15:00,2026-08-14 17:18:00,Third Party,BKP2606022911,PW JEE Advanced 49 Years (2026-1978) with JEE Main 162 Sets PYQs (2026-2019) combo | Chapterwise and Topicwise Solved Papers For JEE Main & Advanced 2027 Exams,Size,2026-08-14 17:51:00,vikasb2b,GP_KIT_13,2,,PW,BKP2606022911,Default Vendor,PRIME260800029223,,COCOBLUE RETAIL LIMITED,55633,PWH
PWH20458,ERP-B2B-SALE-2026-23705,2026-08-14 16:15:00,2026-08-14 17:18:00,Third Party,BKP2606022911,PW JEE Advanced 49 Years (2026-1978) with JEE Main 162 Sets PYQs (2026-2019) combo | Chapterwise and Topicwise Solved Papers For JEE Main & Advanced 2027 Exams,Size,2026-08-14 17:50:00,vikasb2b,GP_KIT_13,2,,PW,BKP2606022911,Default Vendor,PRIME260800029221,,COCOBLUE RETAIL LIMITED,55633,PWH
PWH20458,ERP-B2B-SALE-2026-23705,2026-08-14 16:15:00,2026-08-14 17:18:00,Third Party,BKP2606022911,PW JEE Advanced 49 Years (2026-1978) with JEE Main 162 Sets PYQs (2026-2019) combo | Chapterwise and Topicwise Solved Papers For JEE Main & Advanced 2027 Exams,Size,2026-08-14 17:50:00,vikasb2b,GP_KIT_13,2,,PW,BKP2606022911,Default Vendor,PRIME260800029220,,COCOBLUE RETAIL LIMITED,55633,PWH
PWH20458,ERP-B2B-SALE-2026-23705,2026-08-14 16:15:00,2026-08-14 17:18:00,Third Party,BKP2606022911,PW JEE Advanced 49 Years (2026-1978) with JEE Main 162 Sets PYQs (2026-2019) combo | Chapterwise and Topicwise Solved Papers For JEE Main & Advanced 2027 Exams,Size,2026-08-14 17:50:00,vikasb2b,GP_KIT_13,2,,PW,BKP2606022911,Default Vendor,PRIME260800029219,,COCOBLUE RETAIL LIMITED,55633,PWH
PWH20458,ERP-B2B-SALE-2026-23705,2026-08-14 16:15:00,2026-08-14 17:18:00,Third Party,BKP2606022911,PW JEE Advanced 49 Years (2026-1978) with JEE Main 162 Sets PYQs (2026-2019) combo | Chapterwise and Topicwise Solved Papers For JEE Main & Advanced 2027 Exams,Size,2026-08-14 17:50:00,vikasb2b,GP_KIT_13,2,,PW,BKP2606022911,Default Vendor,PRIME260800029218,,COCOBLUE RETAIL LIMITED,55633,PWH
PWH20458,ERP-B2B-SALE-2026-23705,2026-08-14 16:15:00,2026-08-14 17:18:00,Third Party,BKP2606022911,PW JEE Advanced 49 Years (2026-1978) with JEE Main 162 Sets PYQs (2026-2019) combo | Chapterwise and Topicwise Solved Papers For JEE Main & Advanced 2027 Exams,Size,2026-08-14 17:50:00,vikasb2b,GP_KIT_13,2,,PW,BKP2606022911,Default Vendor,PRIME260800029217,,COCOBLUE RETAIL LIMITED,55633,PWH
PWH20458,ERP-B2B-SALE-2026-23705,2026-08-14 16:15:00,2026-08-14 17:18:00,Third Party,BKP2606022911,PW JEE Advanced 49 Years (2026-1978) with JEE Main 162 Sets PYQs (2026-2019) combo | Chapterwise and Topicwise Solved Papers For JEE Main & Advanced 2027 Exams,Size,2026-08-14 17:50:00,vikasb2b,GP_KIT_13,2,,PW,BKP2606022911,Default Vendor,PRIME260800029216,,COCOBLUE RETAIL LIMITED,55633,PWH
PWH20458,ERP-B2B-SALE-2026-23705,2026-08-14 16:15:00,2026-08-14 17:18:00,Third Party,BKP2606022911,PW JEE Advanced 49 Years (2026-1978) with JEE Main 162 Sets PYQs (2026-2019) combo | Chapterwise and Topicwise Solved Papers For JEE Main & Advanced 2027 Exams,Size,2026-08-14 17:50:00,vikasb2b,GP_KIT_13,2,,PW,BKP2606022911,Default Vendor,PRIME260800029215,,COCOBLUE RETAIL LIMITED,55633,PWH
PWH20458,ERP-B2B-SALE-2026-23705,2026-08-14 16:15:00,2026-08-14 17:18:00,Third Party,BKP2606022911,PW JEE Advanced 49 Years (2026-1978) with JEE Main 162 Sets PYQs (2026-2019) combo | Chapterwise and Topicwise Solved Papers For JEE Main & Advanced 2027 Exams,Size,2026-08-14 17:50:00,vikasb2b,GP_KIT_13,2,,PW,BKP2606022911,Default Vendor,PRIME260800029214,,COCOBLUE RETAIL LIMITED,55633,PWH
PWH20458,ERP-B2B-SALE-2026-23705,2026-08-14 16:15:00,2026-08-14 17:18:00,Third Party,BKP2606022911,PW JEE Advanced 49 Years (2026-1978) with JEE Main 162 Sets PYQs (2026-2019) combo | Chapterwise and Topicwise Solved Papers For JEE Main & Advanced 2027 Exams,Size,2026-08-14 17:50:00,vikasb2b,GP_KIT_13,2,,PW,BKP2606022911,Default Vendor,PRIME260800029213,,COCOBLUE RETAIL LIMITED,55633,PWH
PWH20458,ERP-B2B-SALE-2026-23705,2026-08-14 16:15:00,2026-08-14 17:18:00,Third Party,BKP2606022911,PW JEE Advanced 49 Years (2026-1978) with JEE Main 162 Sets PYQs (2026-2019) combo | Chapterwise and Topicwise Solved Papers For JEE Main & Advanced 2027 Exams,Size,2026-08-14 17:50:00,vikasb2b,GP_KIT_13,2,,PW,BKP2606022911,Default Vendor,PRIME260800029212,,COCOBLUE RETAIL LIMITED,55633,PWH
PWH20458,ERP-B2B-SALE-2026-23705,2026-08-14 16:15:00,2026-08-14 17:18:00,Third Party,BKP2606022911,PW JEE Advanced 49 Years (2026-1978) with JEE Main 162 Sets PYQs (2026-2019) combo | Chapterwise and Topicwise Solved Papers For JEE Main & Advanced 2027 Exams,Size,2026-08-14 17:50:00,vikasb2b,GP_KIT_13,2,,PW,BKP2606022911,Default Vendor,PRIME260800029211,,COCOBLUE RETAIL LIMITED,55633,PWH
PWH20458,ERP-B2B-SALE-2026-23705,2026-08-14 16:15:00,2026-08-14 17:18:00,Third Party,BKP2606022911,PW JEE Advanced 49 Years (2026-1978) with JEE Main 162 Sets PYQs (2026-2019) combo | Chapterwise and Topicwise Solved Papers For JEE Main & Advanced 2027 Exams,Size,2026-08-14 17:50:00,vikasb2b,GP_KIT_13,2,,PW,BKP2606022911,Default Vendor,PRIME260800029210,,COCOBLUE RETAIL LIMITED,55633,PWH
PWH20458,ERP-B2B-SALE-2026-23705,2026-08-14 16:15:00,2026-08-14 17:18:00,Third Party,BKP2606022911,PW JEE Advanced 49 Years (2026-1978) with JEE Main 162 Sets PYQs (2026-2019) combo | Chapterwise and Topicwise Solved Papers For JEE Main & Advanced 2027 Exams,Size,2026-08-14 17:50:00,vikasb2b,GP_KIT_13,2,,PW,BKP2606022911,Default Vendor,PRIME260800029209,,COCOBLUE RETAIL LIMITED,55633,PWH
PWH20458,ERP-B2B-SALE-2026-23705,2026-08-14 16:15:00,2026-08-14 17:18:00,Third Party,BKP2606022911,PW JEE Advanced 49 Years (2026-1978) with JEE Main 162 Sets PYQs (2026-2019) combo | Chapterwise and Topicwise Solved Papers For JEE Main & Advanced 2027 Exams,Size,2026-08-14 17:50:00,vikasb2b,GP_KIT_13,2,,PW,BKP2606022911,Default Vendor,PRIME260800029208,,COCOBLUE RETAIL LIMITED,55633,PWH
PWH20458,ERP-B2B-SALE-2026-23705,2026-08-14 16:15:00,2026-08-14 17:18:00,Third Party,BKP2606022911,PW JEE Advanced 49 Years (2026-1978) with JEE Main 162 Sets PYQs (2026-2019) combo | Chapterwise and Topicwise Solved Papers For JEE Main & Advanced 2027 Exams,Size,2026-08-14 17:50:00,vikasb2b,GP_KIT_13,2,,PW,BKP2606022911,Default Vendor,PRIME260800029207,,COCOBLUE RETAIL LIMITED,55633,PWH
PWH20458,ERP-B2B-SALE-2026-23705,2026-08-14 16:15:00,2026-08-14 17:18:00,Third Party,BKP2606022911,PW JEE Advanced 49 Years (2026-1978) with JEE Main 162 Sets PYQs (2026-2019) combo | Chapterwise and Topicwise Solved Papers For JEE Main & Advanced 2027 Exams,Size,2026-08-14 17:50:00,vikasb2b,GP_KIT_13,2,,PW,BKP2606022911,Default Vendor,PRIME260800029206,,COCOBLUE RETAIL LIMITED,55633,PWH
PWH20458,ERP-B2B-SALE-2026-23705,2026-08-14 16:15:00,2026-08-14 17:18:00,Third Party,BKP2606022911,PW JEE Advanced 49 Years (2026-1978) with JEE Main 162 Sets PYQs (2026-2019) combo | Chapterwise and Topicwise Solved Papers For JEE Main & Advanced 2027 Exams,Size,2026-08-14 17:50:00,vikasb2b,GP_KIT_13,2,,PW,BKP2606022911,Default Vendor,PRIME260800029205,,COCOBLUE RETAIL LIMITED,55633,PWH
PWH20458,ERP-B2B-SALE-2026-23705,2026-08-14 16:15:00,2026-08-14 17:18:00,Third Party,BKP2606022911,PW JEE Advanced 49 Years (2026-1978) with JEE Main 162 Sets PYQs (2026-2019) combo | Chapterwise and Topicwise Solved Papers For JEE Main & Advanced 2027 Exams,Size,2026-08-14 17:50:00,vikasb2b,GP_KIT_13,2,,PW,BKP2606022911,Default Vendor,PRIME260800029204,,COCOBLUE RETAIL LIMITED,55633,PWH
PWH20458,ERP-B2B-SALE-2026-23705,2026-08-14 16:15:00,2026-08-14 17:18:00,Third Party,BKP2606022911,PW JEE Advanced 49 Years (2026-1978) with JEE Main 162 Sets PYQs (2026-2019) combo | Chapterwise and Topicwise Solved Papers For JEE Main & Advanced 2027 Exams,Size,2026-08-14 17:50:00,vikasb2b,GP_KIT_13,2,,PW,BKP2606022911,Default Vendor,PRIME260800029203,,COCOBLUE RETAIL LIMITED,55633,PWH
PWH20458,ERP-B2B-SALE-2026-23705,2026-08-14 16:15:00,2026-08-14 17:18:00,Third Party,BKP2606022911,PW JEE Advanced 49 Years (2026-1978) with JEE Main 162 Sets PYQs (2026-2019) combo | Chapterwise and Topicwise Solved Papers For JEE Main & Advanced 2027 Exams,Size,2026-08-14 17:50:00,vikasb2b,GP_KIT_13,2,,PW,BKP2606022911,Default Vendor,PRIME260800029202,,COCOBLUE RETAIL LIMITED,55633,PWH
PWH20458,ERP-B2B-SALE-2026-23705,2026-08-14 16:15:00,2026-08-14 17:18:00,Third Party,BKP2606022911,PW JEE Advanced 49 Years (2026-1978) with JEE Main 162 Sets PYQs (2026-2019) combo | Chapterwise and Topicwise Solved Papers For JEE Main & Advanced 2027 Exams,Size,2026-08-14 17:50:00,vikasb2b,GP_KIT_13,2,,PW,BKP2606022911,Default Vendor,PRIME260800029201,,COCOBLUE RETAIL LIMITED,55633,PWH
PWH20458,ERP-B2B-SALE-2026-23705,2026-08-14 16:15:00,2026-08-14 17:18:00,Third Party,BKP2606022911,PW JEE Advanced 49 Years (2026-1978) with JEE Main 162 Sets PYQs (2026-2019) combo | Chapterwise and Topicwise Solved Papers For JEE Main & Advanced 2027 Exams,Size,2026-08-14 17:50:00,vikasb2b,GP_KIT_13,2,,PW,BKP2606022911,Default Vendor,PRIME260800029200,,COCOBLUE RETAIL LIMITED,55633,PWH
PWH20458,ERP-B2B-SALE-2026-23705,2026-08-14 16:15:00,2026-08-14 17:18:00,Third Party,BKP2606022911,PW JEE Advanced 49 Years (2026-1978) with JEE Main 162 Sets PYQs (2026-2019) combo | Chapterwise and Topicwise Solved Papers For JEE Main & Advanced 2027 Exams,Size,2026-08-14 17:50:00,vikasb2b,GP_KIT_13,2,,PW,BKP2606022911,Default Vendor,PRIME260800029199,,COCOBLUE RETAIL LIMITED,55633,PWH
PWH20458,ERP-B2B-SALE-2026-23705,2026-08-14 16:15:00,2026-08-14 17:18:00,Third Party,BKP2606022911,PW JEE Advanced 49 Years (2026-1978) with JEE Main 162 Sets PYQs (2026-2019) combo | Chapterwise and Topicwise Solved Papers For JEE Main & Advanced 2027 Exams,Size,2026-08-14 17:50:00,vikasb2b,GP_KIT_13,2,,PW,BKP2606022911,Default Vendor,PRIME260800029198,,COCOBLUE RETAIL LIMITED,55633,PWH
PWH20458,ERP-B2B-SALE-2026-23705,2026-08-14 16:15:00,2026-08-14 17:18:00,Third Party,BKP2606022911,PW JEE Advanced 49 Years (2026-1978) with JEE Main 162 Sets PYQs (2026-2019) combo | Chapterwise and Topicwise Solved Papers For JEE Main & Advanced 2027 Exams,Size,2026-08-14 17:50:00,vikasb2b,GP_KIT_13,2,,PW,BKP2606022911,Default Vendor,PRIME260800029197,,COCOBLUE RETAIL LIMITED,55633,PWH
PWH20458,ERP-B2B-SALE-2026-23705,2026-08-14 16:15:00,2026-08-14 17:18:00,Third Party,BKP2606022911,PW JEE Advanced 49 Years (2026-1978) with JEE Main 162 Sets PYQs (2026-2019) combo | Chapterwise and Topicwise Solved Papers For JEE Main & Advanced 2027 Exams,Size,2026-08-14 17:50:00,vikasb2b,GP_KIT_13,2,,PW,BKP2606022911,Default Vendor,PRIME260800029196,,COCOBLUE RETAIL LIMITED,55633,PWH
PWH20458,ERP-B2B-SALE-2026-23705,2026-08-14 16:15:00,2026-08-14 17:18:00,Third Party,BKP2606022911,PW JEE Advanced 49 Years (2026-1978) with JEE Main 162 Sets PYQs (2026-2019) combo | Chapterwise and Topicwise Solved Papers For JEE Main & Advanced 2027 Exams,Size,2026-08-14 17:50:00,vikasb2b,GP_KIT_13,2,,PW,BKP2606022911,Default Vendor,PRIME260800029195,,COCOBLUE RETAIL LIMITED,55633,PWH
PWH20458,ERP-B2B-SALE-2026-23705,2026-08-14 16:15:00,2026-08-14 17:18:00,Third Party,BKP2606022911,PW JEE Advanced 49 Years (2026-1978) with JEE Main 162 Sets PYQs (2026-2019) combo | Chapterwise and Topicwise Solved Papers For JEE Main & Advanced 2027 Exams,Size,2026-08-14 17:50:00,vikasb2b,GP_KIT_13,2,,PW,BKP2606022911,Default Vendor,PRIME260800029194,,COCOBLUE RETAIL LIMITED,55633,PWH
PWH20458,ERP-B2B-SALE-2026-23705,2026-08-14 16:15:00,2026-08-14 17:18:00,Third Party,BKP2606022911,PW JEE Advanced 49 Years (2026-1978) with JEE Main 162 Sets PYQs (2026-2019) combo | Chapterwise and Topicwise Solved Papers For JEE Main & Advanced 2027 Exams,Size,2026-08-14 17:50:00,vikasb2b,GP_KIT_13,2,,PW,BKP2606022911,Default Vendor,PRIME260800029193,,COCOBLUE RETAIL LIMITED,55633,PWH
PWH20458,ERP-B2B-SALE-2026-23705,2026-08-14 16:15:00,2026-08-14 17:18:00,Third Party,BKP2606022911,PW JEE Advanced 49 Years (2026-1978) with JEE Main 162 Sets PYQs (2026-2019) combo | Chapterwise and Topicwise Solved Papers For JEE Main & Advanced 2027 Exams,Size,2026-08-14 17:50:00,vikasb2b,GP_KIT_13,2,,PW,BKP2606022911,Default Vendor,PRIME260800029192,,COCOBLUE RETAIL LIMITED,55633,PWH
PWH20458,ERP-B2B-SALE-2026-23705,2026-08-14 16:15:00,2026-08-14 17:18:00,Third Party,BKP2606022911,PW JEE Advanced 49 Years (2026-1978) with JEE Main 162 Sets PYQs (2026-2019) combo | Chapterwise and Topicwise Solved Papers For JEE Main & Advanced 2027 Exams,Size,2026-08-14 17:50:00,vikasb2b,GP_KIT_13,2,,PW,BKP2606022911,Default Vendor,PRIME260800029191,,COCOBLUE RETAIL LIMITED,55633,PWH
PWH20122,ERP-B2B-SALE-2026-23362,2026-08-10 13:28:00,2026-08-13 11:13:00,Third Party,STT2509005076,172 Pages Children Notebook |4 line with Gap English Interleaf Set of 6 - Earth,Size,2026-08-13 11:27:00,Kamal,GP_B2B,10,,PW,STT2509005076,Default Vendor,PRIME260800025766,Princeob,Zepto Private Limited,55108,PWH
